agcCnt_01,jamInd_01,noisePerMS_01,hMSL,velN,velE,velD,hAcc,vAcc,sAcc,pDOP,avg_snr_L1,pseudorange_std_dev,label
5616,8.050959637,97.01950126,11.13102265,0.003507344,0.00381772,-0.003192028,0.154864291,0.293273229,0.050987884,0.010101651,-4929.308123,6792636.94,0
5616,10.98581498,97.01288559,11.17157676,-0.001222179,0.002993413,0.009794534,0.160923145,0.310381402,0.064815232,0.010202316,-2196.120832,6724078.891,0
5616,11.06644863,97.000831,11.06267929,-0.002106806,0.004003803,0.015186301,0.154885245,0.293248718,0.065936763,0.010101076,-4335.234914,6796961.634,0
5616,9.156252945,96.99098436,11.02309809,0.002487461,0.00109977,-0.002149581,0.153933247,0.292918669,0.048262204,0.010095809,851.9522306,6726068.672,0
5616,9.975977389,97.00973036,11.14645429,0.00414372,0.004711462,0.008332083,0.154973914,0.294246181,0.053468791,0.010099665,8815.910136,6796559.271,0
5616,7.975979073,97.00548357,11.06662466,0.001655136,-0.002874912,0.004422579,0.155101976,0.294270357,0.046209287,0.010097507,-5607.759946,6724474.476,0
5616,9.162016951,97.01247531,11.01200353,-0.00587449,-0.002570886,0.018475122,0.153960879,0.292559523,0.068037318,0.010099563,7377.148677,6794358.871,0
5616,8.078733805,97.00885168,11.13060705,0.003600437,0.003867034,-0.002778964,0.154806851,0.293470975,0.051549556,0.010102114,-5685.440914,6793421.738,0
5616,13.95183499,97.01462645,11.11493069,0.001279585,-0.008103073,-0.008332719,0.161138874,0.312468581,0.053885234,0.010200658,-6168.891651,6723099.46,0
5616,8.055663127,96.99254102,11.0287458,-0.000121659,-0.006866307,0.009935866,0.153898032,0.292502369,0.0523782,0.010102477,6041.290044,6724513.923,0
5616,7.952456363,97.01835906,11.01129204,-0.00702418,-0.000995223,0.004724283,0.153992847,0.292101394,0.050894322,0.010100737,595153.9426,6795505.76,0
5616,5.95221916,97.00275373,11.04076626,-0.007657637,-0.001296708,0.003332409,0.155054394,0.2940112,0.050158124,0.010097199,6281.990641,6724567.493,0
5616,6.024823753,97.02892061,11.04074746,-0.008332386,-0.001207928,0.00300398,0.155024315,0.294303723,0.049958339,0.010094562,-9600.338848,6724559.792,0
5616,9.803709907,96.99039555,11.01124737,-0.00736078,0.002041941,0.016892293,0.154133285,0.29225475,0.06697951,0.010100321,-3372.198897,6793731.534,0
5616,11.82303466,97.0241922,11.15342923,-0.001150704,-1.67E-05,-0.001965284,0.161058349,0.310892451,0.048861553,0.010199538,6074.053084,6724965.347,0
5616,6.942312961,97.00275806,11.11943235,-0.003731858,0.003877749,-0.002231907,0.154895082,0.294140871,0.041493369,0.010097892,347.488429,6794944.624,0
5616,5.896090123,96.99092191,11.14622533,0.004607657,-0.006101502,-0.006953771,0.155265376,0.292987787,0.049731121,0.010096331,-7825.53348,6794396.652,0
5616,10.03223973,96.99325662,11.00813142,-0.007731352,0.002146958,0.017925417,0.154023672,0.291702848,0.066728441,0.010098415,3401.284736,6793783.581,0
5616,7.906842643,96.99553568,11.09586091,-0.010116504,0.002890717,0.005070386,0.153982052,0.293449055,0.053778101,0.01009958,-5196.091515,6722575.77,0
5616,6.855106838,97.00591113,11.01137066,0.002142477,0.006981404,0.007180421,0.154117418,0.292019208,0.05035873,0.010101437,13193.7197,6797489.636,0
5616,12.15036602,97.00728618,11.15117552,-0.000690054,0.000458065,-0.002026241,0.161030386,0.31171291,0.048125004,0.010200407,11364.13534,6724277.116,0
5616,9.976836822,96.99200498,11.11081234,-0.006119603,0.008699467,-0.00833312,0.154048631,0.29243436,0.049792631,0.010103469,4469.61418,6722074.356,0
5616,10.00692795,96.9996606,11.01798487,-0.007106243,0.001609084,0.016915748,0.154303579,0.291806252,0.066335259,0.010097766,10016.61872,6796470.078,0
5616,8.853830114,96.02985444,11.15516694,-0.009702026,-0.004834588,0.001275231,0.154966487,0.294011358,0.047651232,0.010101901,517.2609527,6796245.708,0
5616,9.944149878,97.02407485,11.05415695,-0.006482827,0.000856741,0.012031866,0.154961293,0.293395786,0.062848614,0.010100102,5652.198498,6795182.044,0
5616,10.01137994,97.00608056,11.12853843,-0.001100328,0.007932821,0.013440578,0.155014201,0.293139008,0.060949744,0.010101499,10872.48941,6797599.882,0
5616,9.881915555,97.00052961,11.11527304,-0.005950827,0.008835101,-0.008467638,0.154130524,0.293108038,0.049581071,0.010099058,1841.631478,6725347.864,0
5616,11.03854417,97.00167274,11.08162842,-0.000883997,-0.004054843,0.002800496,0.161816485,0.311607734,0.054021977,0.010202312,-1827.208353,6720642.315,0
5616,8.938378382,97.00854992,11.01261402,-0.006131648,-0.001662555,0.018583694,0.153760571,0.291597407,0.067403813,0.010100637,-12449.62452,6795838.176,0
5616,9.970074121,96.98574647,11.08556018,0.005008894,0.003169326,0.013006575,0.154928482,0.294112225,0.059030417,0.010098534,-566.5592161,6795320.268,0
5616,7.93826882,96.99641323,11.04536377,-0.005642565,-0.001817988,-0.000560157,0.154800968,0.292525318,0.045847785,0.010099974,6076.914176,6723706.546,0
5616,14.19003168,96.9767468,11.11014884,0.000830019,-0.00829896,-0.007431594,0.16094825,0.311814917,0.054551002,0.010199483,6972.977958,6724218.924,0
5616,6.998615273,97.00556353,11.01639508,0.00211711,0.006756996,0.007331254,0.154061211,0.292174309,0.050517766,0.010101055,3738.813221,6792197.585,0
5616,8.891485747,96.00901925,11.16048034,-0.010253659,-0.005599318,0.002243993,0.154891496,0.29365817,0.04828811,0.010097455,-3924.45902,6796366.796,0
5616,11.08438775,96.99326637,11.01710497,-0.001984768,0.003829143,0.001324336,0.153826195,0.292558632,0.042880179,0.010099937,-14444.33558,6793525.841,0
5616,6.874749392,97.02193491,11.21908204,-0.006884603,-0.004798044,0.00408501,0.155008446,0.293425906,0.051728351,0.010100853,-3586.806672,6792726.024,0
5616,11.02142804,96.98291786,11.04114924,-0.005088457,0.007109125,0.00099018,0.155105069,0.292453177,0.038430258,0.010100071,-2187.799065,6794834.454,0
5616,10.79895061,96.97959263,11.09350943,0.005044019,0.004953239,-0.004311186,0.160793531,0.311675553,0.053485095,0.010202906,-2250.392783,6723950.497,0
5616,9.863736761,97.00312794,11.1459251,-0.006248608,0.006995293,0.016735867,0.155099915,0.292204594,0.062969264,0.01010167,4576.001123,6794947.56,0
5616,12.02019668,97.01459225,11.05381902,-5.34E-05,-0.000145421,-0.007826367,0.155099558,0.292727674,0.05482691,0.010099984,14594.64273,6793690.757,0
5616,11.07576186,97.02346703,11.07596544,-0.000842423,-0.003956776,0.003226166,0.162116219,0.312266688,0.053925771,0.010200467,948.205932,6722262.023,0
5616,8.01758127,96.99360504,11.02580136,-0.001959465,-0.002838326,-0.002766856,0.154148426,0.291855973,0.045932775,0.010100638,-1546.052058,6722692.561,0
5616,8.988135239,97.01503238,11.02246514,0.001848539,0.000658893,-0.002077211,0.154268233,0.293160348,0.047471025,0.01010087,-1856.945034,6724326.017,0
5616,7.969108722,95.99946335,11.18944619,-0.0059421,-0.002936746,-0.009368333,0.154956624,0.293470257,0.054347021,0.010096062,954.0143357,6796440.574,0
5616,10.84831327,96.99759428,11.18959143,-0.004815465,-0.000803167,0.001375237,0.161013347,0.31127768,0.051349679,0.01029935,596300.5826,6723319.903,0
5616,8.926148672,96.01231459,11.16228309,-0.01052936,-0.005087626,0.002485362,0.154949273,0.293806833,0.048289478,0.010096798,923.3114146,6796133.546,0
5616,9.952741462,97.0090907,11.13200061,0.00029931,-0.002852085,-0.004940058,0.161000241,0.312004235,0.050769166,0.010202758,3346.592902,6725842.396,0
5616,11.10845386,96.97803157,11.17197276,-0.001086832,0.003594162,0.009990015,0.161186723,0.310967681,0.06474074,0.010199869,1579.404524,6722263.312,0
5616,11.035253,97.0205769,11.12203972,-0.001890125,0.001977974,-0.005491626,0.16083616,0.311557526,0.051525609,0.010199583,3395.985605,6722885.464,0
5616,7.819123561,97.0192328,11.0944545,-0.009690833,0.003083025,0.004915406,0.153895113,0.292598749,0.053030769,0.010101935,3221.066583,6728805.919,0
5616,6.033248905,96.99128223,11.13741641,-0.01235421,0.004844199,0.001330377,0.155167758,0.294336774,0.040603645,0.010100911,-12942.27933,6797351.839,0
5616,10.96049307,97.00551587,11.18946049,-0.0051832,-0.000961739,0.001159131,0.161124253,0.311138841,0.050568057,0.010297565,607038.0029,6720353.172,0
5616,8.930552211,97.00688475,11.06507262,0.005925488,-0.003902839,-0.014845176,0.154955766,0.294365397,0.064844566,0.010099847,-4874.638909,6725557.773,0
5616,9.062754004,97.00363272,11.0111105,-0.00620239,-0.00195887,0.017877053,0.154104077,0.292112975,0.06782055,0.010099277,-7988.17372,6795189.732,0
5616,7.105773837,96.99233101,11.04505844,0.013448016,-0.003215253,0.016448704,0.155041564,0.294049758,0.058802639,0.010096237,-8051.047535,6726303.189,0
5616,8.095543275,96.99064033,11.13060069,0.003778754,0.004043562,-0.003508224,0.155182752,0.292399382,0.051171118,0.010098511,3220.224782,6793407.373,0
5616,7.913901747,96.99964388,11.03560532,-0.00814346,-0.005691337,-0.007678555,0.155009076,0.291905918,0.054028999,0.010099604,572809.1215,6723178.464,0
5616,8.968276824,97.01634302,11.07356077,0.00405278,-0.000905295,0.014008818,0.155124935,0.294990471,0.059894288,0.010099752,-12283.91264,6723720.684,0
5616,11.03398547,97.00757555,11.01476895,-0.002310433,0.004203071,0.000937233,0.15432183,0.292679643,0.04306714,0.010096802,3546.045299,6794070.394,0
5616,11.10008458,96.99483516,11.07856695,-0.001102177,-0.004050032,0.002807913,0.162072856,0.312239047,0.053636251,0.010202484,-10507.21028,6724612.11,0
5616,7.950839844,97.01075431,11.02949197,-0.003918024,0.003158301,0.009861703,0.154006009,0.293534519,0.060038622,0.01009978,1067.531288,6722642.844,0
5616,11.9809526,96.96030302,11.21559769,-0.004085955,-0.002941048,-0.00652559,0.155088003,0.293207931,0.05105525,0.010100081,1790.443681,6793344.919,0
5616,13.88649724,97.01600907,11.11414353,0.000975885,-0.008200733,-0.008151917,0.160955504,0.31175248,0.053448597,0.010200864,6532.8564,6720017.175,0
5616,6.87727699,96.97575554,11.0486977,0.01286331,-0.002932762,0.016392294,0.155290884,0.294040757,0.059365277,0.0100983,13099.93867,6726624.494,0
5616,11.08335986,96.99494906,11.02577715,-0.006391084,-0.002209343,0.001336987,0.154021935,0.292082201,0.04667664,0.010100984,-9958.291943,6797322.712,0
5616,12.13914139,96.9843964,11.14929331,-0.000916954,-0.000133598,-0.00209284,0.160966753,0.310673192,0.049033131,0.010199208,-341.7534547,6722709.023,0
5616,9.99261223,96.98195746,11.10285759,-0.005546821,0.009039966,-0.007985773,0.153898203,0.292866241,0.050427173,0.010098066,-1982.616893,6724432.544,0
5616,8.10295594,97.01617715,11.01660675,-0.008995248,-0.005937253,0.012728477,0.154133655,0.291928397,0.064339591,0.010101237,3221.358805,6725441.748,0
5616,12.0371015,96.99348217,11.06316671,5.82E-05,-0.000251042,-0.008009317,0.155105634,0.293558724,0.054012595,0.010103218,1623.182195,6797633.864,0
5616,7.933814914,96.00482884,11.19171255,-0.005821117,-0.002777508,-0.008868956,0.154939416,0.293275943,0.053867015,0.010101564,-2541.163667,6795255.387,0
5616,11.03707684,96.99934612,11.0808273,-0.001327781,-0.003879252,0.002465768,0.162070219,0.312419601,0.054347601,0.010201991,-3188.216611,6721921.531,0
5616,9.157792536,97.00664799,11.07062018,0.006439643,-0.004148765,-0.015099544,0.154816239,0.293674014,0.065247517,0.010098877,-8139.006523,6721990.225,0
5616,8.996324482,96.00107058,11.15925965,-0.009947752,-0.005324578,0.002276208,0.155022532,0.293522543,0.047773148,0.010096553,7281.96005,6792621.896,0
5616,8.16052225,96.98212036,11.06657787,0.002421397,-0.003030589,0.004295179,0.155055151,0.294410597,0.045708388,0.010103215,3408.072226,6724981.532,0
5616,7.731231213,96.01388387,11.18719112,-0.006189292,-0.003094137,-0.008908987,0.155207974,0.294254686,0.053239742,0.010104432,6768.306673,6793363.21,0
5616,8.084321845,96.99311906,11.10707434,0.004469481,0.002023883,-0.004954326,0.154906105,0.294436548,0.055056508,0.010103328,-2231.630991,6795180.681,0
5616,8.008930462,96.97830765,11.02880337,-0.00379983,0.002923348,0.010018709,0.153844281,0.293278629,0.059969662,0.010099276,-4770.750059,6723760.212,0
5616,8.969323793,96.99403383,11.03652574,0.003142812,-0.003423766,-0.007530009,0.154890926,0.292716786,0.05841682,0.010097509,-7860.121603,6722807.783,0
5616,7.009414058,97.02091442,11.11959161,-0.003939567,0.003918022,-0.001848449,0.154837189,0.294194425,0.041131722,0.010097701,2673.369308,6792715.23,0
5616,11.79608837,97.0118486,11.21468156,-0.004064178,-0.003064515,-0.006330209,0.155162822,0.292945549,0.051489471,0.010096368,-7577.491122,6797230.808,0
5616,5.977463095,96.99514122,11.14700155,0.005310015,-0.005866237,-0.006450247,0.155188644,0.293119332,0.049744167,0.010099768,13590.88504,6796287.927,0
5616,9.036637424,96.99513278,11.07276072,0.004036245,-0.001147387,0.014061594,0.155039006,0.295432703,0.060417538,0.010103464,-9540.671622,6728000.717,0
5616,10.1516223,96.99551773,11.10577148,-0.00650796,0.009354361,-0.007961724,0.154148769,0.292728793,0.049805963,0.010099694,2048.011928,6725922.72,0
5616,15.94682885,97.02894133,11.05627532,0.002711507,-0.000403539,-0.003484535,0.155016318,0.293773156,0.050285267,0.010100652,11525.06367,6724122.468,0
5616,11.91705382,97.00532261,11.14638768,-0.006047991,-0.001723218,-0.015566653,0.160988414,0.310892488,0.064464844,0.010202968,4433.215606,6725625.92,0
5616,9.948522995,97.00599301,11.14242498,-0.005919948,0.006952647,0.01705343,0.154959432,0.292267646,0.063086261,0.010099128,1330.345786,6794597.217,0
5616,9.093914296,97.01435792,11.06951184,0.003985387,-0.000818545,0.013992294,0.154962191,0.295048049,0.059271903,0.010104391,-7055.153126,6725315.811,0
5616,12.03372772,97.00332774,11.14756721,-0.005685223,-0.001983154,-0.015771149,0.160811458,0.310343664,0.064901999,0.010204298,-10083.46391,6723196.243,0
5616,10.94565005,96.99639002,11.0636726,-0.002503836,0.004240555,0.0160383,0.15503219,0.293018464,0.066161547,0.010099717,5685.953158,6789745.235,0
5616,8.052657896,96.99726369,11.04125375,-0.007962921,-0.00608177,-0.008323362,0.154995087,0.292301104,0.053808879,0.010098754,585478.0224,6727525.642,0
5616,11.00995952,96.99900217,11.02595692,-0.00646946,-0.002231914,0.000174919,0.154090794,0.291834056,0.04661464,0.010101504,-3173.394807,6795935.463,0
5616,9.099376668,95.99948127,11.15987998,-0.009803818,-0.004700137,0.001680177,0.155011392,0.294583604,0.048310404,0.01009925,-8305.147197,6795191.687,0
5616,6.927973925,97.01014017,11.09382222,-0.003024392,-0.001023955,-0.008630769,0.154980181,0.293491774,0.052962044,0.010097505,-17971.95555,6794749.456,0
5616,5.966383998,97.00072391,11.03666477,-0.003891643,0.00104677,0.021772217,0.154893878,0.294414535,0.067820398,0.010102764,557707.8589,6725106.072,0
5616,6.959772257,97.01020999,11.12304318,-0.004223082,0.004260651,-0.002052162,0.155008789,0.294234934,0.04101537,0.010102624,-789.8815722,6793746.3,0
5616,7.849852897,96.99887514,11.02677811,-0.003669602,0.002782159,0.009843246,0.154089926,0.292402854,0.06096728,0.010100335,11761.99178,6725840.132,0
5616,11.03038001,97.00109585,11.07296359,0.012269006,0.003125706,-0.005597078,0.154860727,0.293943303,0.056423171,0.010097276,4975.727804,6792610.841,0
5616,8.026782571,95.97215329,11.20486092,-0.00284931,0.004875476,-0.012508324,0.155010655,0.292977818,0.055426498,0.010097348,2278.299219,6794834.127,0
5616,9.000524607,97.01276984,11.01944961,0.001966555,0.0009721,-0.002347506,0.154028388,0.292694653,0.048159783,0.010100231,-2889.511694,6725724.34,0
5616,7.975932888,97.00482863,11.0683953,0.002149738,-0.002984742,0.005030847,0.154912531,0.293510361,0.046061076,0.010098922,-4230.911751,6724497.988,0
5616,7.854792179,97.01390816,11.02810237,-0.004182542,0.002683309,0.010466189,0.153928392,0.292923438,0.059120981,0.010099264,10344.10995,6725403.143,0
5616,7.956844529,96.9596381,11.01335822,-0.006779068,-0.001164409,0.00422734,0.154028091,0.291955665,0.050750911,0.010102205,589868.6607,6793375.138,0
5616,10.96483972,97.02910336,11.07545307,-0.000574052,-0.003714794,0.003112529,0.161861935,0.312035719,0.053823698,0.010201582,-15365.93611,6721444.396,0
5616,10.91769158,96.99805469,11.12629599,-0.001723534,0.002187071,-0.005964601,0.161042625,0.311896373,0.051312183,0.010202973,-4893.119913,6723638.271,0
5616,5.983453136,97.01544351,11.14351665,0.004811594,-0.006013223,-0.005818632,0.154890935,0.29322035,0.049575394,0.010097863,-6246.416571,6795913.67,0
5616,9.041452987,96.98550799,11.01681079,-0.005906671,-0.001948678,0.018091379,0.154129469,0.291865112,0.067273316,0.01009926,-3960.624768,6791854.354,0
5616,8.19351039,97.00853955,11.02436241,-0.00233393,-0.003062113,-0.002466734,0.154284777,0.29132667,0.045985941,0.010101637,4167.539811,6725636.032,0
5616,8.017910547,95.98531972,11.16386962,-0.007852191,-0.004713631,0.008020881,0.154895149,0.293948025,0.05830037,0.010100967,-744.9683358,6793613.595,0
5616,8.026422993,96.99130722,11.0360376,-0.00788364,-0.006042294,-0.008486544,0.155065073,0.291176164,0.054406028,0.010103306,573876.9504,6724328.779,0
5616,7.992362334,96.02667373,11.19076652,-0.006482846,-0.002951059,-0.008963257,0.154911474,0.294123105,0.054152167,0.010100907,9668.221453,6792146.402,0
5616,11.80314657,96.99734267,11.14940649,-0.001300009,0.000241922,-0.002217807,0.161126801,0.310659223,0.048646571,0.010203987,-5061.199176,6721776.14,0
5616,9.997279849,97.00303012,11.01352324,-0.007073115,0.0018359,0.018150726,0.153845876,0.292056846,0.066291208,0.010101165,13704.25581,6796831.077,0
5616,11.00617923,97.01212517,11.02511984,-0.006077692,-0.001670946,0.000981922,0.154058541,0.292457272,0.04635548,0.010102291,-4876.955021,6795120.676,0
5616,11.2527126,97.00690777,11.01106496,-0.002312325,0.003676926,0.000363666,0.153893659,0.291669854,0.042534465,0.010099302,696.4430425,6794406.791,0
5616,10.98026502,97.00209622,11.0801696,-0.000899553,-0.003655989,0.002939196,0.161974787,0.312369296,0.053673916,0.010200031,-2017.869121,6722954.915,0
5616,11.03093679,97.00508606,11.07649698,-0.000935062,-0.00407867,0.003235348,0.161874408,0.311849189,0.053941395,0.010201965,947.3992987,6724032.131,0
5616,10.9964388,97.03349374,11.07733051,-0.001050166,-0.004051233,0.003758288,0.162100173,0.312610078,0.053627947,0.01020348,3301.107273,6723945.489,0
5616,7.880101244,95.99919703,11.15908791,-0.008195169,-0.005398973,0.007732888,0.154898045,0.293872934,0.058124356,0.010101573,3221.790665,6794446.227,0
5616,12.11724618,97.00280249,11.14149586,-0.004729191,0.004903995,0.00128292,0.155067236,0.292707525,0.042914789,0.010099821,-5476.203142,6796625.26,0
5616,11.07714343,97.0146418,11.06444055,-0.001572521,0.003780501,0.016370151,0.154958085,0.293239146,0.066003869,0.010102971,-8186.596009,6796712.132,0
5616,9.081154726,97.01540649,11.03106567,0.001875129,0.000871728,-0.002625621,0.153986056,0.292848354,0.048418309,0.010095271,18387.19335,6725460.769,0
5616,7.906702769,96.01654232,11.16429782,-0.008158081,-0.005028986,0.007802355,0.155017999,0.293707192,0.057567024,0.010096932,-3504.429145,6794676.785,0
5616,7.143917561,97.00890127,11.11894359,-0.004873155,0.006202186,0.011883259,0.1539072,0.292833721,0.060153605,0.01010147,5166.638564,6726149.358,0
5616,10.85617921,96.98407121,11.01323009,-0.002092455,0.004043824,0.000968445,0.154025625,0.291984478,0.042994874,0.01010003,-11738.8065,6795646.462,0
5616,9.060207716,97.02276332,11.06706579,0.005964003,-0.003935051,-0.014687704,0.155186414,0.294467052,0.064877658,0.010101306,-2006.257378,6726755.838,0
5616,7.224726482,96.98402466,11.05060231,0.013191002,-0.00323126,0.01669021,0.154905218,0.293326975,0.059324762,0.010100139,-889.2753389,6726433.209,0
5616,9.898377424,97.00421749,11.01054183,-0.007493056,0.001814077,0.016875959,0.154142741,0.292008032,0.067322472,0.010101232,3507.526627,6793301.929,0
5616,6.941901541,96.98948849,11.12226344,-0.004659573,0.006379703,0.011993533,0.154182487,0.293217454,0.059652773,0.010098243,-19908.96675,6723048.989,0
5616,9.010223581,95.99910618,11.16109509,-0.009981232,-0.005155198,0.002067791,0.154900582,0.294067316,0.047933173,0.010101231,1259.99671,6793357.961,0
5616,7.948346677,97.0045816,11.0681033,0.001893739,-0.002650381,0.005044331,0.154822756,0.294455807,0.046103164,0.010102145,-8383.049096,6726587.342,0
5616,9.84091203,97.0044784,11.01528414,-0.007023043,0.001948691,0.017197577,0.154036783,0.291974129,0.066899846,0.010102633,2419.472326,6792309.447,0
5616,6.007034115,97.00587984,11.04305745,-0.008009702,-0.000999517,0.003382388,0.154933319,0.29393578,0.050214619,0.010104344,-7552.262449,6725499.506,0
5616,10.89101456,97.0224885,11.19397057,-0.005447051,-0.00077405,0.001177923,0.161227619,0.311206119,0.051103157,0.010300527,596101.3291,6723972.254,0
5616,9.048587499,97.0063204,11.03473321,0.00338604,-0.002731509,-0.007794457,0.15500424,0.292034559,0.058672288,0.010100591,-1962.987974,6726757.387,0
5616,7.905673061,96.99659746,11.06496314,0.002010672,-0.003023392,0.004283012,0.154902282,0.293864145,0.045438606,0.010096714,-7669.167585,6725172.04,0
5616,8.159013176,97.01343541,11.10632013,0.004114397,0.001918044,-0.004977239,0.154860262,0.294179608,0.054955084,0.010098854,-3441.843323,6792445.088,0
5616,7.919643313,97.01657633,11.1082983,0.00424572,0.001988195,-0.00478271,0.155132764,0.293772933,0.05466671,0.010099583,-8702.527041,6793127.759,0
5616,9.966958586,96.98289219,11.09153651,0.004736303,0.003071341,0.013330321,0.154930423,0.293787322,0.059221621,0.010102266,-13391.66482,6792782.59,0
5616,11.08346157,97.0083253,11.09137111,0.005122265,0.00518815,-0.00431374,0.161005339,0.311816268,0.053406729,0.010198682,7502.97499,6722223.756,0
5616,8.873721337,97.00977147,11.06170215,-0.005069113,-0.004999107,-0.001298645,0.155116429,0.295470842,0.045127047,0.010101718,-9455.634648,6724579.839,0
5616,10.02333591,96.99585319,11.14648252,-0.005781337,0.007130644,0.015739845,0.154941011,0.291879149,0.062768862,0.010099997,-1266.5338,6792583.331,0
5616,8.134104334,97.0191717,11.13314903,0.003450682,0.004345851,-0.002756923,0.154994405,0.293137661,0.050730668,0.010099618,5560.570081,6797347.811,0
5616,13.83508269,96.99790884,11.11350765,0.000974411,-0.007919507,-0.007531495,0.160997982,0.312011926,0.053469342,0.010200537,-4463.678799,6720841.904,0
5616,12.01894223,97.00175002,11.14971445,-0.005155667,0.005065789,0.001815359,0.155083237,0.29241509,0.042829384,0.010099156,-6004.209434,6797075.468,0
5616,12.02666228,96.99758809,11.05834632,0.000111624,-0.000320636,-0.007588555,0.15507196,0.293107779,0.054397857,0.010099074,1700.639198,6797119.32,0
5616,9.080209935,97.00021711,11.07136327,0.00612138,-0.004555336,-0.014944045,0.154973187,0.294165552,0.064990759,0.010096322,8235.630514,6726466.842,0
5616,6.873096912,96.98472243,11.04431154,0.012817269,-0.002918016,0.01694368,0.155007753,0.294205183,0.059230269,0.010099465,-8526.397752,6723599.532,0
5616,7.864529751,96.97993161,11.06357363,0.001816094,-0.003020017,0.004904211,0.154954713,0.293077216,0.046610685,0.010098965,-1057.550077,6725460.351,0
5616,8.053547806,97.02222085,11.0426976,-0.005028577,-0.002108668,0.000338328,0.154820008,0.293475477,0.046096761,0.010098887,-12654.07085,6722507.729,0
5616,7.030468693,96.98819684,11.0871877,-0.003231541,-0.000948592,-0.007852464,0.155031379,0.293743282,0.052795,0.010100899,-2838.881641,6796479.339,0
5616,10.02569894,96.98618406,11.08648499,0.005217427,0.002987249,0.014031295,0.155230493,0.294238912,0.059171415,0.010101421,293.3511756,6794753.148,0
5616,8.03554333,95.96999059,11.21286584,-0.003095341,0.00523807,-0.012386187,0.154892352,0.293257879,0.054800321,0.010100501,-6220.609347,6793775.25,0
5616,9.930233892,96.9910955,11.13206117,-0.000750677,-0.002981822,-0.003765221,0.160905835,0.311694927,0.050814949,0.010202147,-3306.229208,6721077.629,0
5616,8.023827717,96.98156157,11.01667564,-0.007096791,-0.001157672,0.003760191,0.153893935,0.292229827,0.050442417,0.010101242,578077.3952,6790732.034,0
5616,10.03006733,97.02288294,11.01030944,-0.007268185,0.00220902,0.016606081,0.154088264,0.291865856,0.067339804,0.010099363,607.3810367,6793265.849,0
5616,5.926712197,97.0140727,11.1331949,-0.012421247,0.004954165,0.000995076,0.155054631,0.293279201,0.040858392,0.010099001,7779.656171,6796762.198,0
5616,8.191416314,96.99041001,11.10690119,0.003680457,0.00211115,-0.004937758,0.154980688,0.294406351,0.055066804,0.010100675,-7997.293771,6794117.513,0
5616,9.048612172,96.0313897,11.15806953,-0.009971747,-0.005100779,0.003322376,0.154888174,0.2937303,0.04761995,0.010101238,-4520.796783,6794303.963,0
5616,5.877780019,97.01368178,11.15075347,0.005343097,-0.006137176,-0.006083446,0.155011253,0.292702653,0.05015993,0.010103016,3725.89868,6795872.774,0
5616,7.067358125,96.99547319,11.01663327,0.002080874,0.007017768,0.006487857,0.15380941,0.291859741,0.049720477,0.01010257,8925.364496,6798374.786,0
5616,10.90000401,96.96516856,11.03674495,-0.005156618,0.007002708,0.000123715,0.155017471,0.293094733,0.038948013,0.010098832,-10900.22204,6797393.361,0
5616,8.080749755,97.03192632,11.10872192,0.004117729,0.002101289,-0.005940127,0.155106163,0.293980071,0.055322037,0.01009978,-1193.83509,6793104.675,0
5616,7.118864361,96.98063507,11.12045911,-0.005118552,0.00594329,0.01195833,0.153847588,0.293190717,0.060290096,0.010101448,2117.39395,6721525.543,0
5616,7.915803339,96.9770699,11.11133908,0.003820632,0.001612352,-0.004992738,0.15481332,0.293533884,0.054991918,0.010102304,-704.8179259,6799030.428,0
5616,6.098836117,97.01425043,11.13962883,-0.012298093,0.004908643,0.001360075,0.155192395,0.293741664,0.040351349,0.010102026,-18108.08905,6798818.447,0
5616,8.042348635,96.03400012,11.18602716,-0.006452378,-0.002832428,-0.008558801,0.15492548,0.293959635,0.055097933,0.010099862,3714.690094,6794863.845,0
5616,8.084338019,97.01929107,11.02462529,-0.004100691,0.002937225,0.009771806,0.154138373,0.293660428,0.060640481,0.010097295,11177.27538,6722484.05,0
5616,8.194598608,97.00785858,11.09031701,-0.009959186,0.002947989,0.004931749,0.153981241,0.292960395,0.053265118,0.010097845,897.3101196,6726657.594,0
5616,6.974824777,97.00828843,11.11831464,-0.005024951,0.00620822,0.011652831,0.153980272,0.293377636,0.059723682,0.010100588,-7513.960952,6724788.291,0
5616,8.922671578,97.01189311,11.06736579,-0.005107416,-0.005150295,-0.001511184,0.155053404,0.295013416,0.044958328,0.010100738,-3718.012724,6724704.19,0
5616,10.90874161,97.01057635,11.02789154,-0.006244222,-0.002325679,0.001140429,0.153892318,0.291831696,0.046800642,0.01009763,13013.47478,6796652.993,0
5616,9.916303178,97.00391865,11.13177757,0.000157068,-0.003033909,-0.004577128,0.16101614,0.311914145,0.051463654,0.010200096,6711.46468,6723848.69,0
5616,7.992089867,97.00145214,11.02606328,-0.004340125,0.002897793,0.009812111,0.15395353,0.292941393,0.060096301,0.010101362,4733.274101,6722634.638,0
5616,8.034999971,96.99912771,11.13344444,0.004200395,0.003796029,-0.003450965,0.154839147,0.293210057,0.050712324,0.010097516,2654.986471,6794154.749,0
5616,11.02838667,96.98949283,11.03755417,-0.005258804,0.006962978,0.00024909,0.15504111,0.293478338,0.0388273,0.010102384,-4802.542848,6796212.724,0
5616,7.084863615,96.99608854,11.0551195,0.012805697,-0.002896245,0.017816322,0.154967926,0.294125162,0.059411316,0.010099186,-1426.978874,6725740.836,0
5616,9.001333909,96.97640714,11.01929175,0.00162123,0.000998039,-0.002589817,0.153980872,0.29341308,0.048587007,0.010102713,-528.2988897,6725191.589,0
5616,9.149123131,96.99862955,11.02454104,0.001870522,0.001064802,-0.002839699,0.153852587,0.292664272,0.048560679,0.010098849,4070.29891,6726385.662,0
5616,10.97284793,96.9862231,11.0309264,-0.005748143,-0.001617197,0.000943407,0.154193852,0.291855717,0.047277722,0.010097785,11100.78494,6794418.929,0
5616,10.27907164,96.9846205,11.14601991,-0.005866848,0.00692762,0.016007113,0.155106795,0.292747957,0.062907323,0.010099012,8238.640472,6794973.785,0
5616,11.0641894,97.00250699,11.07744344,-0.00074734,-0.003941242,0.003099086,0.162117446,0.312109421,0.052810828,0.010199795,-10359.00081,6717158.737,0
5616,10.91206122,97.01939879,11.02995317,0.000134834,0.001892507,0.013797749,0.154962793,0.292875089,0.066109015,0.010099162,1683.970581,6723961.847,0
5616,10.8901334,97.01279756,11.1914717,-0.005285003,-0.001178663,0.00090908,0.160789364,0.311253947,0.050999329,0.010299534,607770.0678,6724686.058,0
5616,9.049498528,96.97811368,11.08102057,-0.00108542,-0.002123472,0.002166538,0.15523789,0.29367603,0.049051353,0.01010072,4577.98671,6794215.796,0
5616,7.977074173,96.98620865,11.12652226,0.003798528,0.003898936,-0.002528527,0.154992558,0.293014974,0.051019773,0.010099631,-4568.300252,6793903.122,0
5616,7.073251801,97.01311048,11.21549087,-0.006656403,-0.004924116,0.002114066,0.154908787,0.293239013,0.050513451,0.010099857,21398.34863,6792625.529,0
5616,11.0485511,96.98630816,11.16782975,-0.001309049,0.00349588,0.009832814,0.161050772,0.310281315,0.065204489,0.010196313,-9316.360023,6725093.533,0
5616,8.992528228,96.99686954,11.07621907,-0.000769219,-0.002151154,0.002096888,0.15514217,0.294738286,0.049231933,0.010100845,-7895.438844,6795885.521,0
5616,8.913124479,97.00766547,11.0697429,0.004230589,-0.001087948,0.013584017,0.154997192,0.294901469,0.060250321,0.010099808,1754.253356,6726391.023,0
5616,9.84458654,96.98650526,11.06472366,-0.005527534,0.000986675,0.011784483,0.155155746,0.292295326,0.064347258,0.010103474,15555.65012,6791890.835,0
5616,5.954190474,97.0014685,11.13031968,-0.012105794,0.005083551,0.000712063,0.155131923,0.294055014,0.041221601,0.010097973,-6085.009849,6794497.771,0
5616,8.087860939,96.98140917,11.01735354,-0.006816056,-0.000944366,0.003981288,0.153868883,0.292011638,0.050849578,0.010096099,586449.4358,6794640.024,0
5616,8.021964624,96.99161941,11.13892846,0.004589195,0.004271067,-0.002748037,0.154917924,0.292971502,0.050974013,0.010101333,7937.947057,6794233.304,0
5616,7.872195314,96.00445645,11.15800776,-0.008159495,-0.005512201,0.007732058,0.15511664,0.294344915,0.05803343,0.010100748,-88.4633694,6793484.077,0
5616,9.017767235,96.97780021,11.02455558,0.001603604,0.000496129,-0.002836778,0.15366957,0.293260096,0.04803951,0.010097825,-2409.380602,6724110.068,0
5616,10.03953105,97.00613841,11.1500613,0.003514522,0.004895322,0.007805754,0.154981794,0.294103655,0.053366203,0.0100967,4187.642426,6796141.629,0
5616,10.90932198,96.99972633,11.06624727,-0.001815955,0.004231635,0.016466493,0.154825707,0.293156645,0.066236134,0.010103317,2039.800399,6791584.261,0
5616,7.015771195,97.00769944,11.12005608,-0.004486289,0.003669498,-0.002152665,0.15494195,0.293963685,0.041762088,0.010103051,7594.597086,6797969.395,0
5616,11.00597184,97.00312044,11.02912132,-9.61E-05,0.001365101,0.013616437,0.1549636,0.293617836,0.066809459,0.010094634,9506.928804,6725622.028,0
5616,8.882738691,97.01901051,11.0784288,-0.000887072,-0.001879426,0.00241947,0.154956361,0.293485269,0.04902922,0.010099011,2292.547834,6794834.813,0
5616,9.036706653,97.00174511,11.07228428,0.006047818,-0.003948565,-0.015149891,0.154932728,0.294048596,0.063592496,0.01010359,2180.834658,6726482.015,0
5616,11.05753284,96.99401585,11.09444091,0.005109863,0.004769862,-0.00423118,0.160866354,0.312022627,0.054453741,0.010198973,1612.007439,6720598.433,0
5616,11.111114,97.00170432,11.19410791,-0.004942598,-0.001208043,0.001067726,0.161279183,0.311283006,0.050801759,0.010298942,605955.2966,6722145.337,0
5616,7.108113228,97.00757134,11.01121248,0.002330244,0.006795291,0.007349267,0.15422748,0.291706355,0.04970597,0.01009939,446.9021244,6794948.14,0
5616,11.85866009,97.00068091,11.05619895,-0.000245918,2.33E-05,-0.006920722,0.154858446,0.292393236,0.053853828,0.010097582,38.1992878,6797440.151,0
5616,9.903785258,97.00056568,11.11138351,-0.006174822,0.008867787,-0.007625136,0.154192722,0.293054571,0.049836146,0.010096322,8811.954502,6724879.743,0
5616,10.05283926,96.99021712,11.15034643,-0.006199525,0.007104295,0.016525584,0.15495134,0.293097863,0.063224615,0.010102271,11153.74777,6795456.433,0
5616,8.052711093,95.99076189,11.16304146,-0.007785618,-0.0056026,0.00777072,0.155015737,0.294518351,0.05742791,0.010096024,-11005.62827,6793531.115,0
5616,11.05284054,96.98045345,11.12208317,-0.001767489,0.001819122,-0.006464874,0.160992292,0.311557939,0.051604631,0.010200533,116.3397815,6724083.109,0
5616,12.39526516,97.02438191,11.15099792,-0.000883479,-0.000237705,-0.001971754,0.160919634,0.311401811,0.04912589,0.010201913,-5004.281413,6726273.622,0
5616,16.05856965,96.98266566,11.05933801,0.003305616,-5.41E-05,-0.002951436,0.155119845,0.294823814,0.050228531,0.010096869,-2236.542522,6726657.701,0
5616,12.11650164,96.99034375,11.0607704,-0.000304208,-0.00011358,-0.00848873,0.155015335,0.292868545,0.054235354,0.010098006,2992.489379,6794866.683,0
5616,12.09787437,96.98998836,11.06158403,0.00043053,0.000168421,-0.008079435,0.15494195,0.292550777,0.05371127,0.010102617,4948.62234,6796212.886,0
5616,9.0668285,96.01247157,11.15767599,-0.009606651,-0.005392498,0.002180952,0.154841085,0.293858381,0.047641116,0.01010115,-779.2770546,6795632.201,0
5616,8.967655429,95.99588961,11.15762342,-0.009810039,-0.004990397,0.002163313,0.154891149,0.294004873,0.047814137,0.010098668,-13979.43188,6795506.056,0
5616,8.077865299,97.0173884,11.01777866,-0.008539883,-0.005882138,0.012228519,0.153800059,0.292196187,0.064087999,0.010102594,-7029.680331,6726613.279,0
5616,9.920713166,96.99061431,11.06172101,-0.006427793,0.00139193,0.011131851,0.155001489,0.292794206,0.064544958,0.010102603,6612.684657,6796925.119,0
5616,5.975703953,97.00388803,11.04280632,-0.008135429,-0.001101699,0.002770248,0.154854231,0.294541179,0.049248883,0.01010058,-20040.70001,6724571.297,0
5616,13.95020486,96.9883587,11.11914932,0.000810121,-0.007931508,-0.008232875,0.160967651,0.311612165,0.053919024,0.010198058,8744.957738,6724340.429,0
5616,10.00839975,97.02989456,11.13127655,0.000186309,-0.003380788,-0.004543307,0.161166895,0.311394791,0.050511098,0.010199108,3862.647072,6722572.695,0
5616,12.2374689,96.98344976,11.05795055,-0.00027118,-0.000504932,-0.007191226,0.15514609,0.293385114,0.053393863,0.010100618,9688.224864,6793369.899,0
5616,10.80843075,97.00431763,11.01210359,-0.001804391,0.004178328,0.001006095,0.153996068,0.291208476,0.043354735,0.010099593,-1412.453649,6794608.264,0
5616,8.070405826,97.00883225,11.13517947,0.004353916,0.003998826,-0.003101893,0.154989392,0.292928967,0.051199799,0.010102026,-15063.93753,6794596.633,0
5616,9.834545854,97.00576666,11.08646926,0.005179523,0.003248779,0.012579116,0.155228992,0.295084892,0.059164878,0.0100967,3196.585708,6791929.664,0
5616,6.951582864,96.99741785,11.11709822,-0.004926726,0.00571008,0.013330299,0.154063435,0.292995809,0.060337885,0.010096776,9383.742473,6726510.407,0
5616,11.11171924,96.99819083,11.12686962,-0.0022551,0.002109749,-0.006486381,0.160960069,0.311609995,0.051824012,0.01020039,6819.702614,6718295.688,0
5616,11.00659471,97.00061055,11.0441575,-0.005218684,0.0073945,-0.000194333,0.154826293,0.292980027,0.038841284,0.01009894,-4813.934023,6799865.093,0
5616,10.8894304,96.9979514,11.12124158,-0.001677309,0.002088598,-0.005811563,0.161047979,0.311982322,0.052801851,0.010198647,678.7265583,6725888.317,0
5616,10.9266145,97.01343251,11.16653359,-0.000798747,0.003058385,0.010271988,0.161101022,0.311055903,0.064909544,0.010196186,-3862.153416,6722844.887,0
5616,11.0697223,97.03080561,11.03395064,-1.01E-05,0.002001806,0.014434089,0.154923057,0.293230455,0.066269688,0.010100042,-5961.546984,6724778.298,0
5616,11.92506914,96.99223086,11.14699497,-0.005107917,0.004668394,0.002819121,0.155035472,0.29263841,0.043002341,0.010099886,7044.543305,6795220.296,0
5616,8.022207242,96.98091058,11.09631545,-0.010523128,0.003286156,0.005229366,0.153955712,0.293587234,0.052321953,0.01010141,-8733.731026,6723896.729,0
5616,8.004675374,96.99876971,11.12723028,0.003723472,0.003871051,-0.003478542,0.154977583,0.293085295,0.050249914,0.010100149,-6507.28828,6795074.857,0
5616,15.93315005,97.03595055,11.06561409,0.003493589,0.000106494,-0.003116435,0.154696952,0.29425291,0.049787596,0.010099714,-8048.421857,6724631.093,0
5616,8.219954702,96.98880008,11.06245292,0.001669346,-0.00332995,0.005139495,0.154972984,0.293781416,0.046387438,0.010102539,-10878.44003,6724683.653,0
5616,11.06503596,97.02284255,11.04214014,-0.00495107,0.006751021,0.000937221,0.155118081,0.293447636,0.03928919,0.010097169,1115.579157,6795359.609,0
5616,6.792233559,97.02338025,11.0490418,0.013260154,-0.002697059,0.016366582,0.154923087,0.293910551,0.059335336,0.010101157,8554.95098,6722497.308,0
5616,6.019128998,96.99228525,11.13220626,-0.012324061,0.004926686,0.00154495,0.155006398,0.294096583,0.040637895,0.010096395,-1311.840082,6794853.499,0
5616,9.932105018,97.00792929,11.08580794,0.005047698,0.00330678,0.013081529,0.154907916,0.293675297,0.059592794,0.010098191,-10992.15541,6795175.413,0
5616,11.08745411,97.02269316,11.19400998,-0.0047578,-0.001016514,0.001379665,0.161043906,0.310653087,0.050646022,0.010297384,608526.2289,6723556.638,0
5616,9.918692533,96.99471652,11.14631013,-0.005996772,0.006611183,0.015953781,0.154973625,0.293239482,0.063078076,0.010101687,12396.55177,6794272.18,0
5616,8.988228788,95.99716293,11.16071153,-0.009259287,-0.004811688,0.00161825,0.154885589,0.293845633,0.047996202,0.010099859,-4693.533076,6796628.748,0
5616,10.05180841,96.99189376,11.01978827,-0.007430885,0.001875476,0.01734026,0.154162321,0.291702886,0.066936213,0.010099971,-3464.561809,6794483.898,0
5616,9.088820845,96.98585846,11.01941891,0.002273397,0.00114749,-0.001703443,0.154113155,0.292776185,0.048491072,0.010097612,3821.763238,6725129.893,0
5616,10.87685741,96.99095174,11.09973623,0.004955377,0.005005322,-0.00355951,0.160926315,0.312243222,0.053741325,0.010199353,11928.76469,6725487.668,0
5616,11.96568235,96.9829433,11.14830562,-0.005800666,-0.002325746,-0.016006029,0.161060637,0.310781107,0.064504888,0.010198353,-3766.792654,6723131.237,0
5616,8.951273704,97.00047498,11.07436779,-0.00088604,-0.001965318,0.001728189,0.155065463,0.293959058,0.049007335,0.010100827,-9722.144835,6795291.514,0
5616,8.932972675,96.98926974,11.073104,-0.001189324,-0.001536386,0.001293633,0.15507824,0.294005229,0.048853321,0.010097862,4670.01975,6794738.682,0
5616,10.18112411,97.00325801,11.01344614,-0.006940866,0.002104067,0.017371301,0.153793619,0.2913328,0.068239016,0.010102869,5898.464304,6797313.475,0
5616,12.04154849,96.97831721,11.15169918,-0.005479769,0.004987858,0.002192086,0.155122617,0.292488077,0.043248181,0.010096385,87.93419436,6794223.117,0
5616,10.87064152,97.00461111,11.17162646,-0.000844222,0.003227,0.009562354,0.160930604,0.311117018,0.064849831,0.01019826,-4047.541835,6725591.483,0
5616,7.094166658,97.01161597,11.21542562,-0.006923006,-0.004955529,0.002755944,0.154956412,0.292743528,0.050612558,0.010103618,7329.647654,6794293.489,0
5616,7.217719406,96.97221552,11.20675004,-0.006835078,-0.004955768,0.002788487,0.155321327,0.29336772,0.050310203,0.010099061,3912.065643,6792949.197,0
5616,14.10592421,97.00521281,11.1129646,0.00127324,-0.008230437,-0.008672017,0.161036772,0.31233643,0.053623891,0.010197163,-5588.53712,6724407.111,0
5616,10.84412254,97.01710866,11.1683322,-0.000905069,0.003049364,0.009629466,0.160952941,0.311250257,0.065042167,0.010200473,402.5146161,6722767.241,0
5616,7.950320738,96.98314258,11.04406495,-0.004961759,-0.001781422,-0.000513798,0.154731368,0.293633245,0.046523625,0.010098974,-9863.48156,6725883.027,0
5616,8.129976833,97.02330879,11.13559737,0.00377248,0.003823511,-0.003186916,0.155169291,0.292971087,0.051411499,0.010098197,5069.557532,6789878.142,0
5616,9.927397721,97.0058394,11.10876774,-0.006183918,0.009300705,-0.008334742,0.153836137,0.293225798,0.050084045,0.010097636,-1879.272719,6724971.693,0
5616,8.045532983,96.99017503,11.08637321,-0.009693547,0.002980641,0.004262719,0.153877769,0.29279664,0.052881444,0.010105972,-3150.739733,6724127.138,0
5616,7.079472409,96.99922281,11.21158265,-0.006629093,-0.005187404,0.003916541,0.154959637,0.293853377,0.051098616,0.010099457,-198.5540593,6792586.748,0
5616,5.90490297,97.00778078,11.13627905,-0.012061488,0.005210596,0.001567591,0.155172537,0.294690266,0.040809734,0.010095846,338.4190532,6793799.207,0
5616,6.993893086,97.0010592,11.21218403,-0.006988121,-0.005060541,0.002646986,0.15509419,0.293004134,0.051630394,0.010103222,6600.840353,6793457.405,0
5616,10.66746708,97.00750804,11.13161916,-0.0012336,0.00616033,-0.006876552,0.160980773,0.312134524,0.050930594,0.010201318,4374.643447,6723150.323,0
5616,8.894904499,96.98716959,11.02986327,0.003302843,-0.003061589,-0.007810825,0.155037554,0.292473009,0.057968326,0.010098346,-1103.95611,6722257.917,0
5616,10.97408815,97.00236019,11.0969921,0.005171832,0.004987371,-0.003460257,0.160926866,0.311948798,0.05318711,0.010197987,5639.424579,6723742.952,0
5616,6.871985571,96.98029863,11.21449242,-0.006498716,-0.004895812,0.002629047,0.155017012,0.292771508,0.050928303,0.010101453,2979.159657,6796907.48,0
5616,10.16747477,96.99844997,11.10479117,-0.006226811,0.009061407,-0.00750511,0.154008933,0.293304131,0.05030687,0.010099467,-3083.825683,6725462.057,0
5616,9.853276808,96.98740324,11.11093614,-0.006097614,0.008578752,-0.008248284,0.154118008,0.293027295,0.049608299,0.010095845,-871.4941718,6726401.194,0
5616,11.9548543,96.98974974,11.05752344,5.98E-05,-0.00023669,-0.008605349,0.155117814,0.293063678,0.053724593,0.010103856,-1043.589516,6796958.19,0
5616,12.01341313,97.01722606,11.14776125,-0.005833056,-0.001803805,-0.015671856,0.161060173,0.31070969,0.065290812,0.010199064,3745.596204,6725471.458,0
5616,8.147865254,97.01520838,11.01701822,-0.007055692,-0.001027893,0.00458491,0.153955862,0.291402284,0.050458278,0.010103226,585707.8361,6798464.166,0
5616,5.852689894,97.00848888,11.13357309,-0.012225426,0.004889443,0.002172716,0.155090363,0.294082173,0.041388062,0.010102758,-2818.079799,6793895.313,0
5616,9.119333026,96.98477765,11.0750211,-0.000772393,-0.002286789,0.001456342,0.154988797,0.294314909,0.048804779,0.010097841,14470.67587,6793632.301,0
5616,10.00104985,96.99559057,11.08710002,0.00518622,0.002772072,0.013316717,0.154868209,0.293921424,0.058857451,0.010102229,6929.512924,6796278.093,0
5616,6.899303604,97.0169056,11.11581585,-0.005236611,0.005573207,0.011814298,0.153950875,0.293499849,0.059587697,0.010098595,-5531.568393,6726239.962,0
5616,8.047408807,97.00197495,11.02282001,0.000350018,-0.00702138,0.010354981,0.154010296,0.291755051,0.052138689,0.010095973,4226.366118,6726033.205,0
5616,10.02042223,97.03232192,11.11198964,-0.005697818,0.008873672,-0.008666355,0.154110876,0.292632983,0.050902421,0.010099084,909.8257508,6728322.458,0
5616,11.93842166,97.00548123,11.1476356,-0.00096532,-0.000204043,-0.002572227,0.160977644,0.310976605,0.049286698,0.010200858,2912.273838,6723310.932,0
5616,9.007161239,96.00267638,11.16095139,-0.009979445,-0.005014381,0.001648411,0.154852705,0.293971259,0.047682931,0.010099002,1048.941782,6795363.012,0
5616,10.96046933,96.99569219,11.02635476,-0.005856925,-0.001923167,0.001035783,0.154006912,0.292267934,0.04741661,0.010099338,8760.976251,6793318.644,0
5616,9.01164614,97.00186101,11.07194574,-0.001222519,-0.001558135,0.001709493,0.15501382,0.293730328,0.048883824,0.010102467,2575.553722,6798707.692,0
5616,16.0679303,96.9978752,11.06101566,0.003007755,-0.000319152,-0.002701348,0.155022637,0.29447607,0.050504239,0.01010023,-412.6108437,6724288.659,0
5616,9.162714997,97.00986812,11.08049711,-0.001555814,-0.00175526,0.002465339,0.155112052,0.294684449,0.049295935,0.010098181,7680.352747,6794361.948,0
5616,9.873008191,97.0133325,11.12912652,0.000226329,-0.002794582,-0.0037283,0.161124118,0.311986379,0.049920288,0.010201514,1752.449091,6722637.334,0
5616,9.218835333,96.98904654,11.06963993,0.003596773,-0.001164463,0.014733557,0.154927618,0.295434875,0.059631646,0.010100426,932.6101347,6723776.128,0
5616,9.799728504,96.98144808,11.13335321,0.000388231,-0.002957098,-0.003811567,0.160924946,0.31163236,0.051346454,0.01019456,2344.132464,6721956.738,0
5616,5.984427838,96.97441084,11.04529426,-0.008085247,-0.001096604,0.002448561,0.154873291,0.294374156,0.050055637,0.010100924,-643.559207,6723866.055,0
5616,11.06035751,97.00707931,11.12726333,-0.001054659,0.006039198,-0.006382183,0.161085124,0.312364432,0.050624428,0.010200845,110.4698073,6720806.644,0
5616,11.02882794,96.9846236,11.09325011,0.004837899,0.005318571,-0.004274228,0.161176484,0.312300459,0.053767563,0.010200043,-4256.677883,6721783.81,0
5616,8.936115084,96.96999755,11.0371656,0.002925619,-0.002872159,-0.007587442,0.154961619,0.291994584,0.057300684,0.010101924,-5462.626084,6728155.821,0
5616,9.978648012,97.00541519,11.1330926,-0.00063369,0.008107365,0.014713141,0.154970591,0.291971979,0.06096758,0.010098549,-7274.950251,6796066.036,0
5616,9.949421315,97.03474217,11.01686672,-0.007642431,0.001909164,0.017206949,0.154178672,0.291776691,0.067811007,0.010100726,-10158.6055,6796759.545,0
5616,8.939535014,96.9999154,11.06624987,-0.004670247,-0.005313278,-0.001677987,0.155061583,0.294782193,0.045295295,0.01009662,-6404.560002,6726998.747,0
5616,11.08716364,97.01168512,11.16963288,-0.000912712,0.002955993,0.00958391,0.161053139,0.310659586,0.06580357,0.010200878,-1234.386979,6726571.025,0
5616,7.036627464,97.00114036,11.08956793,-0.003311691,-0.00074529,-0.007400596,0.154854932,0.294042538,0.053323714,0.010104213,798.3777727,6791708.911,0
5616,15.92891199,96.99862188,11.06453025,0.00272232,-0.000322379,-0.003076638,0.155082678,0.293854209,0.050376938,0.010097854,-1945.7859,6722699.889,0
5616,7.092293089,97.01280815,11.01622534,0.002432898,0.006777275,0.007036059,0.15388682,0.291713051,0.050724205,0.010098361,-17221.13381,6793734.074,0
5616,6.03152693,96.99595477,11.04710477,-0.00824416,-0.000973345,0.003343863,0.154861862,0.293631558,0.050138402,0.010098468,11581.77251,6723962.046,0
5616,8.08339436,96.00372635,11.20990493,-0.003297832,0.004792144,-0.01168446,0.154957759,0.292751015,0.054931314,0.01010028,8004.73255,6793968.659,0
5616,8.064595819,97.00448315,11.02259803,-0.001706309,-0.003167298,-0.001873661,0.153928643,0.29239026,0.046378838,0.010097707,3309.002785,6723912.703,0
5616,9.914950511,96.99068956,11.09008077,0.005087425,0.00291058,0.012905442,0.154973006,0.293769976,0.059533351,0.010100909,14021.68472,6795274.76,0
5616,6.942529073,97.01382499,11.04607704,0.012757798,-0.003288276,0.016858314,0.15482447,0.293820811,0.058823922,0.010101827,-7119.688155,6724896.143,0
5616,11.07666746,96.99756178,11.07687549,-0.000944061,-0.004205633,0.003388759,0.162116796,0.311841078,0.053735287,0.010201153,13876.34255,6721876.549,0
5616,11.06262001,96.98946802,11.09573275,0.004735118,0.005148491,-0.003749149,0.161137366,0.312117963,0.05405094,0.010196185,-7030.649298,6719311.334,0
5616,15.99785563,97.00747674,11.06884458,0.003284267,-0.00027598,-0.003116596,0.154762789,0.294158766,0.050305041,0.010102147,1791.99019,6723121.41,0
5616,8.012037025,96.98747905,11.03610782,-0.00172592,-0.003337304,-0.001509639,0.154119188,0.290940519,0.046292785,0.010102022,-9293.025814,6723730.836,0
5616,11.1310801,97.00039273,11.06677687,-0.001862619,0.003867004,0.015941528,0.154901268,0.293355509,0.065477534,0.010101791,150.3438799,6794546.777,0
5616,7.939308628,96.99987292,11.09346348,-0.009906608,0.003154513,0.004614068,0.15410439,0.293499828,0.053701286,0.010100804,2872.369496,6722935.457,0
5616,8.056128628,97.01513292,11.01856537,-0.008545205,-0.006041569,0.011656071,0.153991662,0.291634556,0.063764784,0.010100475,-1091.010409,6723762.827,0
5616,10.97925635,97.00661534,11.08059962,-0.001000081,-0.004098071,0.002556482,0.162003505,0.311661659,0.053902759,0.010202227,5274.559531,6721150.664,0
5616,10.97766733,96.99965123,11.09406088,0.004694803,0.005009364,-0.004123443,0.160977453,0.311843321,0.053668855,0.01020415,768.5251297,6722956.705,0
5616,7.11272735,97.0113963,11.12525752,-0.003883932,0.003631488,-0.001440935,0.155147652,0.293736925,0.041989901,0.010097944,-3785.454395,6792900.084,0
5616,8.084682342,97.01937378,11.02667379,0.000538683,-0.00689557,0.009635169,0.153849003,0.292077922,0.052088805,0.010102326,-4111.640348,6723143.947,0
5616,11.08346079,97.00777358,11.02645771,-0.006262043,-0.001919058,0.001085408,0.154074043,0.291322647,0.046687814,0.010099814,5985.470363,6792734.782,0
5616,8.133933624,97.00014427,11.09595025,-0.010093341,0.002913597,0.00470242,0.154134156,0.292610983,0.053316936,0.01009972,-4748.576379,6724671.534,0
5616,8.002154857,96.98171839,11.02723467,0.00010754,-0.006787654,0.00988204,0.154087259,0.292535611,0.052282163,0.010096685,6750.74784,6723112.747,0
5616,8.069963934,96.98515669,11.01945695,-0.00901392,-0.00623801,0.011315722,0.154283177,0.291676998,0.063931131,0.010099386,9003.249571,6726248.393,0
5616,8.968168651,96.99574642,11.07519229,-0.001253662,-0.001761903,0.001900063,0.154935568,0.294432689,0.049308382,0.010097849,-12186.44847,6795631.889,0
5616,9.033257357,96.9915059,11.06536494,0.006289699,-0.003967387,-0.015087778,0.155116612,0.294123651,0.064697236,0.010098999,8345.503181,6724745.014,0
5616,10.98664817,96.99739439,11.16877805,-0.000400892,0.002928955,0.010244833,0.160987077,0.31037041,0.064819169,0.010197631,15142.48565,6721890.782,0
5616,12.00995115,97.00078947,11.15028714,-0.004949353,0.004995805,0.00210118,0.155150244,0.293221082,0.042262538,0.010099032,1889.803804,6795358.213,0
5616,10.06105923,97.00738174,11.08928122,0.004766541,0.002977357,0.012456946,0.154999063,0.293959054,0.058514299,0.010099124,4433.057685,6796113.114,0
5616,5.916055886,96.99901754,11.14834065,0.004600009,-0.005742403,-0.005508693,0.154952752,0.292841506,0.050663142,0.010100209,7642.669815,6794960.66,0
5616,8.214665308,97.00677983,11.13790398,0.004066618,0.003772718,-0.002904701,0.155159096,0.29308524,0.05160217,0.010096516,-1975.84085,6797584.418,0
5616,7.896789168,97.00089851,11.03698361,-0.007714944,-0.006160965,-0.007910098,0.154940122,0.292165163,0.054024135,0.010096882,575776.0933,6725489.127,0
5616,5.875432155,96.97247011,11.1489585,0.005122703,-0.005781241,-0.006004161,0.154827912,0.293246228,0.050610058,0.010100781,-9588.081212,6796331.712,0
5616,7.118814634,96.98690952,11.11580281,-0.005000621,0.005874285,0.011765377,0.153937042,0.293410009,0.059941276,0.01009828,1058.459828,6725217.877,0
5616,6.081219437,96.99799201,11.04186633,-0.008152169,-0.000809901,0.003098698,0.155075406,0.294142023,0.049910703,0.010102318,3692.854755,6725999.089,0
5616,12.06403063,96.98314183,11.06103698,-0.000282031,0.000358744,-0.007784486,0.155169568,0.292521306,0.054020731,0.010100486,3825.347451,6793594.503,0
5616,11.06446416,97.00836054,11.12548671,-0.001784441,0.001915183,-0.006791609,0.161013537,0.311835181,0.051954172,0.010201309,7850.840733,6722402.033,0
5616,10.99874356,97.02133238,11.01313908,-0.001764035,0.004143833,0.000755859,0.154160573,0.293024123,0.042921054,0.010103043,-5635.363954,6795708.88,0
5616,11.90794754,97.01698453,11.21579031,-0.004399156,-0.00324354,-0.00711553,0.154834557,0.293252109,0.051419464,0.010099332,-3860.586686,6795060.628,0
5616,8.007777054,96.99702548,11.0115547,-0.006589453,-0.000840679,0.004116084,0.153946005,0.292824466,0.051055078,0.010098761,602288.7352,6796040.961,0
5616,10.93052762,97.0207746,11.06995439,0.012148243,0.003042098,-0.005459249,0.154964848,0.293485584,0.056261379,0.010101881,-1058.995124,6796892.479,0
5616,10.10004093,97.00207181,11.06560761,-0.00563858,0.001099856,0.010650284,0.154986045,0.293084142,0.064378369,0.010101099,1508.650355,6792426.584,0
5616,9.98491287,96.99530241,11.14768457,-0.00634658,0.006863722,0.015774348,0.155010244,0.293104884,0.063142409,0.010099596,-448.156559,6792922.998,0
5616,7.915309363,96.99145169,11.10946627,0.003647301,0.001649352,-0.005232256,0.155084162,0.293987271,0.054644049,0.010103002,-5978.569153,6795242.225,0
5616,8.967027906,96.99578482,11.06714577,0.005961531,-0.003893766,-0.015363214,0.154945817,0.293395278,0.064503692,0.010099542,11940.87476,6723580.988,0
5616,11.04236408,96.99459041,11.07802069,-0.000870165,-0.004435576,0.002842672,0.162016935,0.31200628,0.054054581,0.010200071,-3824.322735,6729169.326,0
5616,7.942165532,97.0023749,11.02506616,-0.001536123,-0.003066991,-0.001650709,0.153994503,0.292421291,0.045937173,0.010100046,-8219.024288,6725624.826,0
5616,10.91564554,97.00223774,11.02704661,-0.005817668,-0.00180132,0.000522452,0.153887215,0.291791337,0.04703206,0.010097984,-3260.532502,6794922.921,0
5616,8.025000721,96.00004245,11.20923288,-0.003062668,0.005040509,-0.011806135,0.154986154,0.293143352,0.05499411,0.010100167,-14626.96887,6793586.467,0
5616,11.02513197,97.00608912,11.12444094,-0.002265041,0.002411287,-0.00677122,0.1609825,0.312296337,0.052947802,0.010203013,-4730.0453,6722363.326,0
5616,10.94799093,97.01659272,11.17045944,-0.000682375,0.003216396,0.009745629,0.160979891,0.310683449,0.064511997,0.01020096,-7052.183299,6723362.686,0
5616,10.95167454,97.01323288,11.07169364,-0.001249118,-0.004138035,0.002850691,0.162003869,0.311842955,0.053269974,0.010200067,4567.736608,6723361.241,0
5616,7.023806812,96.97930662,11.21421316,-0.006579478,-0.004994234,0.003758966,0.155009218,0.292645787,0.051121935,0.010099651,-4892.735008,6793665.493,0
5616,9.851435977,96.96440884,11.10859766,-0.006073437,0.00899,-0.008124527,0.153947341,0.292713902,0.049861907,0.010100714,6548.750848,6724476.644,0
5616,6.855603383,97.01302058,11.11647324,-0.004589261,0.005666009,0.011002502,0.154155033,0.292551939,0.060115952,0.010101617,10291.23417,6727371.098,0
5616,7.926292302,95.98095133,11.21003095,-0.002824678,0.004801486,-0.012905801,0.154857543,0.292686662,0.055214202,0.010101314,5767.3134,6796965.504,0
5616,7.978101712,96.99686769,11.04185194,-0.005035377,-0.002118374,1.54E-05,0.154912177,0.293493943,0.046471083,0.010099284,-1535.991961,6725227.721,0
5616,9.031897092,96.98369343,11.06910417,-0.005134125,-0.005429838,-0.000721868,0.155338634,0.294681432,0.044447064,0.010100701,1076.582935,6722519.74,0
5616,6.15136194,96.9748878,11.13680699,-0.012088033,0.005010026,0.001170139,0.15487356,0.294044005,0.040795764,0.010101035,-11132.79227,6795740.835,0
5616,9.087990292,97.00754577,11.07900193,-0.000889395,-0.002052578,0.002075935,0.154835096,0.293825012,0.049157294,0.010097827,-937.7161467,6797674.335,0
5616,10.98359135,97.0105795,11.09099961,0.005019924,0.004646859,-0.00347332,0.161089468,0.312410222,0.05428265,0.010200363,-6262.803645,6725616.577,0
5616,9.998049061,96.99196581,11.13554934,-0.000153341,-0.002914672,-0.004244517,0.160746981,0.312456259,0.051804682,0.010195337,5131.180013,6724560.166,0
5616,6.897147016,96.96389152,11.04976511,0.012957229,-0.002848882,0.017405531,0.154971341,0.294300679,0.059350607,0.010101041,18897.25951,6727363.1,0
5616,11.99810067,96.9923876,11.14791852,-0.004979709,0.005047926,0.001260449,0.155261388,0.293106529,0.042979167,0.010101425,3705.931434,6794776.413,0
5616,7.970385503,97.00546014,11.10841993,0.003450293,0.001931591,-0.005410079,0.154811808,0.293919596,0.054673337,0.010101613,-14548.92507,6795950.997,0
5616,8.033108823,96.97939005,11.02079806,0.000118314,-0.006875149,0.009181136,0.153758572,0.291585251,0.051792986,0.010099148,-2605.029116,6723442.959,0
5616,7.915131492,96.00255528,11.20919679,-0.003252995,0.005143592,-0.012124547,0.154817381,0.29367631,0.054782563,0.010100667,940.1597515,6795022.995,0
5616,8.05328157,96.99978664,11.02398535,-0.002297827,-0.002935108,-0.002020963,0.154109431,0.291735649,0.046240377,0.010103072,682.4587989,6727072.166,0
5616,8.157249031,97.00807294,11.09003852,-0.010435726,0.002825928,0.005051705,0.154137012,0.293230936,0.053094281,0.01010305,-5313.390143,6723896.261,0
5616,7.988841917,97.00166646,11.01254157,-0.00946324,-0.005941611,0.012028043,0.15393756,0.292368708,0.06351441,0.010099937,1840.249075,6723103.662,0
5616,10.04121301,96.98643942,11.01725866,-0.00735002,0.002252361,0.016579677,0.154083224,0.291806773,0.066840087,0.010100301,-9063.126787,6795286.238,0
5616,12.07080428,97.01667529,11.14615712,-0.006183092,-0.002125946,-0.016086208,0.16116935,0.311361208,0.065321934,0.010202397,-6881.941975,6722869.294,0
5616,10.95883739,96.99779075,11.13249173,-0.000495607,0.006442866,-0.007678571,0.161217721,0.312265931,0.05112901,0.010196762,4775.563255,6724390.15,0
5616,10.02299043,96.99961949,11.08543083,0.004864201,0.002889042,0.01361775,0.154969993,0.294601298,0.059208611,0.010099303,-7400.581844,6794078.621,0
5616,10.0012919,96.98699408,11.00899977,-0.006954099,0.002006841,0.016862411,0.153719652,0.291836677,0.067140477,0.010102881,3986.783643,6798169.041,0
5616,11.01002093,96.99382247,11.16873011,-0.000896583,0.002858041,0.00977846,0.160900007,0.310552544,0.065596667,0.010202104,-9993.358969,6721015.439,0
5616,5.92069423,96.98766949,11.04661924,-0.007966155,-0.000952868,0.003720032,0.15494801,0.293824099,0.050086594,0.010100797,12975.93853,6727027.167,0
5616,7.002514584,96.99758984,11.21054343,-0.007019998,-0.005367776,0.002437073,0.154968458,0.293072677,0.050858385,0.010096751,-5631.853574,6793117.459,0
5616,8.051091382,97.02385418,11.06439427,0.001691337,-0.003115267,0.004489938,0.154977116,0.294020257,0.045664049,0.010099892,-1596.330481,6721657.222,0
5616,7.148877884,96.98088134,11.12046864,-0.003625324,0.003769458,-0.002496754,0.155136295,0.293863091,0.041091571,0.010098727,2465.941727,6795231.592,0
5616,10.09841494,96.97751359,11.12946954,-0.000533325,0.008028569,0.013969244,0.155155241,0.292335637,0.060104611,0.010100714,-4100.104204,6794304.888,0
5616,6.220902498,97.02050207,11.15027245,0.004565484,-0.005790076,-0.005804405,0.154979088,0.293163719,0.049932392,0.010098254,1093.947308,6792733.493,0
5616,7.921275137,96.99708289,11.02124213,-0.009264437,-0.005863631,0.012335185,0.154133809,0.292686337,0.063924486,0.010097787,4259.12275,6721645.44,0
5616,8.089494417,96.99067588,11.10694637,0.003927744,0.001499353,-0.003834495,0.155043568,0.29416155,0.054499434,0.010095545,7082.932116,6794819.069,0
5616,8.018809696,96.014492,11.20411649,-0.003249074,0.005431072,-0.013019335,0.155007858,0.293211967,0.054659459,0.010102636,5842.958672,6796238.702,0
5616,11.22465952,96.99156021,11.01278911,-0.001869344,0.004062332,0.00127585,0.154110428,0.2921992,0.043297029,0.010099138,-1216.352959,6796127.868,0
5616,7.91707386,97.02544707,11.10876227,0.003811937,0.001836084,-0.005252465,0.155008801,0.294138164,0.055084638,0.010100339,-1031.487604,6794934.789,0
5616,10.91385001,97.0094475,11.0111775,-0.001440914,0.004033169,0.000734265,0.154250667,0.292324202,0.043037342,0.010099995,17258.14447,6795939.162,0
5616,10.93850622,96.99320052,11.06219685,-0.001692563,0.004037193,0.015719149,0.154824784,0.293137582,0.066112386,0.010097697,7003.89886,6794937.8,0
5616,7.78210213,97.03006401,11.03800683,-0.007945107,-0.006140769,-0.008411811,0.154937246,0.291891194,0.054033981,0.010097284,567684.6932,6722128.964,0
5616,11.94606096,95.99155882,11.17385752,0.0032652,0.001041779,-0.007236654,0.154984588,0.293723011,0.060455953,0.010097831,775.199997,6792027.167,0
5616,7.922117933,97.01034176,11.03709605,-0.007714421,-0.006128235,-0.007618311,0.155053531,0.291913362,0.054045281,0.01009844,571984.168,6724310.35,0
5616,10.01542942,97.00417091,11.10777864,-0.006145629,0.008914641,-0.007989489,0.154154453,0.293109311,0.049465044,0.010100791,-949.2938398,6724676.72,0
5616,12.03506194,97.01814092,11.14732524,-0.006210773,-0.002144871,-0.015387784,0.160997028,0.310890009,0.065598025,0.010198283,-8967.527159,6724785.847,0
5616,8.19248291,97.02176105,11.10529326,0.004020179,0.001697569,-0.005685406,0.154826755,0.294109384,0.055135862,0.010103768,-2975.670007,6796180.777,0
5616,8.097507296,97.00044601,11.02960707,-0.001777498,-0.002969215,-0.002603012,0.154102629,0.292152816,0.045783828,0.010102216,13318.20698,6725783.845,0
5616,11.94081344,96.98950045,11.15203187,-0.00496409,0.005123554,0.00101305,0.155091963,0.29328993,0.042540181,0.010101744,4286.747434,6794182.998,0
5616,6.907828505,97.00641012,11.11459319,-0.00440723,0.00410869,-0.002316941,0.154763457,0.294446388,0.041145244,0.010099742,-18213.36944,6792353.098,0
5616,10.0504677,96.99055543,11.0842778,0.004792685,0.003173083,0.013073274,0.154999537,0.294027145,0.058957015,0.010103267,8959.413229,6795617.581,0
5616,8.864552671,97.02805834,11.06661721,0.003980898,-0.000931533,0.014046611,0.154806301,0.294544919,0.060577487,0.01009953,8027.682194,6725857.047,0
5616,10.18789574,97.00190274,11.08509632,0.004980461,0.002887544,0.013067675,0.154919037,0.293879911,0.058873102,0.010099933,-2590.331213,6790636.809,0
5616,8.121002876,96.99490892,11.02675564,-0.003490627,0.00317725,0.009360577,0.153890027,0.293015333,0.059692801,0.010100367,5299.303144,6723259.727,0
5616,8.951865633,97.00257368,11.00775452,-0.006357906,-0.002286566,0.018363951,0.154098579,0.291361188,0.068328629,0.010101514,-6255.428935,6793959.72,0
5616,7.824243554,95.9812266,11.20530021,-0.002869441,0.004809872,-0.011891412,0.155014231,0.293483228,0.055339446,0.010101374,-3403.770462,6794713.693,0
5616,8.138898489,96.98645969,11.01405978,-0.008615464,-0.006203539,0.012332185,0.153843399,0.292049545,0.064061871,0.010098975,11024.6969,6723206.961,0
5616,10.98824896,97.01672884,11.12860701,-0.00041344,0.006227995,-0.007857709,0.161107203,0.312132703,0.051248126,0.01019885,-1948.517386,6723167.843,0
5616,8.126991893,96.99084559,11.06620308,0.001895572,-0.002800981,0.005141153,0.154825345,0.294475177,0.045986174,0.01010138,-13659.48087,6724476.885,0
5616,8.836422106,96.98541036,11.06488629,0.006126903,-0.003897132,-0.015538238,0.155040212,0.293780723,0.065085795,0.010101543,-421.0381724,6724586.201,0
5616,7.938508026,97.00747873,11.09451784,-0.00985287,0.00322628,0.004819952,0.153900843,0.293199755,0.053427385,0.010099151,-533.5760982,6723670.448,0
5616,9.000537969,97.01652384,11.03139897,0.00305048,-0.003185613,-0.007757851,0.154955456,0.291961769,0.058229402,0.010096576,8824.502382,6723553.247,0
5616,10.0048199,97.01001925,11.08620442,0.004974475,0.003073587,0.013041279,0.155061426,0.293935941,0.0589379,0.010099553,147.747069,6792963.51,0
5616,7.953826214,96.01388081,11.21290093,-0.002887417,0.004973576,-0.012385877,0.155063519,0.292731292,0.055496124,0.010101345,-3047.068528,6795179.147,0
5616,8.063900347,96.98945339,11.04692572,-0.005653906,-0.001821227,2.84E-06,0.155162859,0.293579597,0.045132436,0.010103895,7701.146262,6725795.174,0
5616,10.8904691,96.9801858,11.091194,0.005176132,0.004975677,-0.004694018,0.16098998,0.311869333,0.054752817,0.010197416,928.1084578,6721809.953,0
5616,10.98539279,97.02092242,11.19442998,-0.004967417,-0.00108126,0.001521246,0.16103733,0.3112434,0.050374157,0.01029908,596874.1904,6726031.888,0
5616,7.012341548,96.99550317,11.01737628,0.00194255,0.007114184,0.006906975,0.153946678,0.291347534,0.049769947,0.01009916,8506.958587,6794603.96,0
5616,10.05277807,96.99650442,11.12863716,0.000528565,-0.002815044,-0.003493127,0.161022169,0.312410613,0.050984989,0.010202925,1462.070814,6725975.397,0
5616,7.073007052,97.01850957,11.0173979,0.001825711,0.006858915,0.006761401,0.154053535,0.292366149,0.049946263,0.010099925,64.02824578,6794021.468,0
5616,11.88461905,96.00775156,11.17850404,0.002895913,0.000987107,-0.00823726,0.154988025,0.294033905,0.060369209,0.010098043,1346.236604,6790949.979,0
5616,9.842609877,97.0063532,11.05971248,-0.005485718,0.000776568,0.010653707,0.154780281,0.292921028,0.063611925,0.010101205,-7803.661369,6795676.14,0
5616,10.13108132,97.03017124,11.12531297,-0.001214865,0.00747267,0.01439704,0.155040377,0.293139192,0.061095664,0.010099127,-3823.848637,6795199.728,0
5616,10.03409325,96.991032,11.13098036,-0.001142057,0.008042316,0.01367852,0.155044408,0.293796454,0.060787879,0.010097359,69.30501564,6794818.867,0
5616,7.923210156,96.01293028,11.16279511,-0.008037967,-0.004871463,0.0082921,0.154917146,0.293386428,0.058108275,0.010098074,-1384.149415,6793437.472,0
5616,11.15913809,97.00079453,11.19361507,-0.004782896,-0.000944679,0.000826691,0.160843546,0.31127213,0.050976238,0.010303741,611695.6768,6723265.999,0
5616,12.01186746,97.00374307,11.14899746,-0.005946339,-0.002411544,-0.016895412,0.16117978,0.310682775,0.065034094,0.010200829,1636.053822,6722363.148,0
5616,8.120988211,97.02130057,11.06714421,0.001666203,-0.003074063,0.004741561,0.155059864,0.293993069,0.045798256,0.010100232,6307.948733,6724313.596,0
5616,11.00692696,97.00707714,11.03611525,-0.005137423,0.006531716,-0.000534315,0.154972095,0.292913743,0.038812879,0.010099461,111.4390071,6796533.7,0
5616,11.21141932,97.00750164,11.04306721,-0.005156838,0.007289138,1.54E-05,0.154861495,0.292850954,0.039105388,0.01010063,7783.571374,6795364.511,0
5616,7.180086539,97.01494634,11.0954253,-0.003019941,-0.001229262,-0.008539436,0.154899893,0.293996358,0.053346209,0.010100605,2955.956004,6795944.1,0
5616,8.9744579,96.99491406,11.0113282,-0.005890034,-0.00173499,0.018419607,0.154158672,0.291605331,0.067780517,0.01010063,141.010257,6794776.366,0
5616,10.09967685,96.98830487,11.06287267,-0.005892006,0.001199669,0.010958729,0.155016769,0.293358135,0.063681287,0.010100248,-54.63749673,6794352.579,0
5616,10.06621137,96.98543965,11.08251594,0.004541377,0.002809889,0.012919522,0.154932932,0.293375673,0.059225052,0.010101874,-6951.898729,6792833.299,0
5616,12.14041268,96.97259707,11.06050606,0.000274743,-0.000239126,-0.007702781,0.155062087,0.293187827,0.053988076,0.01010005,3757.578804,6794353.453,0
5616,7.901005137,96.02865508,11.19067535,-0.005934779,-0.002926038,-0.008563204,0.154900796,0.293886372,0.054304674,0.01009789,-252.1760634,6788622.203,0
5616,10.07038441,96.98462581,11.08681787,0.00535753,0.002821767,0.012990892,0.155182821,0.293592541,0.058667702,0.010098679,-3636.153679,6793835.038,0
5616,9.10858746,96.99691663,11.06929282,-0.004885294,-0.004978366,-0.001349471,0.155164788,0.295070425,0.0443472,0.010095731,8151.108367,6724759.513,0
5616,10.81956478,96.99614236,11.07702161,-0.000715603,-0.004101923,0.002196122,0.161943165,0.311458211,0.053804464,0.010204372,-9119.254568,6724164.559,0
5616,7.878605382,96.00428399,11.20965352,-0.002879523,0.004624005,-0.012310885,0.15492342,0.29301382,0.054718858,0.010101861,-3053.763707,6794025.377,0
5616,7.790788059,97.01136802,11.02301378,0.000347638,-0.007470842,0.009720309,0.153681079,0.291504867,0.051971096,0.010098209,7573.851454,6725272.019,0
5616,8.972360613,97.01199146,11.07093102,0.004134862,-0.000952148,0.014048513,0.154819525,0.295160514,0.059766369,0.010099392,2354.659803,6721046.375,0
5616,8.073615163,96.9918743,11.10748938,0.003974715,0.001881458,-0.005156404,0.154836836,0.293678342,0.055271847,0.010098626,-307.6330573,6794732.856,0
5616,7.15413205,96.99767101,11.21165984,-0.006413185,-0.005116755,0.003311738,0.155016468,0.292843063,0.05089429,0.010103328,1881.839582,6791490.78,0
5616,9.007601642,97.003938,11.03191779,0.003229578,-0.002853106,-0.008277775,0.154960261,0.292102289,0.058055203,0.010096937,1357.118366,6722540.734,0
5616,9.167085349,95.99653427,11.15861496,-0.009851841,-0.004752291,0.001974152,0.154836121,0.29373117,0.048057829,0.010100247,-11072.38778,6794272.241,0
5616,11.85841058,97.02239979,11.06141919,-0.000329582,-5.75E-05,-0.007463474,0.154965751,0.29297983,0.054071521,0.010099766,-2516.899207,6797281.34,0
5616,9.825244055,97.00684217,11.06172088,-0.006332682,0.000928101,0.011154899,0.155061556,0.292473217,0.063991148,0.010101784,11889.34931,6795621.023,0
5616,10.99430117,97.01024118,11.06029492,-0.001924412,0.004105578,0.015972794,0.155064297,0.293219532,0.066187317,0.010099776,-4789.183314,6795018.622,0
5616,12.03940261,96.00923784,11.17912389,0.003037578,0.000713557,-0.008272772,0.154768596,0.294614156,0.059708108,0.010096207,-2290.222682,6794519.442,0
5616,11.99664573,97.0163534,11.15504577,-0.001158586,4.71E-05,-0.00228695,0.160984376,0.311971634,0.049513386,0.010199458,-3926.455383,6722021.547,0
5616,15.7878939,97.0025227,11.05921543,0.003036406,0.000116501,-0.003385457,0.154831492,0.294031725,0.049913225,0.010097903,-595.2843131,6723919.737,0
5616,7.990856864,96.98192749,11.1100199,0.004410234,0.002143594,-0.005245158,0.155109842,0.29427428,0.054518849,0.010100172,-4230.30234,6795594.011,0
5616,10.86616992,97.00557001,11.07652697,-0.000820425,-0.00440884,0.003342431,0.162095519,0.311380377,0.054068996,0.010203094,3609.998972,6720698.271,0
5616,12.06870404,96.99092276,11.14977166,-0.005294645,0.004839281,0.001899451,0.154890609,0.293522922,0.042687739,0.010096248,1489.006832,6795736.197,0
5616,6.037610593,96.99263326,11.13586168,-0.012028795,0.004814602,0.000388348,0.154906686,0.294270112,0.041244083,0.010098274,5711.951015,6794092.18,0
5616,9.903574455,97.0081715,11.01331351,-0.007207868,0.002021086,0.017801249,0.153943812,0.291831601,0.067810609,0.010098808,-7659.286118,6796581.081,0
5616,10.9472806,97.01725658,11.06270464,-0.002100116,0.004101483,0.016144993,0.154725582,0.293430515,0.065711441,0.010099177,-2451.518913,6796695.47,0
5616,6.891331591,97.00029644,11.20897766,-0.007106809,-0.004684051,0.002362441,0.155040925,0.292911447,0.051121933,0.010101597,-1611.837292,6791502.196,0
5616,11.99356953,96.00430386,11.17131681,0.002876657,0.000895515,-0.008200225,0.154966764,0.293840616,0.059355981,0.010099626,3381.63699,6793519.855,0
5616,12.09799138,97.02372188,11.1485639,-0.001324116,-0.000105035,-0.001949752,0.161118179,0.311165407,0.049166518,0.010200897,-5770.303412,6721769.185,0
5616,10.89887093,97.00335511,11.07080326,0.011967036,0.003242691,-0.005227561,0.1548662,0.292629973,0.05567507,0.01009865,6753.030901,6791711.597,0
5616,8.05171189,97.03625677,11.1059038,0.003855233,0.002062606,-0.005502143,0.154924583,0.294355505,0.054770775,0.010100496,8737.719535,6792997.614,0
5616,10.94559902,97.00788088,11.07999748,-0.001756477,-0.003732404,0.003442295,0.161816486,0.311632536,0.053595985,0.010201678,-7204.003395,6727503.772,0
5616,9.918656411,96.9754622,11.0913556,0.005530142,0.003060949,0.01363418,0.154877665,0.293634601,0.059268595,0.01009842,-3554.667863,6795968.719,0
5616,10.98901938,97.01049849,11.17030124,-0.000718845,0.002755738,0.009715124,0.16085602,0.310683446,0.065369537,0.010201686,-3855.522899,6726718.911,0
5616,8.893790879,97.00531178,11.01270113,-0.006097173,-0.002281418,0.017874244,0.154121322,0.292264291,0.068008579,0.010100113,19334.04067,6796663.258,0
5616,8.943199187,97.01797385,11.0784634,-0.00099514,-0.002327518,0.001530394,0.154914943,0.293785374,0.048682879,0.010102255,-3107.830167,6793590.757,0
5616,7.877105529,97.00938138,11.01738232,-0.007302558,-0.000860244,0.003907801,0.154015126,0.291530924,0.051583128,0.010099565,600691.9926,6794459.224,0
5616,10.201568,96.99807049,11.08722245,0.005437889,0.003250908,0.012983419,0.154953618,0.293789235,0.058724707,0.010100822,-9239.800696,6795931.24,0
5616,8.003617811,96.98293831,11.09617505,-0.00951006,0.003390393,0.005298922,0.153845363,0.29298885,0.052206843,0.010099912,-7210.277341,6725722.619,0
5616,7.92821272,96.99708707,11.03841233,-0.007959537,-0.005822024,-0.007505981,0.154979499,0.291589045,0.054168163,0.010099792,569408.4912,6723644.896,0
5616,11.02195295,96.98814724,11.01037534,-0.001735692,0.00424547,0.000660999,0.154072978,0.291599237,0.042594706,0.010100559,-6154.85869,6792402.08,0
5616,9.988475874,96.99190989,11.14854544,-0.005954735,0.006877561,0.015108503,0.15485288,0.29373469,0.063362678,0.010101158,-1920.36475,6800503.194,0
5616,10.97732996,97.00820236,11.07359855,0.011654815,0.002755885,-0.006009627,0.15509856,0.29270054,0.055860177,0.010097304,-5151.58193,6794684.439,0
5616,12.0630095,97.02327161,11.14576461,-0.006106346,-0.001820552,-0.015866983,0.160896493,0.310887588,0.065221476,0.010203093,-5961.726133,6722693.09,0
5616,14.07771536,97.0055001,11.11311111,0.001034068,-0.007911829,-0.007886976,0.160941167,0.311872209,0.05451415,0.010195988,8532.760545,6723400.431,0
5616,7.945574037,96.9833343,11.09600122,-0.010117379,0.003022681,0.004851967,0.154064644,0.292853376,0.052556522,0.010098523,9010.900731,6724512.846,0
5616,5.940924798,97.00619593,11.146387,0.004943537,-0.005918228,-0.005943468,0.154919185,0.293216217,0.049792382,0.010099797,6999.897689,6794925.163,0
5616,11.97178149,96.01667613,11.17714236,0.002976398,0.001068223,-0.007313273,0.155004577,0.294329935,0.05997224,0.01010089,3882.553393,6796842.966,0
5616,9.763837879,96.99150213,11.02092292,-0.007020885,0.002271008,0.017172984,0.153961667,0.291893534,0.067564061,0.0101034,722.1776327,6794891.352,0
5616,11.84455126,96.99813235,11.21369813,-0.003986505,-0.002726634,-0.007169193,0.155015759,0.29256973,0.050758468,0.010095991,-3599.868299,6792384.377,0
5616,9.140232398,97.00020469,11.07295542,-0.001273882,-0.001885117,0.001773334,0.154709996,0.29444348,0.048781902,0.010098905,-6942.510059,6794622.621,0
5616,8.168762975,95.98906174,11.18988977,-0.006185156,-0.002821455,-0.009076969,0.154777122,0.293966823,0.054175409,0.010095412,2702.66913,6793702.765,0
5616,6.974450524,97.00903437,11.01711319,0.00166828,0.007108516,0.007741692,0.154075032,0.292602118,0.04978824,0.010100068,-8558.338138,6797695.822,0
5616,8.05915099,96.99831448,11.01532388,-0.006747497,-0.001097351,0.003916937,0.154126342,0.29121858,0.051055955,0.010100586,581113.6261,6797220.985,0
5616,10.03193224,97.00584656,11.11425607,-0.006543745,0.009159708,-0.00800897,0.153889091,0.293067997,0.049430808,0.010103432,8491.598444,6725153.665,0
5616,11.31587312,96.98763201,11.03607971,-0.004702106,0.006705628,-0.000218561,0.154970274,0.293667638,0.039812342,0.01010026,13971.44842,6792762.701,0
5616,10.11486109,96.99390363,11.14802931,-0.005642001,0.007222472,0.016498007,0.1550359,0.292877071,0.062505583,0.010102252,2925.17943,6792475.821,0
5616,9.986876488,97.01006703,11.10822565,-0.006078033,0.008747841,-0.007111896,0.154084443,0.292921533,0.049881963,0.01010126,8151.145949,6724989.332,0
5616,10.90196777,96.99480424,11.03003543,-0.006672213,-0.001939668,0.001204196,0.153753004,0.292102832,0.046988084,0.010099061,-1758.986458,6795660.368,0
5616,8.835189069,97.02406678,11.03883535,0.002906698,-0.003178408,-0.007962491,0.154892069,0.29180555,0.058701683,0.01009696,-9760.828981,6724023.406,0
5616,6.020874044,96.99443071,11.14475474,0.004983426,-0.005883182,-0.005983332,0.154959488,0.292891405,0.049513971,0.010100593,4529.285714,6793852.929,0
5616,9.922403339,97.00313118,11.08539055,0.004739031,0.002992839,0.011919547,0.155085651,0.293882447,0.059727736,0.010096781,4214.706719,6793830.455,0
5616,6.854086031,97.01299648,11.05151742,0.012866954,-0.003336646,0.017337667,0.15530434,0.29378167,0.059277776,0.010102794,568.1237979,6724791.766,0
5616,9.933665833,96.98023381,11.15086624,0.004395145,0.005088808,0.008060798,0.154972226,0.294427618,0.053153014,0.01009965,-1733.82837,6790392.908,0
5616,11.88904022,96.97546156,11.14786701,-0.005828295,-0.002121997,-0.015805896,0.160828613,0.311160446,0.06463878,0.010202578,7094.33823,6721313.735,0
5616,8.173089745,95.97873862,11.20807435,-0.003238752,0.005186006,-0.012322401,0.155049001,0.293087214,0.055209527,0.010098964,-7181.434198,6793388.023,0
5616,8.090450498,97.01759523,11.12737798,0.003587449,0.00400028,-0.003174217,0.155160914,0.293281367,0.050734584,0.01010058,-5627.608285,6796879.793,0
5616,10.99918206,96.99230937,11.06495947,-0.002084446,0.004083472,0.015813743,0.155013157,0.292908009,0.066464684,0.010100452,-7345.226954,6793538.86,0
5616,10.15183263,97.03565078,11.14398004,-0.006055121,0.006797861,0.016462951,0.154889559,0.292730592,0.062643759,0.010099903,665.6474143,6794976.983,0
5616,10.00793748,96.99213671,11.13055582,0.000128134,-0.003124406,-0.004171636,0.161116696,0.311790299,0.050958487,0.010199067,-7929.774072,6723656.914,0
5616,10.91163785,97.00257189,11.02922787,-0.006138236,-0.002096817,0.001943762,0.154080828,0.29200062,0.046796294,0.010100847,-4971.745862,6797370.528,0
5616,8.156262611,97.02149068,11.10432015,0.004132085,0.002180846,-0.004804754,0.154875011,0.293631415,0.05463772,0.010098002,-5129.013505,6797079.387,0
5616,12.05528866,97.02795669,11.21838158,-0.003500282,-0.002645913,-0.007578078,0.155046462,0.292825919,0.051271958,0.010097391,-1867.25245,6794349.949,0
5616,10.8935853,97.02872889,11.01318302,-0.001789412,0.003830032,0.000941749,0.154121479,0.291820401,0.043196437,0.010102681,-10857.43353,6794241.916,0
5616,9.980472491,97.01683966,11.01318068,-0.007012418,0.002227318,0.016704692,0.154143969,0.292739304,0.067443534,0.010101569,681.5919859,6793932.253,0
5616,10.91016727,97.01427122,11.03331471,-4.73E-05,0.00154199,0.013005611,0.154991906,0.292034767,0.06534704,0.010100142,9183.264864,6724332.812,0
5616,10.85813375,97.00825739,11.07899589,-0.001092104,-0.004252088,0.003724803,0.161956381,0.311937496,0.054390398,0.010203592,1035.870425,6722390.172,0
5616,14.09501978,97.01084715,11.11467112,0.001304879,-0.008202394,-0.00768137,0.161149497,0.312600508,0.054919141,0.010199422,11338.46178,6724183.477,0
5616,9.195893713,96.99231874,11.06983546,0.005838008,-0.004285509,-0.014758376,0.154852587,0.294042399,0.064834312,0.010102853,9819.053261,6725616.749,0
5616,10.85651607,96.98859767,11.12202972,-0.001988322,0.001665711,-0.005925047,0.161053424,0.312262175,0.052695248,0.010200379,5742.513516,6724269.775,0
5616,7.057756977,96.99995297,11.11820698,-0.003986779,0.004087182,-0.002626264,0.154833114,0.294034738,0.040903457,0.010097789,590.3834906,6797048.13,0
5616,7.93324831,95.99762833,11.15882199,-0.008129577,-0.005045189,0.007780848,0.155129776,0.293767781,0.057496522,0.010103987,207.3326053,6797892.707,0
5616,7.950024108,96.99368386,11.01458267,-0.009354414,-0.005919909,0.012381455,0.153968567,0.291219857,0.063887877,0.010102137,5640.123319,6724857.418,0
5616,6.939224241,97.00970478,11.12763682,-0.004916598,0.006145756,0.011523638,0.154154529,0.293071495,0.060384541,0.010099739,-2827.872918,6726935.693,0
5616,7.911360174,97.01331303,11.06964521,0.001984247,-0.002943929,0.003852724,0.15505986,0.293730104,0.045692509,0.010101569,-13753.20542,6724225.899,0
5616,12.004978,96.00123203,11.1700432,0.003129178,0.001138851,-0.008102914,0.154850997,0.293721499,0.059779762,0.010099129,3648.079488,6796661.669,0
5616,7.914749929,97.0205907,11.023127,-0.002137793,-0.003014678,-0.002064238,0.154173537,0.291826362,0.046217744,0.010101789,-8246.748695,6726595.493,0
5616,8.027747109,96.98408955,11.02841121,-0.003684745,0.002749431,0.010061431,0.154188961,0.293607178,0.060001123,0.010094842,-7008.176339,6726537,0
5616,7.994845897,96.99730118,11.04460274,-0.005226411,-0.0017767,0.00033013,0.155107473,0.293836836,0.046214473,0.0100978,44.11738825,6724946.788,0
5616,10.97548549,96.99001044,11.19360748,-0.004557897,-0.001124359,0.001288932,0.160907229,0.311075584,0.051087249,0.010302113,601673.594,6722138.833,0
5616,7.906889879,96.97398815,11.01525333,-0.007451295,-0.0011975,0.004117262,0.153962724,0.29183827,0.051175954,0.010099461,578049.1891,6792658.072,0
5616,8.940827018,96.99884777,11.02363259,0.002112271,0.000962442,-0.001458243,0.154017715,0.292590348,0.047841407,0.010100448,1255.557242,6724654.397,0
5616,12.07749822,96.99830334,11.05996024,0.000122771,-0.000192691,-0.008688324,0.154914279,0.293163043,0.054085012,0.010097095,7122.990957,6797737.958,0
5616,7.051390841,97.02109127,11.09225155,-0.003205438,-0.001088118,-0.007771348,0.155206149,0.294620416,0.052659787,0.010103986,-8226.342479,6794308.275,0
5616,9.899709198,97.00879092,11.10350048,-0.005890408,0.009072628,-0.007716083,0.154017581,0.29291393,0.050472671,0.010102568,9367.865003,6726358.756,0
5616,9.010190848,96.98572704,11.076327,-0.000669588,-0.001926467,0.00143829,0.154670699,0.293172156,0.048767312,0.010099567,-11390.9933,6796411.037,0
5616,8.077087426,97.02583843,11.01350654,-0.007572453,-0.001189528,0.003318971,0.154041338,0.292233164,0.051414126,0.010099127,603914.3145,6794633.665,0
5616,6.82872989,97.01701619,11.01551313,0.002129825,0.006897047,0.006661975,0.15395759,0.2923429,0.0499143,0.010102221,-2971.327298,6797504.541,0
5616,11.05574522,97.00811205,11.20074273,-0.005643842,-0.000773213,0.000700221,0.160990873,0.310448157,0.051074105,0.010304277,603437.8653,6718154.534,0
5616,10.93201912,96.99684374,11.01507622,-0.002249365,0.004104788,0.001341414,0.153955098,0.292061413,0.042818419,0.010102058,-13822.96869,6792912.931,0
5616,14.05853971,96.98662936,11.11208179,0.001420702,-0.007561962,-0.008278479,0.161098308,0.312157018,0.053627275,0.010204685,-412.4377428,6721570.45,0
5616,6.921694581,96.99481297,11.01769962,0.001849765,0.00724912,0.006611944,0.154136392,0.29197456,0.049359922,0.01009801,1717.011782,6793705.634,0
5616,13.81483085,97.01517268,11.11441362,0.000696867,-0.007758445,-0.008277163,0.161034479,0.311724827,0.053612847,0.010198232,-588.5120104,6723796.902,0
5616,13.83302474,97.02626339,11.1142303,0.000948886,-0.008292973,-0.00749309,0.160958668,0.312353526,0.053881172,0.010197435,-4083.601802,6723714.692,0
5616,7.004933202,97.02150647,11.01677724,0.002533999,0.007161248,0.007005911,0.153994965,0.291859632,0.050077729,0.010100953,-6894.291071,6795864.166,0
5616,7.026645837,96.99318745,11.21702287,-0.007472998,-0.005011211,0.002918772,0.155002387,0.292483184,0.051370665,0.010100379,8327.404343,6795537.826,0
5616,10.907223,96.98439713,11.16868804,-0.001271482,0.00288369,0.009950151,0.160902254,0.310286823,0.064836471,0.010199672,268.4943846,6721619.355,0
5616,10.06551543,97.00196338,11.1473871,-0.005613316,0.007035467,0.0165855,0.155070521,0.293438751,0.062676447,0.010101746,11334.29357,6792489.544,0
5616,15.82953886,96.97535522,11.06028697,0.003479718,0.00019953,-0.003339489,0.155056039,0.294214587,0.04947073,0.010102659,-3815.909141,6725592.032,0
5616,8.993220643,97.00450363,11.02562689,0.001973291,0.001105723,-0.001403875,0.154187645,0.293030613,0.048176115,0.010096709,-3143.626874,6723604.757,0
5616,11.87575762,96.99794303,11.1453095,-0.006319963,-0.002185442,-0.015904613,0.161152917,0.310846793,0.065507435,0.010198712,6019.863778,6720479.371,0
5616,9.93312586,96.99350537,11.15077768,0.004541213,0.00515673,0.007927306,0.154916476,0.293815919,0.053464562,0.010101769,-11851.52028,6796358.067,0
5616,11.0048628,96.97777639,11.07713579,-0.000588264,-0.004134592,0.004133288,0.162099923,0.311625665,0.054260444,0.010198991,-8849.913497,6725643.224,0
5616,5.911727192,97.00715747,11.13785781,-0.011824674,0.005045741,0.000521635,0.154884162,0.293849862,0.041234254,0.010098278,8085.918526,6797552.481,0
5616,9.960547105,96.99257634,11.08968982,0.004790212,0.002935964,0.012839727,0.155084773,0.293262251,0.059622785,0.010102197,-8545.808085,6795217.314,0
5616,8.103239089,96.98369617,11.06235175,0.001987339,-0.003046202,0.004441521,0.15493707,0.293743864,0.046121826,0.010097218,-13288.06891,6725964.512,0
5616,11.94081465,96.95997247,11.15116088,-0.00104141,0.000161751,-0.00156839,0.160875355,0.3108918,0.049237037,0.010199349,13736.25879,6725726.973,0
5616,11.08573657,96.99961656,11.0759219,-0.000914564,-0.004219581,0.003765459,0.162034113,0.312212226,0.053882318,0.010200709,-10171.63577,6722021.35,0
5616,8.884099434,96.0246979,11.1553143,-0.009625305,-0.004589377,0.002756729,0.154674204,0.293986106,0.047500325,0.010098762,1391.753826,6796580.409,0
5616,9.054354458,96.02315113,11.15836444,-0.009772907,-0.005384424,0.002554635,0.154786709,0.294276618,0.047749125,0.01010169,548.7282801,6795094.89,0
5616,9.147895553,96.99362996,11.06509657,-0.005278213,-0.005126165,-0.001089552,0.154978379,0.295469473,0.04499664,0.010098773,-20555.1968,6726530.127,0
5616,7.74642537,96.99160764,11.14010697,0.004355455,0.00407815,-0.00316551,0.155010042,0.293368223,0.0510223,0.010103039,-1916.001694,6795063.251,0
5616,8.918243736,97.00653279,11.07226798,0.004080861,-0.000876654,0.013242706,0.154955012,0.295163728,0.060706671,0.010099729,3328.543392,6727228.399,0
5616,16.05920384,96.98608661,11.05896546,0.003177422,-2.12E-05,-0.00207744,0.154807605,0.294004128,0.050029817,0.010101448,2638.952965,6725284.721,0
5616,7.979168866,96.00420574,11.16034598,-0.007621293,-0.005012115,0.008212518,0.154900371,0.293658705,0.058432467,0.010101609,6663.869702,6791940.456,0
5616,9.03807715,97.01067601,11.07999126,-0.001287045,-0.001913335,0.001777069,0.155047654,0.294257486,0.048840389,0.010098646,-2797.038317,6797492.299,0
5616,10.93803505,97.01709841,11.17811629,-0.001009251,0.002951222,0.010601812,0.161070868,0.311584519,0.06488566,0.01019557,5264.297517,6721623.932,0
5616,10.00888355,96.99860426,11.05835523,-0.006137238,0.001294095,0.01055919,0.154998024,0.293119046,0.063512444,0.010100778,-5009.025001,6797189.365,0
5616,7.984028529,95.99716162,11.18349439,-0.006404871,-0.002822817,-0.008815738,0.155140917,0.294667169,0.053727672,0.010100156,-10294.11481,6794368.193,0
5616,8.119806835,96.98776453,11.11347937,0.004089532,0.00218425,-0.005078227,0.155048408,0.293469131,0.055193327,0.010101199,-9467.272737,6796925.432,0
5616,10.02610192,96.98847669,11.13314104,0.000648564,-0.003203952,-0.003710582,0.160908951,0.311598374,0.051002774,0.010199511,-10672.21805,6725272.162,0
5616,6.034635835,96.99684381,11.14445709,0.004524834,-0.006016759,-0.006028808,0.154965831,0.293297593,0.050345924,0.010099071,7441.727688,6795471.888,0
5616,10.95774411,97.00511957,11.17356573,-0.001008336,0.002936573,0.009342509,0.160829113,0.311091968,0.065066494,0.010204333,-11056.79234,6724213.494,0
5616,7.949974777,97.01273162,11.01928086,-0.001834592,-0.003212278,-0.001965752,0.153986827,0.292457171,0.0458707,0.010096824,2050.549284,6725459.267,0
5616,10.95562235,96.98880699,11.03100989,3.18E-05,0.002076029,0.014475295,0.155135468,0.292994616,0.066788118,0.010101583,-1906.390806,6721180.018,0
5616,12.04046822,97.02080194,11.21696007,-0.004029213,-0.003113495,-0.007013239,0.155083477,0.292697962,0.050965551,0.01009876,-709.647968,6794662.662,0
5616,10.95680973,96.99622165,11.08070685,-0.001335499,-0.003861647,0.003351245,0.162170782,0.311925674,0.054426655,0.010199276,10036.08989,6721177.204,0
5616,10.02972901,96.99970223,11.14303067,-0.005939887,0.006774087,0.015526216,0.154963105,0.292466656,0.062852814,0.010099316,-3170.079939,6794960.477,0
5616,10.21292261,96.98958694,11.06325095,-0.00619542,0.001362882,0.0109881,0.155163972,0.292607273,0.064260322,0.010098267,4524.815381,6792928.162,0
5616,8.089371722,96.96621605,11.02328977,-0.000565507,-0.007189212,0.009717002,0.153976453,0.292338392,0.052340449,0.010101232,317.5202572,6722546.299,0
5616,8.966552109,97.01231996,11.03374793,0.003308482,-0.002953706,-0.007661504,0.155179257,0.292303713,0.058076487,0.010103,-1071.781361,6727543.978,0
5616,11.12323673,97.01026858,11.12537786,-0.000752514,0.006167158,-0.00698573,0.160997338,0.312126318,0.050136242,0.010201014,16898.12115,6725137.638,0
5616,7.958134124,96.99607945,11.02480482,1.33E-05,-0.00712046,0.010312708,0.15408615,0.291401099,0.052006696,0.010100223,-10520.60194,6724646.327,0
5616,11.7909017,97.00093358,11.05608362,5.92E-05,0.000179953,-0.007507102,0.155179687,0.292875283,0.054451403,0.010097872,9490.031725,6795340.154,0
5616,13.89657691,97.00719007,11.11490694,0.001277423,-0.008259476,-0.007686592,0.160976438,0.311573724,0.05419351,0.010201115,4853.385511,6722757.96,0
5616,9.808068932,96.97822453,11.13451409,5.79E-05,-0.002693464,-0.003876236,0.161026603,0.312409411,0.051163559,0.010204652,-3471.362962,6724267.521,0
5616,10.96393701,96.99262718,11.02431288,-0.005766554,-0.001997013,0.000547658,0.154157,0.291796876,0.046368178,0.010099179,11983.13083,6793859.891,0
5616,6.001889606,97.01106879,11.13511199,-0.012076819,0.0048741,0.000998737,0.154983799,0.293622181,0.040735696,0.010099189,-13500.80771,6796550.458,0
5616,11.17199155,96.98252036,11.0207576,-0.005661204,-0.002063156,0.000758429,0.153839099,0.292010368,0.047150909,0.01009879,-3781.047704,6794612.124,0
5616,12.03354062,97.00409099,11.15012236,-0.000917163,0.000170759,-0.002155913,0.161261045,0.310777239,0.049150552,0.010198944,-8813.53421,6722544.028,0
5616,7.977521713,96.98109482,11.01585297,-0.00694989,-0.001123376,0.003830279,0.153942777,0.292516314,0.051445609,0.010094078,591417.4972,6795176.807,0
5616,7.085091611,97.00650012,11.05667535,0.01267203,-0.003158186,0.016555945,0.155019338,0.2937443,0.058946855,0.010100874,-8114.162384,6723782.037,0
5616,7.773151917,96.9995033,11.03974345,-0.004925899,-0.002046765,-0.000886972,0.155140816,0.292513096,0.046148879,0.010098176,3216.175425,6725364.038,0
5616,12.02417252,96.9774917,11.15528804,-0.001214837,-0.000248452,-0.00230277,0.160925878,0.310250828,0.049006007,0.010196526,-1323.495012,6722335.031,0
5616,7.079085749,97.01623168,11.12191944,-0.005164825,0.006384309,0.01208763,0.153877229,0.292989287,0.059637933,0.010101625,-3470.458221,6725813.589,0
5616,13.84830668,96.98976281,11.11382188,0.000789444,-0.008119564,-0.008610929,0.161030908,0.311804459,0.053172447,0.010197666,2891.117459,6725361.494,0
5616,14.11734172,96.98870841,11.11815036,0.000724664,-0.007824449,-0.007992894,0.160781581,0.311502769,0.054158119,0.010199269,-1925.662431,6721919.582,0
5616,7.034727527,97.00279511,11.12008976,-0.004451317,0.006044218,0.01286111,0.153964929,0.293413828,0.060063814,0.010103164,-7935.559372,6724748.112,0
5616,7.957394164,96.01600728,11.19013971,-0.005656206,-0.003207831,-0.0085364,0.155029849,0.294232188,0.053773218,0.01009696,20572.26133,6795349.147,0
5616,7.064919299,96.98584362,11.09184443,-0.0025041,-0.001001257,-0.007255226,0.154967116,0.293990181,0.052405995,0.010096694,-3527.510638,6794084.166,0
5616,9.2329583,97.00085956,11.08058339,-0.00131579,-0.0018345,0.00217724,0.154811988,0.294474759,0.049231024,0.010100581,-16209.01453,6795735.877,0
5616,12.01865829,97.00597594,11.15121116,-0.0059816,-0.002039741,-0.015470941,0.161194191,0.31123055,0.064902445,0.01020248,-6128.500998,6724260.162,0
5616,8.025465816,96.00965904,11.20616762,-0.003334025,0.005251861,-0.012328066,0.155012612,0.292713662,0.055204293,0.010096604,-9244.720438,6796429.754,0
5616,10.95287256,97.00245887,11.01013641,-0.00217965,0.004215638,0.000708016,0.154174332,0.291638372,0.043683839,0.01010088,6097.14536,6794009.817,0
5616,5.912811502,96.99488514,11.14640554,0.00476291,-0.005806021,-0.007241247,0.154968324,0.293284642,0.049214401,0.010101253,2400.224163,6793030.202,0
5616,8.085187047,95.98846679,11.15965698,-0.0076799,-0.005097032,0.008537504,0.154892804,0.294137928,0.057743347,0.010095558,2964.396678,6794032.645,0
5616,11.91217137,97.00120049,11.15081396,-0.001102319,-0.00022795,-0.001301999,0.16103279,0.311059069,0.048923189,0.010201723,-2668.901183,6721569.598,0
5616,7.00734223,96.98505879,11.122624,-0.004724111,0.005870474,0.011749327,0.153973714,0.292705435,0.060533713,0.010101891,-2004.73571,6725984.276,0
5616,7.950995457,96.95928838,11.02566073,-0.001843997,-0.002958574,-0.002115079,0.153856534,0.292211554,0.045399674,0.010099327,-2676.098209,6722641.504,0
5616,8.049140211,97.00608385,11.13287459,0.004594873,0.004115213,-0.003341614,0.155179038,0.292737101,0.051710184,0.010102702,-551.997394,6798881.478,0
5616,9.034231559,97.01259714,11.06616993,-0.005382039,-0.00545841,-0.0008266,0.1549242,0.294964511,0.04504984,0.010102452,6164.150558,6727209.885,0
5616,7.106444842,96.96707043,11.01748474,0.002325174,0.006998287,0.007509765,0.153775833,0.292503508,0.049964781,0.010100222,2505.506344,6795185.834,0
5616,10.94767564,96.9859285,11.05841968,-0.001703953,0.004033372,0.015210259,0.155161787,0.292770043,0.06592734,0.010099026,3707.723977,6796528.829,0
5616,9.972312589,97.00862847,11.1302232,-0.000251357,-0.003058588,-0.003814462,0.16093857,0.31145263,0.050839954,0.010197901,3703.83104,6720343.022,0
5616,7.899585217,97.02867303,11.09461877,-0.009739926,0.003272582,0.004874626,0.153925959,0.292633734,0.053384509,0.010099919,6523.973328,6729432.26,0
5616,7.954418405,97.00028978,11.04651459,-0.004913197,-0.001910964,5.14E-05,0.154784954,0.293345997,0.045608006,0.010101229,2154.177183,6723729.812,0
5616,11.03870857,96.98985463,11.0235594,-0.006058742,-0.001723424,0.001207994,0.154212068,0.292088641,0.047126718,0.010099301,2672.517215,6794847.93,0
5616,8.077662102,96.99745118,11.02150426,-0.002212766,-0.003045588,-0.002085284,0.153842925,0.291955153,0.04585906,0.010095259,8754.401269,6721406.926,0
5616,10.90539184,97.01916013,11.19381491,-0.005185697,-0.000802102,0.000953059,0.16100712,0.310822845,0.050720406,0.010302737,597496.9407,6724192.329,0
5616,6.089215904,96.99099791,11.13313926,-0.011470674,0.005345156,0.000903082,0.155111169,0.294168896,0.041948683,0.01010041,-6228.264936,6792815.532,0
5616,7.139079616,96.98886255,11.0115159,0.002000176,0.007276893,0.007439701,0.15405137,0.291704528,0.050153732,0.010099181,-8648.413965,6795344.259,0
5616,11.04241573,96.99327254,11.12117152,-0.001798029,0.001769453,-0.005810238,0.160992733,0.312106366,0.052224981,0.010201849,1383.385198,6722249.305,0
5616,11.19254703,96.98671452,11.06445959,-0.002204235,0.00394645,0.016099958,0.154792716,0.292745538,0.066417401,0.010103289,-13542.37582,6793069.47,0
5616,7.920614267,97.00170952,11.02522892,-0.004201383,0.002927137,0.009424066,0.153901365,0.292687632,0.059478568,0.010093955,3429.739387,6723313.04,0
5616,11.87230653,97.02264134,11.0525407,0.000279403,0.00010328,-0.008171554,0.155022876,0.292778167,0.054642841,0.010100937,-757.5605605,6795413.106,0
5616,8.817514886,97.0045024,11.06862718,-0.005348503,-0.004855114,-0.000592766,0.154904112,0.294869366,0.044079572,0.010096922,8357.609675,6722626.037,0
5616,8.153484404,95.99648323,11.19273364,-0.006107221,-0.003177087,-0.008982918,0.155024772,0.293983008,0.053717973,0.010101077,-4881.667236,6793196.952,0
5616,7.067133655,96.99593335,11.21290807,-0.006991213,-0.00498568,0.003298868,0.155083045,0.293081934,0.050831601,0.010100276,-1447.647553,6795657.324,0
5616,9.994297375,96.97821554,11.05966813,-0.00597124,0.000573602,0.011800498,0.155117245,0.291716521,0.064213409,0.010101371,8266.748793,6799589.263,0
5616,12.02872296,96.01230692,11.1734099,0.002953752,0.001304389,-0.007529354,0.154850636,0.293718953,0.060080238,0.010098923,10178.717,6795403.551,0
5616,10.88453215,96.99891527,11.1719809,-0.000897787,0.00289184,0.010042215,0.161267579,0.310863741,0.064938803,0.010195959,-4941.756065,6721677.765,0
5616,9.250918226,96.99748485,11.06775365,-0.004821083,-0.004988207,-0.001231556,0.155093489,0.295523732,0.044995599,0.010099028,1374.608179,6724252.223,0
5616,8.013257252,97.0444988,11.04495733,-0.004810293,-0.002065366,-0.001157146,0.154999791,0.29262418,0.045641205,0.010100878,2200.118938,6724835.668,0
5616,8.011223194,97.00416339,11.02484987,-0.002254566,-0.002758078,-0.002076304,0.154132719,0.29205665,0.04545073,0.010102191,2780.572347,6724086.197,0
5616,11.07445893,96.98952312,11.02524014,-0.006073378,-0.002598986,0.000852267,0.154288136,0.292520241,0.047266526,0.010097472,-1881.5724,6796668.287,0
5616,11.04934841,96.99405833,11.02633921,-0.005691474,-0.002003506,0.001176895,0.153824746,0.291543113,0.047254491,0.010102216,9433.29626,6795448.999,0
5616,8.022969043,96.01600461,11.21226357,-0.002768974,0.004977662,-0.012069742,0.15497256,0.293137096,0.055581283,0.010098602,-13806.16098,6796117.794,0
5616,8.918902469,97.00157852,11.01406324,-0.006354516,-0.002095761,0.017854817,0.153710277,0.291720825,0.067710177,0.010100782,-3043.584763,6794629.509,0
5616,8.048369583,96.97995632,11.13531086,0.004090763,0.004364399,-0.003806338,0.155023467,0.292824397,0.051254164,0.0100989,3325.675136,6797089.646,0
5616,7.193083457,97.01281027,11.1202455,-0.00451084,0.003812688,-0.002425948,0.15504451,0.293720533,0.04089592,0.010100393,3393.811583,6794512.45,0
5616,10.13803134,96.99068882,11.09113072,0.00501212,0.003162923,0.013215995,0.15499523,0.293745328,0.059436734,0.010101924,9956.346561,6793157.5,0
5616,10.16345057,97.02610607,11.06420005,-0.005509936,0.001075203,0.011777567,0.15492027,0.293947172,0.064374914,0.010097353,8823.874721,6798833.132,0
5616,5.947552601,97.01505143,11.13247819,-0.012244776,0.005266301,0.000955806,0.154750344,0.294293854,0.041077484,0.010098533,-2049.560274,6791537.468,0
5616,7.89847299,96.99376617,11.02010996,-0.007215449,-0.001140841,0.004148548,0.154045501,0.292383383,0.050875441,0.010100399,597923.6296,6793824.37,0
5616,13.98709508,97.0178521,11.1150439,0.001197297,-0.008154727,-0.007568383,0.16117729,0.312171204,0.054352525,0.010205181,-5189.913597,6722083.723,0
5616,6.005717013,97.00094563,11.03870249,-0.0043984,0.001231376,0.020632542,0.154928007,0.293441054,0.068237321,0.010098138,571717.3585,6729276.355,0
5616,12.11225692,97.01188416,11.14659574,-0.006163397,-0.001910216,-0.015833777,0.161053605,0.311137438,0.064748908,0.010204401,13311.1726,6726485.839,0
5616,8.826364151,97.00675518,11.06686856,-0.00484598,-0.00532613,-0.001335555,0.15480898,0.295373359,0.044512888,0.010104324,8946.118687,6727562.021,0
5616,7.156921902,96.98820527,11.1213565,-0.004163793,0.003886155,-0.001608103,0.155055694,0.293703034,0.04089415,0.01009979,818.1858379,6794220.474,0
5616,6.983789419,96.99103156,11.0925778,-0.003060935,-0.000918436,-0.007931391,0.154952081,0.294335915,0.05355594,0.010099357,-2388.750218,6799174.194,0
5616,10.95620478,97.01435342,11.17291171,-0.000807828,0.003176849,0.010135244,0.160907128,0.311245095,0.065420597,0.010198507,-11159.52137,6723964.183,0
5616,10.89616468,96.99533461,11.07597855,0.012108857,0.002856617,-0.006354636,0.154907378,0.293644474,0.055591935,0.010099853,2318.465565,6796673.497,0
5616,5.830222482,96.9943748,11.04313816,-0.003931099,0.000384813,0.021320393,0.154952053,0.29385462,0.0675716,0.010096965,556722.5276,6725135.003,0
5616,14.08445194,96.98668952,11.1135583,0.000912428,-0.00788955,-0.007055308,0.161046585,0.311618053,0.054467627,0.010199836,-5769.544252,6723110.895,0
5616,8.007521946,97.00590323,11.02875676,9.56E-05,-0.007257605,0.009543263,0.153840162,0.29187416,0.051583384,0.010103229,-8684.115287,6724205.915,0
5616,13.86765841,97.02874312,11.10997611,0.000968048,-0.008425852,-0.008153962,0.160951626,0.312499551,0.054186839,0.010198682,-3331.049686,6722826.033,0
5616,8.867133352,96.98512298,11.07816538,-0.00088178,-0.002597892,0.002104953,0.154994948,0.29336375,0.04877399,0.010099481,-162.2902879,6795992.28,0
5616,6.965550677,97.00033752,11.1242988,-0.005128324,0.006171828,0.012356362,0.153866123,0.292280246,0.060593224,0.01009633,2047.654394,6725633.388,0
5616,11.17123074,97.01968055,11.12736142,-0.001047145,0.006027151,-0.00725356,0.161218856,0.312031108,0.050717364,0.010200807,-4357.949151,6723179.693,0
5616,8.973367618,96.99889013,11.06351759,-0.005255638,-0.005047635,-0.002283793,0.154896034,0.294845988,0.04541945,0.010100571,7878.649772,6727589.758,0
5616,7.845787322,96.0063042,11.16009027,-0.00800904,-0.004706783,0.008615919,0.154918454,0.294002689,0.058067817,0.010100137,-1483.38845,6789303.395,0
5616,8.974788362,96.9851946,11.06780886,0.003790574,-0.000865463,0.014344625,0.15488083,0.29532895,0.060092519,0.010099532,-5730.448703,6725829.868,0
5616,7.972020338,97.00596884,11.02470172,-0.002287682,-0.002658806,-0.00278982,0.154219077,0.291807717,0.045277179,0.010099368,1700.639613,6725984.11,0
5616,9.723316993,96.99739198,11.01291492,-0.006933205,0.001705999,0.016724679,0.154067351,0.291348231,0.066191846,0.010101083,14432.36425,6797152.69,0
5616,7.9944297,97.01373703,11.02288361,-0.001945064,-0.003007293,-0.001289375,0.153885911,0.29271144,0.045919084,0.010099938,2498.478455,6724592.265,0
5616,9.976307621,97.01654728,11.13204574,0.000202163,-0.003341281,-0.003343928,0.161134753,0.311652984,0.051090579,0.010200679,-2616.354171,6723623.794,0
5616,10.07142624,97.03608787,11.11264244,-0.00611133,0.008951578,-0.007574653,0.154024448,0.292631476,0.049587213,0.010100464,-11151.46563,6726715.91,0
5616,7.189690854,97.0080777,11.20834151,-0.006894628,-0.005052482,0.002920194,0.155031337,0.293384073,0.050600605,0.010102424,-1565.592325,6797129.702,0
5616,12.11557824,97.00454026,11.06344943,0.000142233,0.000132276,-0.007962394,0.154958038,0.292866205,0.05420598,0.01010146,1764.323931,6794477.057,0
5616,8.972413771,97.00270892,11.07849592,-0.000885145,-0.001990382,0.001940671,0.154908712,0.293977942,0.049206487,0.010100416,-2797.694775,6795384.906,0
5616,10.88647765,96.99507831,11.04301819,-0.00521321,0.007131599,0.000511264,0.155041144,0.293168002,0.038949469,0.010103276,-12162.14789,6798022.171,0
5616,8.264009957,97.00471707,11.01507344,-0.00896143,-0.005851507,0.01160311,0.153933602,0.292377066,0.064286222,0.010100907,-6190.714868,6720858.202,0
5616,10.00607543,96.99588332,11.01650259,-0.006905967,0.002454896,0.01663485,0.154221303,0.291883962,0.066569236,0.010102815,10702.06406,6793885.694,0
5616,8.001429055,97.00234765,11.03980212,-0.004998146,-0.002066558,0.000457808,0.154845385,0.293528914,0.045869423,0.010101309,10551.51977,6727386.425,0
5616,11.99752492,97.01836189,11.21860721,-0.004538795,-0.003198646,-0.007020102,0.155187123,0.292256783,0.051604535,0.010096026,-6455.105128,6796395.256,0
5616,8.020322206,96.98597293,11.10850325,0.004041444,0.002051947,-0.004375345,0.15498644,0.294264391,0.055025064,0.010102815,4973.382737,6795763.088,0
5616,10.98518956,97.01588522,11.07962027,-0.000428654,-0.004169358,0.002695703,0.162036432,0.311707861,0.054046339,0.010200292,-8594.218713,6722364.271,0
5616,9.941146014,97.01835517,11.08355711,0.004907026,0.003312836,0.012975177,0.155101489,0.294477524,0.059845953,0.010099888,10334.1827,6793316.444,0
5616,9.943895834,96.99835461,11.08437867,0.004811987,0.002940214,0.012582007,0.154923228,0.294049429,0.058486642,0.010100607,1839.888232,6793833.271,0
5616,10.99663973,96.97043006,11.19374906,-0.00490359,-0.001119391,0.001003336,0.161105276,0.310765842,0.051292176,0.010299256,609330.1405,6726080.562,0
5616,9.944248157,96.99152946,11.14922263,0.004080666,0.004900507,0.007329993,0.154670187,0.294230656,0.053610445,0.01010049,-12526.60776,6793512.903,0
5616,5.926866665,97.01807477,11.13635656,-0.011691998,0.005151655,0.000779028,0.154912296,0.294310812,0.040880824,0.010098723,5009.073012,6794963.503,0
5616,8.010919048,96.99968131,11.03899615,-0.005324821,-0.0020333,-0.000650841,0.154887438,0.293223367,0.046315362,0.010102749,-13.76300981,6723439.046,0
5616,7.973840998,96.98607383,11.09648399,-0.009811134,0.002864547,0.005314453,0.153847307,0.292641686,0.052639739,0.010099755,6285.699864,6726443.374,0
5616,7.154299886,96.99296551,11.11539039,-0.004847534,0.006351549,0.012324724,0.153973816,0.292831572,0.059748067,0.010099175,6747.063936,6724022.23,0
5616,9.728027761,97.01171479,11.08861749,0.004963293,0.002819266,0.012215928,0.155046989,0.293998583,0.059141228,0.010098005,524.7845199,6794711.16,0
5616,6.111981495,97.00761922,11.14883224,0.00508746,-0.005992492,-0.005395547,0.155085593,0.292985642,0.05029296,0.01010058,-4360.166276,6791713.059,0
5616,6.127840226,96.99667027,11.03795941,-0.003734161,0.001137699,0.022131709,0.155029342,0.294260897,0.068411223,0.010100404,570609.3572,6721946.103,0
5616,9.787283665,96.99488798,11.15370454,0.004225259,0.004655632,0.008020848,0.15491891,0.293298854,0.053575829,0.010100838,-398.4262397,6794644.213,0
5616,8.964842485,95.9945405,11.15976274,-0.010295164,-0.004898619,0.001709478,0.155044951,0.294116339,0.047975257,0.010097784,-6353.745557,6792248.363,0
5616,10.96189259,96.98714539,11.06342193,-0.001788209,0.003777271,0.017279851,0.15501514,0.292899092,0.066437885,0.010096546,-6700.656058,6798730.021,0
5616,10.85559847,97.0225117,11.02804631,-1.67E-05,0.002173686,0.013402307,0.155114023,0.292708218,0.065874423,0.01010135,-10782.93709,6721095.188,0
5616,7.920201073,96.99550818,11.03725219,-0.004981182,-0.002203212,9.11E-06,0.155094641,0.292741629,0.046330938,0.010103203,-3697.180908,6723356.405,0
5616,10.88606215,97.01696219,11.072024,0.012018902,0.003146241,-0.005918604,0.155003712,0.292925345,0.056076119,0.010097786,8123.736381,6794965.171,0
5616,12.17977154,96.02120089,11.16941726,0.002961202,0.001233437,-0.007390444,0.154890703,0.292746893,0.0601635,0.010103429,1345.660647,6793904.8,0
5616,10.09599451,97.01391235,11.11027923,-0.005692263,0.009181846,-0.007836984,0.153920463,0.292755965,0.050155367,0.010100612,-3839.890523,6722998.753,0
5616,11.13045327,96.99398499,11.19122846,-0.005021619,-0.000946948,0.000774043,0.160933029,0.310695234,0.050411303,0.010299985,608269.0828,6721623.843,0
5616,12.07403885,97.00562634,11.21798896,-0.004289102,-0.003048827,-0.007431031,0.154961597,0.293185398,0.050587608,0.010099142,-6058.176137,6792690.373,0
5616,7.884166641,96.99966281,11.10711542,0.003898378,0.00187832,-0.005154897,0.155032652,0.293719692,0.055037618,0.010097013,741.8723059,6794324.014,0
5616,7.946187636,96.98740611,11.01503517,-0.006953855,-0.000689471,0.003543709,0.154087117,0.291925145,0.05038101,0.010102131,587081.1358,6798609.628,0
5616,9.050206643,97.00452024,11.03514338,0.003317422,-0.003147661,-0.007978328,0.154993773,0.292536682,0.058304936,0.010098327,5752.126694,6724828.268,0
5616,10.87461765,96.98356903,11.02598126,-0.005844262,-0.00221892,0.000744333,0.154001964,0.292346015,0.047319736,0.010098318,-11515.97475,6797165.977,0
5616,8.073148996,97.01655137,11.06692591,0.001780365,-0.002859543,0.004322974,0.155017456,0.294313973,0.046120025,0.01010214,-6187.849868,6725752.953,0
5616,10.97534418,96.99352514,11.06637431,-0.001358245,0.003831939,0.016568772,0.154937156,0.292826054,0.065588704,0.010095938,-11963.18733,6796967.164,0
5616,10.96154583,97.00280334,11.02050287,-0.005931627,-0.002200554,0.000774479,0.153887276,0.292188965,0.047506314,0.010096713,-1859.741325,6790082.593,0
5616,6.072939863,97.00394787,11.04221636,-0.003670654,0.000695261,0.020425341,0.154786166,0.293918608,0.068747365,0.010099961,573773.2904,6724273.953,0
5616,11.04557852,96.99639193,11.0267937,-0.006039177,-0.00210194,0.000923753,0.153915322,0.291931763,0.047053956,0.010100633,-3661.451005,6797386.924,0
5616,6.962967222,97.0081761,11.08902251,-0.00286227,-0.001017461,-0.007969017,0.155057635,0.294142562,0.053187293,0.010101046,-3699.852641,6793842.511,0
5616,11.11893969,96.99338179,11.19128518,-0.004783223,-0.000948684,0.000208585,0.160914377,0.310792258,0.051074009,0.010299349,608759.127,6726461.98,0
5616,11.88908994,97.0121423,11.14888488,-0.004685423,0.005200817,0.002150287,0.154971032,0.293519536,0.04319457,0.010105459,7873.841014,6797320.517,0
5616,9.063190982,96.98124257,11.06660611,0.006273046,-0.003888774,-0.015474522,0.155056817,0.293944278,0.064956139,0.010099508,-606.2129931,6724034.911,0
5616,9.060848327,97.00176121,11.07197775,0.004225229,-0.001040292,0.014775356,0.155063426,0.295215177,0.05998732,0.010099502,5060.274299,6724028.194,0
5616,13.96824255,97.0270207,11.11719195,0.000918635,-0.008041838,-0.007762566,0.160868499,0.312506521,0.054332269,0.010198281,-7849.511735,6721396.208,0
5616,12.03345912,96.98605949,11.1541681,-0.001147643,0.000107692,-0.002181215,0.161121454,0.311358995,0.049860509,0.010200267,10141.25341,6722171,0
5616,11.87164389,96.99055502,11.21215699,-0.00391411,-0.002731366,-0.007337674,0.155137325,0.292509724,0.050486374,0.010101327,15789.35471,6792260.1,0
5616,8.094799155,96.00716176,11.16382182,-0.007759037,-0.004973336,0.007952434,0.15486237,0.294154815,0.057961916,0.010102596,3862.157036,6795342.285,0
5616,5.981030245,97.00250263,11.04689196,-0.008057514,-0.001099032,0.003277687,0.154899646,0.294296034,0.04956694,0.010096787,-15232.52426,6722207.917,0
5616,10.94637202,97.00488634,11.06613282,-0.001724939,0.00379041,0.015988447,0.15514509,0.293310351,0.066584045,0.010099469,-4048.319181,6796059.917,0
5616,11.10762152,97.00681726,11.13119508,-0.000624888,0.005694923,-0.007098406,0.160982111,0.311612595,0.050784384,0.010200964,4533.926362,6724352.68,0
5616,6.927738924,97.00884541,11.12589321,-0.004236623,0.004140647,-0.001973549,0.154729603,0.293771365,0.040470552,0.010101266,-3045.77851,6791854.146,0
5616,10.85550104,97.01546466,11.01699807,-0.002216119,0.004122009,0.00072636,0.153829501,0.292346087,0.043234123,0.010100014,9366.034122,6797843.846,0
5616,8.840299984,97.00571119,11.01273013,-0.006036249,-0.001878121,0.017844476,0.153969624,0.291734922,0.068639913,0.01010117,4352.955605,6796102.172,0
5616,11.06217267,96.99663786,11.12606068,-0.001920565,0.001972841,-0.006945181,0.160858327,0.311895712,0.052243446,0.010198255,-5134.489558,6724550.589,0
5616,6.868636287,97.00937291,11.12042432,-0.00413546,0.004296998,-0.001558754,0.15494964,0.294548374,0.041075132,0.010103361,279.5019282,6793459.28,0
5616,6.180030455,97.02647655,11.04007,-0.003650818,0.000897805,0.021135401,0.155003946,0.293983367,0.068150096,0.010102141,558344.9353,6725922.3,0
5616,5.786407601,96.99815163,11.13397084,-0.011890492,0.005201653,0.000649507,0.155178121,0.293747097,0.041519044,0.010097099,-1295.044108,6796786.377,0
5616,7.174045376,96.98641907,11.05357867,0.013010186,-0.003008178,0.017860416,0.154964619,0.293694606,0.058679294,0.010097681,-4021.421446,6724657.999,0
5616,10.02164902,97.01542815,11.01160312,-0.007370797,0.00187158,0.017039432,0.154130649,0.29211578,0.066958968,0.010097741,8651.727195,6798673.205,0
5616,7.990077865,96.99832238,11.11248775,0.003660215,0.002125081,-0.005469531,0.155174041,0.293536091,0.054833927,0.010101463,15550.24599,6794912.305,0
5616,6.94409485,96.96972192,11.21246392,-0.006927435,-0.004913528,0.003388232,0.155174717,0.292913932,0.05057156,0.010097228,-10446.06513,6796506.563,0
5616,8.040948766,97.01180958,11.10390194,0.003449296,0.002075355,-0.004819624,0.155034687,0.294115958,0.054879533,0.010099286,-14051.14659,6795355.044,0
5616,7.996138925,95.99253973,11.20907671,-0.002738505,0.005017158,-0.011821195,0.154760847,0.293452079,0.055406375,0.010100981,-1754.252684,6795544.54,0
5616,7.113191588,96.99873834,11.11384979,-0.00404084,0.003992001,-0.002192932,0.155056134,0.294232294,0.041207862,0.010099857,-11084.62474,6791836.134,0
5616,8.011719013,97.00462644,11.03883188,-0.007162531,-0.005495825,-0.007795857,0.155127708,0.291751519,0.05423637,0.010100558,574778.9175,6725331.584,0
5616,7.015419982,97.00265478,11.21359252,-0.006404023,-0.004750008,0.002881384,0.154990125,0.293410067,0.051053736,0.010097701,5530.927044,6793170.589,0
5616,7.962695755,97.00988684,11.13126521,0.003953144,0.004152586,-0.002748074,0.155212512,0.292895775,0.051191985,0.010101283,10992.80974,6793227.002,0
5616,8.99415775,96.99393111,11.07736183,-0.00102746,-0.0019764,0.001136771,0.155104738,0.29357,0.048706298,0.010098677,1518.598347,6798011.925,0
5616,10.03157846,97.00715059,11.01972301,-0.006742909,0.002212607,0.016803389,0.154069223,0.291940133,0.066886454,0.0100993,-1373.021455,6794732.674,0
5616,7.82454786,96.99638299,11.01451885,-0.006560187,-0.000890653,0.004780398,0.154132335,0.292500455,0.051070438,0.010100513,573899.0043,6793353.854,0
5616,8.861684955,97.01029598,11.07389885,-0.001422991,-0.001994468,0.001652402,0.155040609,0.2940575,0.049101809,0.010100222,234.5801941,6794271.396,0
5616,6.076254056,97.00857569,11.13933925,-0.012461299,0.004935919,0.000726369,0.154696345,0.294004357,0.041117463,0.010100052,565.4520594,6792470.321,0
5616,8.017529681,96.98696383,11.0487477,-0.005160629,-0.002017081,-0.000202995,0.154939199,0.293569718,0.045949251,0.010098381,4725.056598,6727329.601,0
5616,6.981124508,97.01513413,11.21101082,-0.006849519,-0.005669264,0.002449508,0.15514583,0.292501916,0.05086154,0.010099354,-5149.773003,6793240.473,0
5616,10.0018912,96.99253087,11.13496221,0.000128309,-0.002955543,-0.005000687,0.160901625,0.311552637,0.05215845,0.010200005,-3145.448036,6724195.357,0
5616,11.03565962,97.011261,11.03492869,0.000276249,0.001896885,0.013895509,0.154972778,0.292437717,0.066332661,0.010097034,-10789.07717,6727173.322,0
5616,7.944624172,97.00511848,11.01382553,-0.0073098,-0.000663794,0.004061565,0.153872726,0.292129674,0.051151566,0.010099002,571605.8659,6794248.687,0
5616,10.920151,97.02561673,11.01257872,-0.002598102,0.004004083,0.000976207,0.154217304,0.292057936,0.042914446,0.010100836,-8080.839494,6796033.732,0
5616,8.020092448,96.9968858,11.11160478,0.004221566,0.001749015,-0.005065652,0.155204827,0.294536842,0.054834467,0.010097244,-11464.99683,6793001.967,0
5616,11.89962532,96.99513196,11.15393479,-0.005213867,0.004989471,0.002019504,0.154892334,0.293084725,0.042952015,0.010102495,2510.58836,6799031.185,0
5616,10.04188407,96.99972937,11.06464847,-0.006521238,0.000779168,0.011463503,0.155017943,0.292859361,0.064107426,0.010102739,-3754.426273,6796626.164,0
5616,8.82532601,96.99577492,11.03042334,0.00303746,-0.002900066,-0.008086301,0.154917107,0.292000625,0.057310149,0.010097314,-3902.17279,6724347.115,0
5616,7.105584666,97.0111479,11.21681938,-0.006795177,-0.004938582,0.002739853,0.155074908,0.29304096,0.050424258,0.010102929,-7171.882653,6793103.259,0
5616,8.048485424,96.97747527,11.01544498,-0.009031519,-0.005797804,0.011872607,0.154062086,0.29141826,0.063766355,0.01009969,-23647.14773,6724432.97,0
5616,8.026266983,95.985316,11.2070185,-0.003118231,0.004833048,-0.011737468,0.155098876,0.293943142,0.055075991,0.010100903,11096.10865,6793898.562,0
5616,11.1008177,96.98511922,11.01500258,-0.002041152,0.004007179,0.001639863,0.154040432,0.292180905,0.042912221,0.010098929,-7287.703564,6798560.792,0
5616,7.170866832,97.01324338,11.01955157,0.001904304,0.00671185,0.006715355,0.154357569,0.292073079,0.050542259,0.010101991,-2979.825689,6792983.898,0
5616,11.10406776,97.02383892,11.03350098,-0.000348109,0.002148083,0.014044832,0.154874786,0.293214065,0.065456172,0.010100876,-10619.71541,6725001.274,0
5616,10.81113829,96.99854441,11.09621499,0.004815447,0.005109532,-0.003846673,0.160791627,0.312246861,0.053724364,0.010198244,7165.669305,6723147.856,0
5616,7.868723736,96.99764732,11.0273568,0.000134611,-0.006895338,0.009550211,0.153952117,0.29195109,0.052557656,0.010097486,1093.353782,6724444.884,0
5616,6.935897683,97.00097624,11.21112744,-0.006916932,-0.004999658,0.003009252,0.154808999,0.29278034,0.051048102,0.01009685,-6013.63325,6794284.545,0
5616,7.002676772,97.01619181,11.12163459,-0.003956602,0.004087557,-0.002664173,0.154818199,0.294208597,0.041324611,0.010100405,-2831.395741,6794602.111,0
5616,8.053108444,96.98707651,11.03559184,-0.005256979,-0.001661331,-0.000801649,0.154878027,0.29313422,0.046752514,0.010101235,12340.97939,6726332.205,0
5616,11.92554341,97.00332188,11.14813134,-0.00504687,0.004939818,0.002166192,0.154887666,0.292718174,0.042745473,0.010101404,-491.7548136,6795764.528,0
5616,8.019161054,97.01359025,11.02670674,-0.000562187,-0.006970733,0.009826046,0.153883716,0.292493797,0.051963566,0.010099745,-1289.591981,6725398.713,0
5616,7.92250263,97.00698319,11.0396291,-0.004953912,-0.002229277,9.17E-05,0.155063126,0.293102081,0.045900058,0.010097504,-6856.416512,6719383.646,0
5616,6.937262256,97.00264199,11.0501314,0.013368976,-0.003183286,0.016991891,0.15493834,0.294253963,0.058282944,0.010098529,-13841.49221,6725366.546,0
5616,8.855685732,97.01395047,11.06640118,0.005619332,-0.003979352,-0.015442458,0.154978133,0.294484361,0.064886129,0.010102486,-1129.961712,6721924.747,0
5616,11.90528228,96.96232805,11.06414115,-0.000151305,0.000233036,-0.008020507,0.155108929,0.293007617,0.054323224,0.010098955,2427.968742,6796161.007,0
5616,7.861325962,97.0094468,11.0316068,-0.003915014,0.0029459,0.009441218,0.153906652,0.293110293,0.060198319,0.010100309,8101.13327,6727365.909,0
5616,10.89988176,96.99088487,11.06963583,0.012323524,0.002950199,-0.005369678,0.154967775,0.293281874,0.056227115,0.010097679,-16435.37253,6793288.186,0
5616,11.10809679,96.9744885,11.17155825,-0.001115746,0.002914108,0.009385539,0.161044554,0.310747763,0.064862242,0.010200726,-8202.517715,6722843.514,0
5616,7.902597857,97.00712406,11.02578343,-0.000178761,-0.007112885,0.00991128,0.153763493,0.292018809,0.051759306,0.010099013,-4213.709712,6723587.761,0
5616,14.27006526,97.01914315,11.11167725,0.000491562,-0.007937733,-0.008472307,0.160709489,0.312043688,0.054465635,0.010202258,17.4156808,6725396.042,0
5616,8.050611204,95.99808453,11.18957116,-0.005973289,-0.003316065,-0.008741512,0.155042161,0.29366731,0.053817556,0.010101669,-1020.412678,6794697.691,0
5616,8.018962983,97.01327916,11.02477927,-0.001472671,-0.002729599,-0.002150189,0.154059933,0.292806492,0.046107886,0.010098931,-849.5308467,6727781.409,0
5616,11.91193808,97.02246853,11.14768884,-0.000928377,-0.000140468,-0.002235035,0.161251448,0.310510289,0.04905992,0.010199727,3033.522637,6724026.558,0
5616,9.071847233,97.0183245,11.06782369,-0.005005753,-0.004847609,-0.00061337,0.155019258,0.294548285,0.045536241,0.010098811,-6577.334343,6725336.312,0
5616,7.940943308,97.02285437,11.10984366,0.004083172,0.001731909,-0.004986663,0.155099855,0.294457325,0.055356369,0.010096938,6888.934206,6794955.241,0
5616,8.012517412,97.01034221,11.04064445,-0.005002864,-0.001858811,0.000234118,0.154976189,0.293248203,0.045524825,0.01009815,3219.022501,6726234.258,0
5616,11.262648,97.00105123,11.01662217,-0.002209946,0.004141845,0.00055531,0.154036206,0.291642984,0.042564338,0.010100428,-2301.127339,6791997.136,0
5616,10.99014488,96.97767518,11.17015034,-0.000787403,0.003081103,0.009363404,0.161203093,0.311211325,0.065212377,0.010200702,11774.94262,6723460.863,0
5616,11.11790796,96.9965709,11.09574143,0.005058299,0.00479008,-0.003951418,0.160741271,0.312510783,0.053976397,0.01020032,11449.05934,6723055.895,0
5616,8.927858678,96.98824861,11.01440249,-0.005995452,-0.001947321,0.017855514,0.154050384,0.291989469,0.067833017,0.010099349,6879.360823,6796478.868,0
5616,6.996410409,97.03025402,11.11990156,-0.00425187,0.003750262,-0.00171613,0.155260141,0.29490434,0.04137259,0.010102013,-22078.37429,6794474.718,0
5616,12.18167261,96.99754887,11.15233177,-0.000663393,-5.34E-05,-0.002036211,0.161034355,0.31040006,0.049068771,0.010200137,11614.06302,6721443.359,0
5616,7.935677263,97.00171697,11.01448757,-0.006828353,-0.000782695,0.00409293,0.15420106,0.292241437,0.051019244,0.010101517,594221.9226,6795151.264,0
5616,8.185945419,97.00768544,11.02642462,-0.002142782,-0.00283182,-0.002735639,0.153923354,0.292405929,0.046286086,0.010096173,14746.18174,6722781.844,0
5616,11.07261074,97.00060764,11.12239711,-0.001741297,0.002003205,-0.005144251,0.160996096,0.31231017,0.051862389,0.010191538,9111.630974,6719793.268,0
5616,7.942294572,97.02362205,11.13081354,0.003871511,0.003794222,-0.003074427,0.155004084,0.292928888,0.051575422,0.010100612,11609.87323,6796025.453,0
5616,8.064880916,95.99132283,11.16148229,-0.008201938,-0.004863719,0.008316113,0.15472987,0.293898932,0.057710899,0.010096926,6481.641009,6795609.5,0
5616,12.09977775,97.00271203,11.14646466,-0.001196179,4.09E-06,-0.002378877,0.160857701,0.311154554,0.049240999,0.010199542,9926.667277,6724121.416,0
5616,10.06379365,96.98965301,11.14456159,-0.006457346,0.006510191,0.016139575,0.154866387,0.293283867,0.063526012,0.010099348,14656.81525,6796973.239,0
5616,13.83890517,96.98160431,11.1121657,0.001121767,-0.00783479,-0.008590387,0.161100138,0.312209649,0.05349473,0.010203425,1629.94145,6722016.134,0
5616,7.925400461,96.99147445,11.13224974,0.00352714,0.003994885,-0.002795145,0.155106239,0.29336192,0.050874045,0.010100863,-11479.0306,6792187.105,0
5616,7.9746062,96.99948386,11.02629274,-0.004317223,0.003253832,0.00983869,0.154039472,0.292645453,0.060419027,0.010100358,-2210.366519,6724619.023,0
5616,10.99236361,96.99401729,11.07081912,0.011464017,0.002768793,-0.005986772,0.155100386,0.29292074,0.056424543,0.010101806,2900.390338,6794317.452,0
5616,14.06367692,96.9903505,11.11440411,0.000977774,-0.008670589,-0.007683712,0.160980005,0.311672893,0.053937086,0.010200795,591.7369502,6721700.877,0
5616,9.018230965,96.98040171,11.06856114,-0.005038818,-0.004941087,-0.001558528,0.15514641,0.29486564,0.044730481,0.010099013,-9092.972303,6724763.114,0
5616,7.863002365,96.99884185,11.10609707,0.003915637,0.002061548,-0.005310179,0.155001071,0.294353277,0.055350692,0.010102311,-11910.14181,6793746.22,0
5616,8.039005824,96.97903038,11.01247626,-0.007269227,-0.001356894,0.004207237,0.154007049,0.292037576,0.051434193,0.010097606,582965.9592,6791872.921,0
5616,11.06264212,97.01059206,11.06194823,-0.002302708,0.003793443,0.016950813,0.154967648,0.293907136,0.065572735,0.010100697,5962.159409,6794201.582,0
5616,10.05743085,97.00114887,11.15057316,0.004119915,0.005581615,0.007937428,0.155083375,0.294067302,0.052558336,0.010096661,11623.89852,6792609.563,0
5616,6.110881064,96.97968772,11.04196935,-0.00814217,-0.001064513,0.003267875,0.154948693,0.294020772,0.050082637,0.01010044,6759.497187,6725209.422,0
5616,8.085554982,96.9956909,11.03474496,-0.007918306,-0.005845698,-0.008048474,0.155118942,0.29203695,0.054230885,0.010100416,582189.5885,6723504.943,0
5616,8.047108886,95.98951803,11.18520415,-0.006228599,-0.003137352,-0.008119867,0.15486209,0.293778055,0.053890284,0.010103617,-549.791666,6796505.684,0
5616,7.992801455,97.00444798,11.04166419,-0.004953244,-0.002441254,-0.000791757,0.154866138,0.292979874,0.046249204,0.010096624,-12724.33528,6727631.907,0
5616,6.829596225,97.01868037,11.04953133,0.013336548,-0.003035941,0.017042878,0.155083737,0.294392448,0.058739481,0.010098704,-3293.171182,6726041.627,0
5616,6.044076032,96.9738678,11.04174262,-0.003848633,0.000943932,0.020263381,0.154989214,0.29403966,0.06722421,0.010101775,562999.0225,6722056.976,0
5616,14.0213074,97.00160299,11.11136751,0.000893502,-0.008084413,-0.009135858,0.16094471,0.311723892,0.053844489,0.010200723,-3599.712788,6725875.808,0
5616,9.02786222,95.99776841,11.15779048,-0.009933583,-0.0050242,0.002134796,0.15510842,0.293678089,0.048023197,0.010100389,443.269095,6797407.471,0
5616,8.869013911,97.00935572,11.03028604,0.002937853,-0.002944214,-0.007936786,0.154926028,0.291843339,0.057898806,0.010097937,3277.220334,6724723.077,0
5616,9.889090639,97.00297108,11.12790793,-0.000997965,0.007968311,0.013870926,0.154975613,0.293025703,0.060574958,0.010098725,6294.352308,6797110.476,0
5616,9.108046624,96.98952064,11.06451526,0.005915917,-0.004266826,-0.015048122,0.155170443,0.294415345,0.064333917,0.010102686,-1995.31702,6723888.108,0
5616,11.9959419,95.9955537,11.17567848,0.002957563,0.001102632,-0.006595999,0.155187487,0.293533536,0.059811403,0.010099889,-13909.21826,6791235.124,0
5616,11.06991753,96.98890667,11.02576985,5.48E-05,0.001588496,0.013883007,0.155191538,0.292888707,0.066329311,0.01010081,-3496.329757,6723409.395,0
5616,6.002905281,97.01499512,11.14594678,0.004743483,-0.006432822,-0.005768836,0.154965634,0.293050217,0.050460845,0.010099752,363.3306452,6797782.394,0
5616,10.00305279,97.000297,11.14688183,-0.006262332,0.007156038,0.015705739,0.155149915,0.292361906,0.063435721,0.010097448,9004.244906,6792004.194,0
5616,7.096261808,97.02649478,11.04953838,0.012641434,-0.00289297,0.017133785,0.154884406,0.293709924,0.058700678,0.010102015,-4118.264353,6724832.52,0
5616,11.94705717,96.99915464,11.22388691,-0.004413241,-0.003012116,-0.007107956,0.154889528,0.292763412,0.050576755,0.010101086,3798.774021,6794512.94,0
5616,11.00986137,96.99012772,11.04102444,-0.005314341,0.006705427,-0.000186027,0.154713685,0.292723018,0.039182194,0.010104974,2168.487907,6794124.581,0
5616,13.95257357,96.97890504,11.11005949,0.001041178,-0.008149437,-0.007175762,0.161203776,0.312066774,0.054232991,0.010197809,364.6490535,6722410.083,0
5616,9.955423517,96.97487164,11.10972042,-0.006230546,0.008944535,-0.007466556,0.153894756,0.292944128,0.050146805,0.010101775,6861.89216,6725090.929,0
5616,8.968280954,96.97792366,11.06079802,-0.004867368,-0.005336887,-0.000938033,0.154984587,0.294806771,0.044261127,0.010097171,-4800.531033,6723905.337,0
5616,11.02278948,97.00372265,11.06476395,-0.001991036,0.003843994,0.014955842,0.154889111,0.293148923,0.065681977,0.010100339,-4172.582212,6792457.118,0
5616,5.950883509,97.00708954,11.13256028,-0.01250833,0.005137704,0.000836408,0.15508468,0.294599596,0.040989108,0.010102107,-44.18991001,6795165.553,0
5616,10.1288324,96.9779647,11.13068084,-0.000830865,0.008301298,0.015224882,0.154954243,0.293570429,0.061178739,0.01009553,-4648.24903,6796666.643,0
5616,7.908219117,97.01247316,11.0243906,0.000209374,-0.007088541,0.009895475,0.153841057,0.291330913,0.052281492,0.010099558,3765.194558,6726200.198,0
5616,7.980828186,96.99326811,11.06565804,0.001743353,-0.002840308,0.005499925,0.1550538,0.29420081,0.04605292,0.010098785,-5183.808622,6723411.228,0
5616,7.954886457,96.00204569,11.20613868,-0.002891493,0.00459595,-0.011346581,0.154825354,0.292938051,0.05512135,0.010098486,1700.953018,6792277.947,0
5616,8.148450508,96.02246773,11.16709246,-0.008221175,-0.004860793,0.008099224,0.154897994,0.294053991,0.058031133,0.010100831,-691.6748219,6794074.242,0
5616,7.02016524,97.01249825,11.1180592,-0.004974778,0.00583029,0.011618527,0.153743355,0.292861405,0.060251524,0.010102418,1617.55621,6727768.598,0
5616,7.10586053,96.99625779,11.02036689,0.001673466,0.007064879,0.005896433,0.153826544,0.292040919,0.050114777,0.010099712,-3326.618939,6796311.641,0
5616,10.84759118,96.98758044,11.17438435,-0.001463037,0.002947701,0.01031003,0.161021747,0.311052687,0.065024116,0.010200443,-2442.275815,6724561.058,0
5616,9.027397618,96.97001254,11.0344118,0.002901144,-0.002721266,-0.008369208,0.154760695,0.291798536,0.057901547,0.010100247,745.8874402,6726272.238,0
5616,9.091270326,96.98997796,11.06807988,0.005968049,-0.00418459,-0.014920177,0.154819578,0.293688082,0.065029822,0.010100004,1523.776448,6725617.561,0
5616,11.0084418,96.99705771,11.01515329,-0.002102694,0.004132485,0.000433641,0.153999711,0.291843863,0.043177776,0.01009765,11.96245667,6795302.047,0
5616,8.109311348,95.98624277,11.15635455,-0.008305754,-0.005059003,0.007879807,0.154933782,0.294081518,0.058098125,0.010102391,12540.14807,6795757.549,0
5616,8.946929574,96.99817082,11.07018325,0.003896733,-0.001033418,0.01401528,0.155242655,0.295208439,0.060139709,0.010100637,-7218.235719,6723951.715,0
5616,7.144589869,97.001071,11.12247516,-0.00393046,0.003961189,-0.001878286,0.155223391,0.294296949,0.041492587,0.010100852,-427.4660437,6792292.967,0
5616,16.23585198,96.99686643,11.0628568,0.002988407,-0.000178518,-0.003505184,0.154894276,0.293828032,0.050097277,0.01009826,-11489.89956,6726173.016,0
5616,10.96277513,96.99094164,11.07388471,-0.000952872,-0.004002976,0.003542383,0.162067866,0.312098772,0.05376191,0.010199009,2769.715611,6725363.358,0
5616,10.95429434,97.00235035,11.07084653,0.011826955,0.002986775,-0.006270484,0.155091272,0.293334932,0.056324157,0.01009962,-8130.375822,6792946.733,0
5616,8.149107783,97.00615884,11.0309907,0.000302575,-0.006949075,0.009241211,0.15392722,0.292405604,0.051498801,0.01009669,-1997.352253,6726115.452,0
5616,9.162053816,95.98480432,11.16265169,-0.010303725,-0.004982161,0.001950596,0.154817824,0.293979527,0.047603276,0.010096358,-2684.225879,6797594.29,0
5616,11.94635797,97.0196626,11.14781841,-0.005874096,-0.001831547,-0.015984423,0.160998502,0.31092312,0.065123208,0.010198704,2101.304201,6723268.41,0
5616,7.956891569,96.99862609,11.13578645,0.004305202,0.004194949,-0.002927229,0.154978945,0.293066507,0.051189444,0.010101127,-4008.090603,6793277.503,0
5616,10.97109073,97.00026269,11.03892663,-0.004875814,0.006778218,0.000617253,0.154946918,0.292599924,0.038543244,0.010098591,-4320.098832,6795255.671,0
5616,5.862068133,97.0098696,11.03500998,-0.004052298,0.001183394,0.020892853,0.15505388,0.293932628,0.067859561,0.010097802,575418.0129,6723836.316,0
5616,10.90575229,97.00325007,11.02229258,-0.006136423,-0.002250431,0.000945794,0.153908552,0.292259102,0.046777654,0.010098242,2128.148536,6793965.397,0
5616,7.896981697,97.01328281,11.03057713,0.000267551,-0.006875906,0.00950009,0.153859672,0.292223385,0.051821459,0.010099018,-4069.410249,6725424.096,0
5616,7.92122897,97.00400133,11.13219757,0.003632543,0.004130824,-0.002628165,0.155013288,0.292905952,0.051346165,0.010099237,-1795.20383,6791880.115,0
5616,7.996441556,96.99146514,11.09328722,-0.010250517,0.002596529,0.00508352,0.154047016,0.293075762,0.053259186,0.010104672,12100.3033,6722376.554,0
5616,8.024028906,96.00503787,11.16112188,-0.008102662,-0.004980372,0.007809664,0.15485667,0.293713038,0.057992985,0.010102275,-1680.96141,6794613.968,0
5616,11.15907125,96.98406116,11.03657652,0.000319601,0.001901102,0.013136893,0.155113053,0.293244802,0.06579971,0.010102211,-5008.919405,6724721.859,0
5616,11.89757538,97.00151288,11.22076184,-0.003901932,-0.003160172,-0.006345462,0.154784333,0.29297292,0.050504872,0.010102521,-4977.368872,6795063.216,0
5616,12.10098507,96.99953691,11.065498,-0.00024998,0.000285159,-0.008556326,0.154929579,0.292903974,0.054521005,0.010097845,-3981.602327,6798346.572,0
5616,13.97804614,96.99709971,11.11253421,0.000919869,-0.008137989,-0.008267939,0.160968571,0.311874127,0.054217221,0.010197363,-4313.837969,6723384.745,0
5616,7.994925346,96.99820872,11.01786578,-0.009158638,-0.006170223,0.012162385,0.1539225,0.291978114,0.063740754,0.010097612,-9335.235859,6725699.537,0
5616,12.06923209,96.97377476,11.05455831,-0.00018329,1.60E-05,-0.008542223,0.154931169,0.292844147,0.05426399,0.010102879,-8196.016176,6793276.599,0
5616,7.884816032,96.99235303,11.0703254,0.00225278,-0.002855275,0.004323213,0.15522792,0.294229021,0.045974238,0.01009882,-6034.850528,6726217.064,0
5616,12.03923275,97.00129388,11.14558,-0.005354228,0.004970099,0.001037529,0.154896352,0.292862449,0.042894672,0.0100973,4378.314686,6793745.304,0
5616,8.017076913,97.00222774,11.13363486,0.004415438,0.004246216,-0.002673279,0.155297371,0.29355432,0.05115966,0.01009907,-2750.863745,6794859.31,0
5616,7.050522293,96.98567843,11.1157864,-0.004786125,0.006112087,0.011752948,0.154053247,0.293509865,0.059727976,0.010099485,-1475.703513,6724786.753,0
5616,8.02966682,97.01763877,11.09227542,-0.009718305,0.002540189,0.006326498,0.154011213,0.29268976,0.052873891,0.010100579,9350.168204,6726781.638,0
5616,11.2518978,96.98792908,11.02854796,-0.000119546,0.001888232,0.013549406,0.155058012,0.293024256,0.066044559,0.010100541,9532.858868,6722431.787,0
5616,11.93457203,97.01351025,11.05721976,-3.87E-05,-0.000118603,-0.008417557,0.155308177,0.292773584,0.053816773,0.010098213,-2024.88766,6790950.891,0
5616,10.94552317,97.00595333,11.12142111,-0.002370085,0.002101191,-0.006256209,0.160878968,0.311886333,0.052245459,0.010201479,-4580.368817,6722837.696,0
5616,10.93606984,96.99099425,11.07639432,-0.001135484,-0.004554088,0.003110177,0.161863519,0.312696806,0.05468568,0.010198621,-6292.032794,6723995.351,0
5616,6.943011665,97.02474054,11.21344053,-0.006872523,-0.004461915,0.002786926,0.154908048,0.292892971,0.05072328,0.010099663,5119.357246,6794748.522,0
5616,10.93460823,96.98336561,11.01076426,-0.001665315,0.004112097,0.00127748,0.154003915,0.292125352,0.042389137,0.010101482,-1457.436184,6797278.98,0
5616,11.12198535,97.01280923,11.12864589,-0.001285903,0.006031427,-0.007443449,0.16078978,0.312188369,0.050265648,0.010198615,-2789.568969,6724013.516,0
5616,10.14573449,97.01394401,11.09056696,0.004905615,0.003249424,0.012373929,0.155002721,0.293651801,0.0589448,0.010098772,-5920.239313,6793881.943,0
5616,9.941445147,96.99065431,11.12649704,-0.00103907,0.008494736,0.013185135,0.155206295,0.292702443,0.060756713,0.010101276,-5597.432685,6790622.022,0
5616,11.91460574,97.01940524,11.14889748,-0.001360437,0.000183811,-0.003007617,0.161018443,0.310580328,0.049076255,0.01019815,2388.33914,6722868.66,0
5616,16.04836417,96.99651538,11.06232488,0.003152705,0.00020029,-0.003234764,0.154964347,0.2936917,0.050048644,0.01009917,-9597.754501,6726715.381,0
5616,13.94334551,97.0040232,11.11645498,0.000813043,-0.007972412,-0.00813639,0.1609247,0.311008245,0.053411849,0.010201199,7333.797481,6722501.627,0
5616,9.064934683,96.00362782,11.15956847,-0.010050456,-0.005029875,0.001713863,0.15510945,0.294189504,0.047334197,0.010104431,-3869.829245,6794655.475,0
5616,8.02081858,95.99812829,11.16044427,-0.008116708,-0.005100438,0.008563452,0.154899403,0.294714819,0.058108565,0.010101306,-1054.164573,6795329.034,0
5616,8.844494525,97.01129934,11.0784171,-0.001203832,-0.002174389,0.002556484,0.155224914,0.294051439,0.049049683,0.01010102,-9755.329478,6793104.438,0
5616,8.158763956,96.01105797,11.15877179,-0.008001819,-0.005145026,0.007848283,0.155235507,0.293507166,0.057843786,0.010101145,-48.18447135,6795688.063,0
5616,8.184245354,95.97563265,11.19099545,-0.006055677,-0.003285097,-0.009812919,0.155031275,0.293776326,0.053392065,0.010097685,-2363.629109,6797440.25,0
5616,8.937131871,97.01817714,11.01319666,-0.006096025,-0.002016016,0.017743196,0.153998597,0.29184032,0.068172933,0.010100249,-324.3559874,6794881.394,0
5616,7.960224345,96.97683169,11.02609854,-0.002188112,-0.003355626,-0.00227181,0.154125547,0.2916459,0.046466605,0.010099936,10827.64693,6722699.636,0
5616,12.02932793,97.01438945,11.14554409,-0.005917489,-0.001959698,-0.016297782,0.16113336,0.311299327,0.06510198,0.010200694,1345.056067,6723153.957,0
5616,9.034313089,97.01570164,11.00940324,-0.005572984,-0.002007669,0.017683827,0.15390182,0.292281955,0.067689098,0.010100251,-5780.98313,6791232.748,0
5616,6.067562354,96.98479641,11.04456628,-0.007963877,-0.000968983,0.002703882,0.154935859,0.293597925,0.050016344,0.010100819,-5170.439324,6725396.614,0
5616,11.20623389,96.99427494,11.08159924,-0.000742771,-0.00411022,0.002824838,0.161838922,0.312252314,0.053498832,0.010199328,4404.330292,6723966.439,0
5616,5.981846367,96.98459102,11.13313356,-0.012358999,0.005649512,0.000712003,0.155049829,0.294531301,0.04138812,0.010100126,9560.469097,6797763.186,0
5616,6.918099901,96.99700488,11.12134245,-0.003959261,0.004287115,-0.001905598,0.155081204,0.294662053,0.041030025,0.010097351,2109.079771,6794463.526,0
5616,7.85849083,96.99570727,11.10188786,0.003716625,0.001737282,-0.004836698,0.154835562,0.294997038,0.054351339,0.01009931,5090.315606,6795560.415,0
5616,7.925011338,97.01086526,11.02428787,-0.000381389,-0.006950843,0.009587339,0.153944551,0.291686124,0.051889696,0.010103,4510.687063,6723121.924,0
5616,7.996601388,97.01826032,11.01690904,-0.009190929,-0.006128348,0.012575986,0.153835888,0.292982774,0.064169965,0.010100688,10442.21526,6724001.816,0
5616,11.18410995,97.0194501,11.12033587,-0.001692214,0.001785848,-0.006444117,0.160890515,0.311876743,0.051877819,0.010199955,-14244.62702,6720504.79,0
5616,7.946896452,96.99216569,11.03425731,-0.007754676,-0.006282884,-0.00873311,0.155067121,0.291793834,0.053898786,0.010104091,579329.9555,6724325.252,0
5616,8.022959186,95.99708431,11.18704432,-0.005937248,-0.002908761,-0.00882745,0.154910653,0.294113815,0.05355082,0.010097064,7251.750526,6793985.706,0
5616,11.99831512,96.97653979,11.14985573,-0.005395792,0.004856163,0.00162959,0.154963356,0.292797454,0.04320784,0.010097607,-9767.806079,6795213.587,0
5616,7.121921411,96.98876948,11.21045138,-0.007050686,-0.004795696,0.003145594,0.154801773,0.29313886,0.050762105,0.010103695,-6448.233188,6793368.671,0
5616,8.259246811,97.01344607,11.02044504,-0.003922091,0.003209783,0.008910773,0.154022778,0.292540639,0.059208893,0.010100099,-6192.088267,6724891.795,0
5616,8.945536321,97.02251459,11.01778924,0.002045329,0.001290028,-0.001369006,0.153994607,0.292916919,0.047863802,0.010099477,-5298.166198,6724132.697,0
5616,10.9497867,96.98279825,11.06922271,0.011523874,0.002820065,-0.005695349,0.154911204,0.293447357,0.056359942,0.010097413,-3487.56947,6794345.909,0
5616,7.107124106,96.99174348,11.1203404,-0.005229908,0.006100348,0.011320056,0.153976976,0.292980144,0.059858052,0.010100966,1820.38536,6725123.258,0
5616,12.06995763,96.99963201,11.14295356,-0.001016547,0.000133508,-0.002670111,0.161021962,0.311049273,0.049637592,0.010201175,6386.876893,6723362.78,0
5616,12.18946015,97.0039043,11.14653647,-0.005861513,-0.002100097,-0.015242209,0.160900739,0.311165381,0.06515737,0.010197639,7967.206608,6724626.126,0
5616,12.05990723,96.98871745,11.14645881,-0.00656711,-0.002162918,-0.016334145,0.160820173,0.311407367,0.065124276,0.010199697,-6097.167152,6723057.846,0
5616,7.963138971,97.00590967,11.09806593,-0.010041866,0.003339763,0.004621987,0.154219941,0.292424014,0.052952896,0.010099276,-6148.029474,6724322.271,0
5616,8.060597339,96.99339663,11.02587241,-0.00196306,-0.002951977,-0.003026866,0.153922859,0.292203403,0.045974949,0.010100552,9685.232182,6724386.077,0
5616,8.113745767,96.99979859,11.01712164,-0.006780603,-0.00086575,0.003841044,0.153988213,0.291906693,0.050903361,0.010097585,593137.201,6793867.186,0
5616,11.08417613,97.00761296,11.12341369,-0.001821082,0.001826463,-0.006103192,0.161123133,0.312057987,0.05188911,0.010202701,650.1730995,6722577.189,0
5616,6.052043012,97.0000895,11.03676035,-0.007849562,-0.001257386,0.003324227,0.155429883,0.294368842,0.050194752,0.010101976,3511.289388,6728409.788,0
5616,8.109433877,96.99391857,11.0452498,-0.00520657,-0.002120208,-0.000633995,0.154848406,0.292584446,0.045656684,0.010099217,-175.9401435,6723156.321,0
5616,6.119962113,96.99847249,11.04063082,-0.004492707,0.00097382,0.020311079,0.155054795,0.29364762,0.067605301,0.010099533,568739.7785,6724319.841,0
5616,9.141800512,96.99876858,11.07848853,-0.001101499,-0.002224652,0.002204355,0.154913811,0.293326508,0.048587948,0.010099706,-2420.174177,6794220.964,0
5616,8.06655341,96.99484357,11.03849852,-0.001741347,-0.003002078,-0.001543798,0.153934369,0.291808903,0.046750463,0.010098321,2012.192722,6724268.051,0
5616,7.982854773,96.99639345,11.05989639,0.002359834,-0.003356436,0.004288029,0.154912269,0.294462964,0.04619456,0.010099043,-11027.19732,6724262.217,0
5616,10.01505187,97.02227857,11.13305101,-0.000816514,0.007763563,0.01449009,0.154862881,0.292958038,0.061111705,0.010099417,-4997.361483,6795254.318,0
5616,8.123779963,97.00781691,11.04215817,-0.004889131,-0.001858373,1.70E-05,0.15499497,0.292533663,0.045612043,0.010103479,-4918.984743,6721738.002,0
5616,9.91618772,96.99588222,11.01484148,-0.006901965,0.002127458,0.017494754,0.153820387,0.291830993,0.067228677,0.010102042,-2701.196605,6796957.43,0
5616,12.03782348,97.00971268,11.05886671,-0.000143607,-8.27E-05,-0.00803182,0.155115333,0.292482253,0.053957235,0.010102016,-6747.272672,6796136.576,0
5616,11.959646,96.99534793,11.14975757,-0.001033586,-0.000214846,-0.003142975,0.1610067,0.310608457,0.049078569,0.010200798,-3867.262266,6721080.308,0
5616,8.002949032,97.01634854,11.06433117,0.002431007,-0.003216881,0.004931136,0.155051458,0.294135301,0.04564172,0.01009759,-11055.54396,6720815.841,0
5616,14.13116084,97.00515129,11.11396501,0.000756602,-0.008078795,-0.007519594,0.160943212,0.311591515,0.054058796,0.01019991,4064.063899,6721461.182,0
5616,12.01960552,96.99850465,11.05455675,0.000416987,0.000136055,-0.008405003,0.15495527,0.293387175,0.053844514,0.010102094,-562.0399006,6794579.976,0
5616,7.004764087,97.00623933,11.12219817,-0.004083158,0.004195949,-0.002175807,0.155035029,0.293975252,0.04071913,0.010097286,-12453.52498,6799397.497,0
5616,10.86048762,96.97810844,11.02378112,-0.005657731,-0.002104816,0.000920185,0.153858204,0.292029785,0.047269312,0.010101373,-6075.324599,6796028.393,0
5616,8.076560756,96.98429749,11.06269044,0.001636716,-0.003243497,0.003686079,0.154956392,0.293903132,0.045435881,0.010105011,2509.580746,6721636.58,0
5616,14.06622247,96.98336159,11.11168208,0.001151299,-0.007943459,-0.007242625,0.160895288,0.312268936,0.054207192,0.010202291,-3936.598921,6721972.342,0
5616,11.22193585,97.00199204,11.08168173,-0.001190257,-0.004173845,0.00259154,0.161891518,0.312272524,0.054251109,0.01020305,-5064.59456,6723067.449,0
5616,11.96842396,97.02414414,11.2144322,-0.004365467,-0.003109401,-0.006770825,0.154742995,0.293116592,0.050677297,0.010100471,-504.0409723,6794903.383,0
5616,12.0224834,97.03109515,11.06004978,5.64E-05,0.00027976,-0.008039289,0.155163147,0.293196536,0.053699057,0.010102088,2560.705219,6792673.316,0
5616,12.02558514,97.00889181,11.0568593,0.000260678,0.000174601,-0.007430107,0.154916371,0.292926197,0.053918181,0.010098451,-10483.61761,6794771.475,0
5616,6.161836434,97.00697971,11.13721968,-0.012218191,0.005033348,0.001184005,0.155141714,0.294188676,0.041103467,0.010101717,4074.628999,6793506.83,0
5616,11.9902233,96.97490066,11.1510076,-0.005387093,0.004731503,0.001893544,0.155130192,0.292882425,0.042943924,0.010101412,-5821.931021,6792718.476,0
5616,7.028625791,96.99243736,11.1254139,-0.004023717,0.004044625,-0.002404898,0.154843349,0.294000777,0.041159055,0.010100625,-88.33470551,6795270.221,0
5616,11.06236622,96.98902153,11.03948584,-0.005022579,0.007224323,0.000361548,0.154867418,0.292904429,0.039646761,0.010102839,-216.9903256,6796413.2,0
5616,12.01914488,96.99134794,11.14995825,-0.005858406,-0.002079295,-0.016848954,0.161311901,0.310840897,0.064813741,0.010198838,-3819.792,6724768.167,0
5616,8.954198818,96.99765677,11.0332872,0.003245215,-0.002714785,-0.007707313,0.155213285,0.291760203,0.057370774,0.010099596,-7459.581336,6725711.185,0
5616,7.019912369,96.993421,11.05279514,0.012984657,-0.002727107,0.016501966,0.154996161,0.294162747,0.059302996,0.010100206,-2050.744898,6723948.817,0
5616,10.11014763,96.97241669,11.0848948,0.00547915,0.003351207,0.013567475,0.155031351,0.294456065,0.059617536,0.010097779,11953.87894,6796155.528,0
5616,11.89468622,97.0104228,11.15318185,-0.000942095,6.44E-05,-0.001926907,0.160923155,0.311407521,0.04914409,0.01020049,-9936.204335,6723840.353,0
5616,8.013641823,96.98505037,11.0164298,-0.009089458,-0.005876004,0.012291886,0.154052666,0.29156274,0.063600952,0.010096292,12444.71142,6724873.92,0
5616,10.92817216,97.00333412,11.03081202,-0.000416158,0.002298529,0.014037153,0.154912638,0.293448617,0.065954549,0.010102259,-1860.932094,6723673.66,0
5616,12.122604,97.02890419,11.05926871,-6.78E-05,9.44E-05,-0.008794093,0.154752434,0.292889287,0.053589662,0.010100101,301.8771582,6794127.873,0
5616,7.843730943,95.98718756,11.20873872,-0.003086866,0.004894192,-0.012390041,0.154839018,0.293209043,0.055235836,0.010098876,-7921.447536,6794634.616,0
5616,10.94265826,96.96473819,11.06465961,-0.001752019,0.003905314,0.016304695,0.155002569,0.292684655,0.06550427,0.0100982,-5609.571753,6799325.429,0
5616,11.03869948,96.99601428,11.03162882,0.000119428,0.002050358,0.01407552,0.154862222,0.293049406,0.065889896,0.010099494,-3643.133303,6725297.283,0
5616,12.16061257,96.01534285,11.17862173,0.002695449,0.000727568,-0.007464832,0.154991805,0.29410917,0.059631552,0.010101485,-7620.912667,6793467.199,0
5616,7.993254451,97.02729132,11.11088602,0.004044482,0.001969759,-0.004817255,0.154869093,0.293483387,0.055046527,0.010101182,-1487.950475,6793353.563,0
5616,15.94304014,96.98286513,11.06554544,0.003173411,0.000231477,-0.003438063,0.1549047,0.294211665,0.049865605,0.010098478,-2940.401897,6724012.603,0
5616,8.192994465,97.00692195,11.03566589,-0.007605414,-0.006462565,-0.008360738,0.155103926,0.292468359,0.054064846,0.010098175,588003.6641,6728543.917,0
5616,10.8514432,96.99351548,11.18939574,-0.004770818,-0.000676077,0.001046637,0.161030146,0.310939226,0.051008199,0.010301417,593825.8993,6722617.42,0
5616,8.774416828,96.99852352,11.06879773,-0.004803525,-0.004763072,-0.002048614,0.154998823,0.295473312,0.044638037,0.010098442,794.9936761,6726517.96,0
5616,8.045142617,96.03685128,11.19156562,-0.005984484,-0.003097054,-0.008241676,0.155107069,0.29393399,0.054229974,0.010100129,1858.799226,6793860.112,0
5616,10.94849251,96.97905477,11.01831292,-0.001899726,0.004114708,0.001200178,0.154058544,0.292295639,0.04298211,0.010100267,-7801.063577,6795552.056,0
5616,9.895228163,97.00353609,11.10823116,-0.005677338,0.009000664,-0.007443967,0.154176209,0.292227981,0.049637351,0.010100673,5075.899601,6726370.527,0
5616,6.072672758,97.00651772,11.03932774,-0.004344165,0.001259646,0.020283746,0.154943983,0.294841687,0.0688221,0.010101852,561976.2412,6723798.312,0
5616,11.02501237,97.0151314,11.12319855,-0.001090236,0.00620744,-0.006436023,0.160947665,0.31252039,0.051174782,0.010197275,-18222.57059,6722095.47,0
5616,9.942129206,97.00136548,11.0618506,-0.006199502,0.000704451,0.012011208,0.154841509,0.292900956,0.063943775,0.010095877,4878.400116,6797911.086,0
5616,11.86864911,97.00429296,11.21891859,-0.003902091,-0.002876031,-0.007598559,0.154947745,0.292313752,0.051519178,0.010098776,-8142.865981,6796203.279,0
5616,11.08950844,96.99454203,11.09363381,0.005317682,0.004956593,-0.003650438,0.161117521,0.312100228,0.054675683,0.010203886,-7635.694742,6724586.653,0
5616,8.066706407,96.00375052,11.16387573,-0.008154158,-0.004982514,0.008000503,0.155158355,0.293497542,0.057946678,0.010104362,5083.713714,6795979.803,0
5616,8.989825202,96.99521731,11.06544209,-0.005617252,-0.005153714,-0.001699863,0.155116977,0.2951548,0.045127445,0.01010395,-2501.736417,6725722.462,0
5616,10.18945293,97.00866216,11.13294904,-0.000106448,-0.002630976,-0.003776649,0.160781445,0.312143217,0.050637544,0.010199584,6768.697226,6726842.559,0
5616,10.89021627,96.99484915,11.12463883,-0.000764112,0.006219553,-0.006622251,0.161131941,0.31167241,0.050946001,0.010196155,8911.524567,6723313.753,0
5616,9.843491052,97.00525523,11.08724955,0.005138833,0.002843837,0.012727598,0.154776046,0.294390075,0.058926973,0.010094945,-4683.660553,6795911.368,0
5616,11.92901474,96.9995922,11.13924005,-0.005889429,-0.002281731,-0.015471663,0.161109402,0.311280324,0.065067805,0.010198675,5856.206069,6720692.008,0
5616,6.995323172,97.01569251,11.11845265,-0.005072303,0.005918586,0.011244703,0.153955199,0.293339567,0.060122076,0.010099573,-5493.901024,6723513.173,0
5616,8.024965043,96.99928378,11.03222494,-0.008330286,-0.005908278,-0.008677352,0.155085577,0.292003082,0.054205377,0.010102806,590805.5958,6722536.064,0
5616,8.975250751,96.97529121,11.08053192,-0.000866935,-0.001949294,0.002061899,0.154837691,0.293507425,0.049087181,0.010101872,-5035.636641,6797175.976,0
5616,8.036118591,96.017586,11.19127674,-0.006215438,-0.002735469,-0.008988497,0.155142663,0.29434028,0.053555831,0.010100491,7562.121771,6789989.085,0
5616,6.871600205,96.98737781,11.21236671,-0.006435997,-0.004833251,0.002675283,0.154821548,0.292905916,0.050655717,0.01009808,6226.061771,6793762.222,0
5616,6.148120846,96.99088918,11.04745447,-0.007852677,-0.000795328,0.003366869,0.154918574,0.293516384,0.049799547,0.010097927,2358.89476,6719473.243,0
5616,8.991571824,96.99169893,11.00922097,-0.006149942,-0.001931002,0.018240576,0.15387842,0.292470483,0.067896458,0.010100548,-4871.401694,6793710.32,0
5616,11.11462728,97.01915402,11.03011739,-0.006157879,-0.002293275,0.001388867,0.153786306,0.292730553,0.047385484,0.010101504,-1066.805742,6794189.095,0
5616,11.03516139,96.97023748,11.01673005,-0.002024001,0.003958689,0.0009442,0.154011515,0.291985646,0.042573368,0.010100845,-15739.76516,6797550.493,0
5616,7.046859906,97.04372732,11.01430722,0.001938153,0.007223781,0.00727306,0.154220004,0.292751332,0.04986888,0.010097768,1687.242487,6795868.857,0
5616,11.05845441,97.01471709,11.09832582,0.005288402,0.004989124,-0.004201947,0.161324862,0.312031776,0.054349618,0.010201404,2605.047962,6721698.757,0
5616,11.04593198,97.00311103,11.03676007,-0.004951861,0.0071062,0.000930692,0.155011835,0.292867609,0.038889988,0.010100919,1020.932807,6796932.666,0
5616,7.06593917,96.999235,11.2085853,-0.007188931,-0.005067286,0.002631793,0.155136026,0.292780613,0.051168907,0.01009769,-21747.44046,6794509.43,0
5616,11.13636239,97.00397945,11.02921766,0.000488172,0.001782611,0.01495402,0.155028272,0.293569673,0.065948808,0.010098308,-9232.759186,6724828.345,0
5616,10.02016179,97.00726231,11.08545082,0.005012733,0.002973963,0.01301581,0.15506077,0.293728525,0.059094203,0.010101485,-5439.684741,6792745.818,0
5616,7.072739168,97.00899165,11.08890573,-0.002801461,-0.000934761,-0.008623316,0.154958322,0.294255859,0.052916183,0.010099494,2180.098752,6793098.619,0
5616,11.9907937,97.00774284,11.15258196,-0.005157063,0.004861587,0.002619948,0.155023763,0.292805422,0.043244718,0.010103428,2163.413556,6793214.065,0
5616,8.147746648,97.00124839,11.10724191,0.004093768,0.001950242,-0.004942948,0.155065472,0.293839822,0.054433185,0.010101081,-1204.381168,6794916.568,0
5616,6.930606555,96.99724991,11.12003236,-0.004919662,0.005801683,0.012385689,0.153929536,0.293358507,0.059866716,0.01009895,4697.858585,6725118.853,0
5616,9.18476476,96.99789187,11.01032965,-0.006487967,-0.001763732,0.018554593,0.15399056,0.291867755,0.0681088,0.010099978,-7478.135252,6797934.85,0
5616,7.995880056,95.99728378,11.20266812,-0.002479592,0.004937842,-0.011846855,0.154992882,0.292859139,0.05519579,0.010100137,4514.581095,6795188.018,0
5616,9.853211792,97.0158001,11.1327909,0.000333285,-0.002693329,-0.004268375,0.161100666,0.312394194,0.0515477,0.010198429,3521.961663,6718438.707,0
5616,16.01314268,97.00827174,11.0573997,0.002897432,0.000322712,-0.002557854,0.154870144,0.294555863,0.04985655,0.010098031,2809.305991,6725354.291,0
5616,11.93012854,96.95902307,11.058799,-0.000284641,-1.71E-05,-0.007999658,0.154993722,0.293224339,0.054542758,0.010101513,-1291.420601,6792432.747,0
5616,9.086244554,97.00914056,11.0289927,0.003089751,-0.003212879,-0.007689202,0.155232906,0.291772153,0.057758233,0.010101824,13458.84999,6722971.714,0
5616,8.93304503,97.00271382,11.07182001,-0.004977612,-0.005440324,-0.001975967,0.155141797,0.294822318,0.045487423,0.010101303,3656.801901,6723460.708,0
5616,10.95422449,96.99973928,11.07366905,0.012091845,0.002689259,-0.005797449,0.155164347,0.293027809,0.056299894,0.010103269,-7053.744312,6793755.745,0
5616,8.806145426,96.99458565,11.06630971,-0.004950529,-0.005290011,-0.001289376,0.155002976,0.295111677,0.044664891,0.010098831,1862.129574,6722459.469,0
5616,9.953596317,97.01566551,11.13170094,-0.000869273,0.008290989,0.014749201,0.155039102,0.292656242,0.061112639,0.010103612,5557.607228,6795119.585,0
5616,7.751325766,97.01320462,11.09152145,-0.00962626,0.00302445,0.005282353,0.154122085,0.293251603,0.052981204,0.010098056,-4267.583281,6722435.468,0
5616,11.83750189,96.98922926,11.15259165,-0.000853298,8.22E-05,-0.001891308,0.161190059,0.311029757,0.0492295,0.010197815,8025.506762,6723925.032,0
5616,8.078013592,97.00567264,11.01658517,-0.007271054,-0.001468722,0.004220372,0.15376227,0.291402967,0.050918091,0.010096203,591197.2782,6799116.565,0
5616,6.080617979,96.9864591,11.13577322,-0.011648143,0.004747114,0.000547555,0.154839763,0.293676752,0.040887285,0.010099038,-17123.77395,6792418.908,0
5616,12.04364918,96.98077379,11.15472626,-0.000576341,0.000187259,-0.001264418,0.161159507,0.310824573,0.049502262,0.010198913,2238.939236,6722784.72,0
5616,5.900794545,96.99126614,11.1371452,-0.011186039,0.005060537,0.001902394,0.154966271,0.293974647,0.040963784,0.010101135,-2932.550377,6790295.247,0
5616,5.995105126,97.01201822,11.04084557,-0.004290122,0.000968926,0.02117805,0.154918176,0.294657432,0.068303179,0.010100526,568832.0816,6724280.218,0
5616,5.999630403,97.01328265,11.03515344,-0.00393728,0.001119236,0.021720695,0.154847228,0.294082879,0.067917328,0.010097426,571815.0285,6725958.471,0
5616,7.881159326,97.0071503,11.02318837,-0.000537664,-0.00665469,0.009742089,0.153932392,0.291707428,0.052611427,0.010099153,1472.478697,6725935.325,0
5616,9.154238875,97.01010486,11.03264063,0.003142841,-0.003046661,-0.008361214,0.154829174,0.292076775,0.057751148,0.010099199,12246.04865,6724827.248,0
5616,9.090011657,97.0071934,11.01227345,-0.006141563,-0.001985356,0.018018545,0.154254721,0.29187748,0.067774697,0.010096169,-1266.990782,6796770.259,0
5616,7.977330515,96.99106038,11.02369005,-0.003503305,0.003040656,0.010197094,0.153997267,0.29311301,0.06055928,0.010097884,4621.816792,6729271.636,0
5616,7.002758312,97.00601923,11.05606292,0.01279997,-0.002495036,0.016821464,0.154992941,0.294202026,0.058836768,0.010098337,5941.90569,6727878.644,0
5616,12.02137872,96.01115442,11.17844096,0.002563799,0.000556835,-0.007756309,0.155071635,0.294420789,0.060587365,0.010103093,-670.9586835,6793624.891,0
5616,6.790531299,97.01051172,11.12076338,-0.005121695,0.006144226,0.012138841,0.154117226,0.292991549,0.060327178,0.010100413,5749.705905,6722399.599,0
5616,10.97464121,97.01656857,11.19221097,-0.005510134,-0.001024234,0.000547615,0.161115221,0.311570326,0.050943266,0.010301428,598012.6671,6722605.158,0
5616,7.930032857,96.00987084,11.16137852,-0.007806042,-0.004880357,0.008235092,0.155130781,0.294315974,0.057334781,0.010096767,-3054.343975,6792895.485,0
5616,10.89724031,97.00489774,11.02821218,-0.00053327,0.001861231,0.01439131,0.154923155,0.292753825,0.065992913,0.010102576,-9576.114794,6725564.24,0
5616,8.971160941,97.0149135,11.07122691,0.004007349,-0.001010336,0.014077702,0.154963716,0.295768987,0.060037284,0.010102807,1811.518334,6722822.341,0
5616,7.184430931,96.9996304,11.11975486,-0.005536557,0.006150176,0.012522325,0.154093678,0.293113788,0.060428202,0.010095689,2426.075662,6724850.824,0
5616,7.065746304,96.98771029,11.20736334,-0.007082711,-0.004342878,0.002448331,0.154935757,0.292709393,0.051582733,0.010098478,8684.568955,6795968.094,0
5616,5.941400755,96.99772752,11.14797868,0.005424372,-0.005829427,-0.005787947,0.154999378,0.293575181,0.049748708,0.01010107,5840.851438,6794527.81,0
5616,9.058743265,96.98961912,11.0765453,-0.000906869,-0.002179023,0.001469685,0.155048574,0.294723026,0.049293919,0.01010139,-2044.4348,6793227.113,0
5616,11,97,11.061,-0.002,0,0.02,0.162,0.312,0.075,0.0102,42.7,6723143.697,1
5616,12,97,11.034,-0.007,0.006,0.028,0.162,0.312,0.074,0.0102,42.31707317,6723125.326,1
5616,12,97,11,-0.002,0.005,0.027,0.162,0.312,0.073,0.0102,42.725,6793065.358,1
5616,13,97,10.982,0,-0.007,0.006,0.162,0.312,0.048,0.0102,42.675,6793039.486,1
5616,11,98,10.965,-0.009,0,0.023,0.162,0.312,0.074,0.0102,42.7,6793013.596,1
5616,12,98,10.967,-0.001,-0.01,-0.011,0.162,0.312,0.055,0.0102,42.85,6792987.681,1
5616,11,97,10.969,0.004,-0.01,0.003,0.162,0.312,0.04,0.0102,42.85,6792961.775,1
5616,11,97,10.956,0.001,0.012,0.016,0.162,0.311,0.064,0.0102,42.875,6792935.891,1
5616,12,98,10.96,0,0.003,-0.008,0.162,0.311,0.063,0.0102,42.875,6792909.986,1
5616,12,97,10.971,-0.002,0,-0.019,0.162,0.311,0.068,0.0102,42.9,6792884.089,1
5616,11,97,10.964,0.009,0.003,0.008,0.162,0.311,0.057,0.0102,42.825,6792858.18,1
5616,11,97,10.952,-0.044,-0.055,0.02,0.162,0.311,0.05,0.0102,42.875,6792832.266,1
5616,6,97,10.957,-0.125,-0.181,0.004,0.162,0.311,0.044,0.0102,43.025,6792806.384,1
5616,9,97,10.948,-0.302,-0.388,0.005,0.161,0.311,0.041,0.0102,42.83333333,6715111.635,1
5616,7,98,10.958,-0.485,-0.536,-0.006,0.16,0.311,0.038,0.0102,43.41463415,6722885.9,1
5616,10,98,10.972,-0.796,-0.761,0.003,0.159,0.311,0.04,0.0102,43.36585366,6792728.814,1
5616,5,98,10.972,-1.501,-0.958,0.001,0.159,0.311,0.041,0.0102,43.11904762,6722849.235,1
5616,9,98,10.967,-2.055,-0.914,0.003,0.158,0.311,0.04,0.0102,43.95121951,6722830.973,1
5616,5,98,10.973,-2.376,-0.689,0.005,0.157,0.311,0.041,0.0102,43.85714286,6647503.725,1
5616,19,98,10.969,-2.584,-0.379,0.019,0.156,0.311,0.04,0.0102,43.88095238,6647485.64,1
5616,9,98,10.972,-2.74,-0.052,0.006,0.155,0.311,0.04,0.0102,44.35714286,6331186.367,1
5616,6,98,10.97,-2.785,0.203,0.022,0.155,0.31,0.042,0.0102,43.9047619,6647448.749,1
5616,7,98,10.96,-2.769,0.304,0.017,0.154,0.31,0.042,0.0102,43.55813953,6647434.012,1
5616,4,98,10.973,-2.618,0.311,-0.021,0.154,0.31,0.039,0.0102,44.14285714,6647416.906,1
5616,7,99,10.99,-2.424,0.407,-0.056,0.153,0.31,0.041,0.0102,43.76190476,6647399.265,1
5616,5,99,11.024,-2.257,0.606,-0.095,0.153,0.309,0.041,0.0102,562786.7648,6647381.689,1
5616,7,99,11.019,-1.556,0.289,-0.008,0.152,0.309,0.041,0.0102,562768.9292,6647364.097,1
5616,9,99,11.045,-1.043,0.2,-0.03,0.152,0.309,0.041,0.0102,43.25581395,6647346.673,1
5616,10,99,11.074,-0.801,0.235,-0.023,0.152,0.309,0.041,0.0102,43.88095238,6714742.179,1
5616,10,99,11.099,-0.296,0.089,-0.024,0.152,0.309,0.04,0.0102,44.02380952,6714717.568,1
5616,9,99,11.137,0.001,0.002,-0.046,0.151,0.309,0.075,0.0102,44.02380952,6714693.083,1
5616,8,99,11.182,0.005,0.006,-0.045,0.151,0.309,0.075,0.0102,44.0952381,6714668.514,1
5616,9,99,11.205,0.008,-0.007,-0.029,0.151,0.309,0.072,0.0102,44.11904762,6714643.966,1
5616,9,100,11.215,-0.005,0.006,-0.016,0.151,0.31,0.063,0.0102,44.07142857,6714619.391,1
5616,9,100,11.229,-0.004,-0.002,-0.013,0.151,0.31,0.06,0.0102,44.04761905,6714594.819,1
5616,8,100,11.229,0,-0.005,-0.011,0.151,0.31,0.064,0.0102,44.14285714,6714570.225,1
5616,9,100,11.229,0.001,-0.004,-0.01,0.151,0.311,0.063,0.0102,44.0952381,6714545.642,1
5616,8,100,11.222,-0.007,0.001,0.005,0.151,0.311,0.053,0.0102,44.07142857,6714521.044,1
5616,9,100,11.212,-0.001,0.011,0.006,0.151,0.311,0.048,0.0102,44.0952381,6714496.427,1
5616,7,100,11.201,0.001,0.001,-0.001,0.151,0.311,0.045,0.0102,44.14285714,6714471.812,1
5616,10,100,11.2,0.002,-0.002,-0.015,0.151,0.311,0.07,0.0102,44.0952381,6714447.202,1
5616,9,100,11.19,0.003,-0.006,-0.014,0.151,0.311,0.068,0.0102,44.16666667,6714422.616,1
5616,9,100,11.171,-0.007,-0.008,-0.003,0.151,0.311,0.04,0.0102,44.0952381,6714397.998,1
5616,7,100,11.15,-0.005,-0.002,0,0.151,0.311,0.042,0.0102,44.19047619,6647068.73,1
5616,11,100,11.122,0.003,0.008,0,0.151,0.311,0.039,0.0102,44.11904762,6714348.735,1
5616,10,100,11.097,0.002,0.003,0.013,0.151,0.311,0.059,0.0102,44.16666667,6714324.102,1
5616,10,100,11.071,-0.007,-0.003,0.014,0.15,0.311,0.07,0.0102,44.14285714,6714299.462,1
5616,10,100,11.046,-0.002,0.002,0.013,0.15,0.311,0.069,0.0102,44.07142857,6714274.805,1
5616,10,100,11.029,0.007,0.004,-0.004,0.15,0.311,0.052,0.0102,44.30952381,6714250.141,1
5616,8,100,11.015,0.005,-0.003,0.002,0.15,0.311,0.041,0.0102,44.14285714,6714225.455,1
5616,9,100,10.997,0.001,0.003,0.011,0.15,0.311,0.055,0.0102,43.79069767,6646947.15,1
5616,7,100,10.978,0,0.007,-0.012,0.15,0.31,0.057,0.0102,43.76744186,6646929.782,1
5616,7,100,10.976,0,0.006,-0.005,0.15,0.311,0.052,0.0102,43.62790698,6646912.407,1
5616,7,100,10.97,0.011,0,-0.007,0.15,0.311,0.06,0.0102,44.21428571,6646895.032,1
5616,9,101,10.952,-0.006,0.005,0.007,0.15,0.311,0.055,0.0102,44.02380952,6714102.048,1
5616,9,101,10.946,0.002,-0.014,0.002,0.15,0.311,0.039,0.0102,44.04761905,6714077.345,1
5616,9,100,10.936,-0.001,0.004,0.002,0.15,0.311,0.045,0.0102,44.07142857,6714052.621,1
5616,9,100,10.932,-0.005,0.006,0.001,0.15,0.311,0.041,0.0102,44.14285714,6714027.885,1
5616,9,100,10.917,-0.001,-0.005,-0.007,0.15,0.31,0.046,0.0102,44.11904762,6646808.022,1
5616,6,100,10.908,-0.004,-0.005,-0.015,0.15,0.31,0.061,0.0102,44.0952381,6713978.427,1
5616,7,100,10.893,-0.008,-0.004,0.014,0.15,0.31,0.07,0.0102,43.97619048,6646773.221,1
5616,8,100,10.882,-0.006,0.01,0,0.15,0.31,0.038,0.0102,44.07142857,6713928.906,1
5616,8,100,10.868,0.002,-0.021,0.009,0.15,0.31,0.047,0.0102,44.0952381,6713904.134,1
5616,7,100,10.862,-0.003,-0.013,-0.006,0.15,0.311,0.043,0.0102,44.0952381,6713879.383,1
5616,9,100,10.855,-0.005,0.002,0.006,0.15,0.311,0.058,0.0102,44.14285714,6713854.604,1
5616,7,100,10.831,-0.002,0.003,0.023,0.15,0.311,0.074,0.0102,44.21428571,6646685.988,1
5616,8,100,10.811,-0.006,-0.001,0.017,0.15,0.311,0.073,0.0102,44.19047619,6713805.026,1
5616,6,100,10.799,0,0.003,0.018,0.15,0.311,0.064,0.0102,44.16666667,6646651.062,1
5616,9,101,10.79,-0.002,0.001,0.009,0.15,0.311,0.064,0.0102,44.26190476,6646633.61,1
5616,10,101,10.778,0.004,0.003,0.006,0.15,0.311,0.045,0.0102,43.81395349,6646616.153,1
5616,11,101,10.775,0.008,-0.001,-0.006,0.15,0.311,0.058,0.0102,43.74418605,6646598.687,1
5616,10,101,10.768,0.002,-0.003,0.007,0.15,0.311,0.05,0.0102,43.8372093,6646581.215,1
5616,11,100,10.758,0,0.003,0.007,0.15,0.311,0.058,0.0102,43.81395349,6646563.727,1
5616,8,100,10.765,0,0.003,-0.008,0.149,0.311,0.062,0.0102,43.8372093,6646546.279,1
5616,10,100,10.766,0,-0.005,-0.007,0.149,0.311,0.057,0.0102,43.90697674,6646528.788,1
5616,9,100,10.757,-0.001,-0.004,-0.002,0.149,0.311,0.039,0.0102,43.88372093,6646511.279,1
5616,9,101,10.764,-0.002,0.002,-0.002,0.149,0.311,0.04,0.0102,43.8372093,6646493.804,1
5616,10,100,10.761,-0.002,0,0.005,0.149,0.311,0.054,0.0102,43.86046512,6646476.32,1
5616,9,101,10.785,0.004,-0.006,-0.015,0.149,0.311,0.067,0.0102,43.88372093,6646458.868,1
5616,8,101,10.792,-0.004,-0.003,0.011,0.149,0.311,0.067,0.0102,43.90697674,6646441.35,1
5616,10,101,10.808,0.004,-0.008,-0.004,0.149,0.311,0.045,0.0102,44.04651163,6646423.827,1
5616,9,101,10.821,0.006,-0.005,-0.009,0.149,0.31,0.061,0.0102,43.97674419,6646406.309,1
5616,9,101,10.833,0.001,-0.002,-0.005,0.149,0.31,0.053,0.0102,43.95348837,6646388.786,1
5616,8,101,10.843,-0.006,-0.008,-0.012,0.149,0.31,0.052,0.0102,43.95348837,6646371.253,1
5616,9,101,10.851,-0.001,-0.006,-0.002,0.149,0.31,0.039,0.0102,44,6646353.701,1
5616,9,101,10.861,-0.004,0.003,0.004,0.149,0.31,0.051,0.0102,43.88372093,6646336.156,1
5616,9,101,10.862,-0.006,0.001,0.011,0.149,0.31,0.066,0.0102,43.97674419,6646318.599,1
5616,10,101,10.868,-0.005,-0.002,-0.009,0.149,0.31,0.051,0.0102,43.93023256,6646301.04,1
5616,10,101,10.887,0.003,-0.007,-0.012,0.149,0.309,0.064,0.0102,43.90697674,6646283.472,1
5616,10,101,10.893,-0.004,0.002,-0.008,0.149,0.309,0.051,0.0102,43.86046512,6646265.909,1
5616,10,101,10.882,-0.005,-0.004,0.012,0.148,0.309,0.066,0.0102,43.93023256,6646248.316,1
5616,9,101,10.879,0,0.001,-0.005,0.148,0.309,0.053,0.0102,43.90697674,6646230.739,1
5616,9,101,10.871,-0.006,-0.003,-0.009,0.148,0.309,0.051,0.0102,43.88372093,6646213.158,1
5616,9,101,10.873,-0.006,0,0.004,0.148,0.309,0.052,0.0102,43.86046512,6646195.573,1
5616,10,101,10.869,-0.013,0.004,0.012,0.148,0.309,0.061,0.0102,43.88372093,6646177.986,1
5616,9,101,10.853,-0.007,-0.007,0.007,0.148,0.309,0.055,0.0102,43.86046512,6646160.389,1
5616,8,101,10.844,-0.001,0.004,0.008,0.148,0.309,0.058,0.0102,43.95348837,6646142.789,1
5616,9,101,10.835,-0.01,-0.01,-0.011,0.148,0.308,0.05,0.0102,43.93023256,6646125.192,1
5616,10,101,10.816,0.002,-0.002,0.006,0.148,0.308,0.047,0.0102,43.88372093,6646107.584,1
5616,9,101,10.798,-0.002,0.005,0.013,0.148,0.308,0.066,0.0102,43.93023256,6646089.975,1
5616,9,102,10.779,-0.002,0.008,0.015,0.148,0.308,0.065,0.0102,43.90697674,6646072.374,1
5616,9,102,10.775,-0.006,-0.008,-0.012,0.148,0.308,0.058,0.0102,43.95348837,6646054.768,1
5616,9,102,10.774,0.001,0.002,-0.003,0.148,0.308,0.047,0.0102,43.97674419,6646037.155,1
5616,9,101,10.768,-0.001,0.003,0.001,0.148,0.308,0.041,0.0102,43.90697674,6646019.505,1
5616,8,101,10.761,0.001,-0.004,-0.007,0.148,0.308,0.058,0.0102,44.02325581,6646001.877,1
5616,9,101,10.752,-0.009,-0.005,0.003,0.148,0.308,0.046,0.0102,44.04651163,6645984.256,1
5616,9,101,10.736,-0.004,0,0.012,0.148,0.308,0.067,0.0102,43.97674419,6645966.637,1
5616,9,101,10.731,0.001,-0.009,0.003,0.148,0.307,0.04,0.0102,43.97674419,6645949.009,1
5616,9,101,10.737,0.003,0.001,-0.002,0.147,0.307,0.046,0.0102,43.93023256,6645931.354,1
5616,8,101,10.731,-0.002,-0.003,0.009,0.147,0.307,0.062,0.0102,43.93023256,6645913.705,1
5616,9,101,10.728,0.003,-0.01,0,0.147,0.307,0.037,0.0102,43.88372093,6645896.058,1
5616,9,101,10.725,0,0.001,-0.01,0.147,0.307,0.055,0.0102,43.90697674,6645878.392,1
5616,8,101,10.7,-0.012,0.01,0.025,0.147,0.307,0.069,0.0102,43.90697674,6645860.738,1
5616,9,101,10.677,-0.006,-0.002,0.024,0.148,0.307,0.074,0.0102,43.86046512,6645843.085,1
5616,9,101,10.666,-0.005,0.006,0.009,0.148,0.307,0.06,0.0102,43.79069767,6645825.425,1
5616,9,101,10.654,-0.002,-0.004,0.008,0.148,0.307,0.06,0.0102,43.74418605,6645807.753,1
5616,8,101,10.652,-0.008,0.007,-0.011,0.148,0.307,0.057,0.0102,43.74418605,6645790.102,1
5616,8,101,10.657,-0.006,-0.001,-0.003,0.148,0.307,0.042,0.0102,43.76744186,6645772.432,1
5616,8,101,10.656,0.001,-0.002,-0.009,0.148,0.307,0.063,0.0101,43.86046512,6645754.743,1
5616,9,101,10.65,0.002,0.003,-0.003,0.148,0.307,0.048,0.0101,43.8372093,6645737.031,1
5616,8,101,10.632,0.002,0.006,0.011,0.148,0.307,0.052,0.0101,43.90697674,6645719.312,1
5616,7,101,10.611,0.005,-0.003,0.014,0.148,0.307,0.06,0.0101,43.93023256,6645701.611,1
5616,8,101,10.619,0.002,0,-0.023,0.148,0.307,0.073,0.0101,44,6645683.9,1
5616,9,101,10.622,-0.003,0,-0.011,0.148,0.307,0.056,0.0101,43.95348837,6645666.2,1
5616,8,101,10.614,0.002,0.004,-0.006,0.148,0.306,0.056,0.0101,43.93023256,6645648.511,1
5616,7,101,10.603,-0.005,-0.001,0.004,0.148,0.306,0.051,0.0101,43.86046512,6645630.788,1
5616,9,101,10.576,-0.006,0.001,0.013,0.148,0.306,0.069,0.0101,43.93023256,6645613.055,1
5616,8,101,10.556,0,-0.009,0,0.148,0.306,0.04,0.0101,43.93023256,6645595.326,1
5616,10,101,10.55,-0.006,0.001,0.007,0.148,0.306,0.059,0.0101,43.95348837,6645577.604,1
5616,8,101,10.547,0.001,0.009,0.014,0.148,0.306,0.055,0.0101,43.86046512,6645559.879,1
5616,8,102,10.541,0.003,0.002,0.002,0.148,0.306,0.039,0.0101,43.86046512,6645542.133,1
5616,6,102,10.539,-0.005,-0.008,-0.002,0.148,0.306,0.038,0.0101,43.8372093,6645524.39,1
5616,7,101,10.517,0,-0.001,0.011,0.148,0.306,0.067,0.0101,43.81395349,6645506.67,1
5616,7,102,10.503,0,0,0.009,0.148,0.306,0.064,0.0101,43.8372093,6645488.921,1
5616,7,101,10.495,0.002,0.013,-0.01,0.148,0.307,0.057,0.0101,43.8372093,6645471.165,1
5616,6,102,10.473,0.001,-0.005,0.016,0.148,0.307,0.062,0.0101,43.86046512,6645453.412,1
5616,8,102,10.436,-0.002,0,0.032,0.148,0.307,0.076,0.0101,43.86046512,6645435.617,1
5616,7,102,10.41,0.005,0.006,0.007,0.148,0.307,0.044,0.0101,43.8372093,6645417.844,1
5616,8,102,10.395,0,-0.002,0.001,0.148,0.307,0.042,0.0101,43.8372093,6645400.067,1
5616,10,102,10.394,0.005,0.004,-0.001,0.148,0.307,0.041,0.0101,43.79069767,6645382.274,1
5616,6,102,10.373,0.008,-0.001,0.007,0.147,0.307,0.05,0.0101,43.81395349,6645364.484,1
5616,8,102,10.368,-0.002,-0.003,0.009,0.147,0.307,0.063,0.0101,43.6744186,6645346.691,1
5616,6,102,10.353,-0.001,0.008,0.022,0.147,0.307,0.071,0.0101,43.74418605,6645328.895,1
5616,9,102,10.349,-0.004,0.007,0.002,0.147,0.307,0.042,0.0101,43.72093023,6645311.094,1
5616,8,102,10.342,-0.002,0.003,0.009,0.147,0.307,0.061,0.0101,43.76744186,6645293.29,1
5616,10,102,10.339,0.001,0.003,0.017,0.147,0.307,0.064,0.0101,43.76744186,6645275.49,1
5616,10,102,10.33,0.006,0.001,-0.016,0.147,0.307,0.071,0.0101,43.6744186,6645257.683,1
5616,8,102,10.33,0.005,0.001,-0.003,0.147,0.307,0.048,0.0101,44.07142857,6645239.848,1
5616,7,102,10.323,-0.006,0.012,0.001,0.147,0.307,0.039,0.0101,43.65116279,6645222.034,1
5616,7,102,10.326,0,-0.003,-0.003,0.147,0.307,0.039,0.0101,43.65116279,6645204.218,1
5616,6,102,10.331,-0.011,-0.008,-0.012,0.147,0.307,0.054,0.0101,43.6744186,6645186.408,1
5616,7,102,10.331,-0.001,-0.006,0.011,0.147,0.307,0.065,0.0101,43.65116279,6645168.56,1
5616,8,102,10.327,-0.009,0.009,0.009,0.147,0.307,0.055,0.0101,44.07142857,6645150.709,1
5616,8,102,10.338,0.002,0.005,-0.001,0.146,0.308,0.04,0.0101,44.04761905,6645132.869,1
5616,6,102,10.332,0.005,0.009,0.009,0.146,0.308,0.053,0.0101,44.02380952,6645115.019,1
5616,8,102,10.331,-0.001,0,0.011,0.146,0.308,0.068,0.0101,43.62790698,6645097.131,1
5616,7,102,10.316,-0.002,0.003,0.021,0.146,0.308,0.072,0.0101,43.62790698,6645079.262,1
5616,10,102,10.296,-0.007,0.011,0.022,0.146,0.308,0.069,0.0101,43.53488372,6645061.38,1
5616,7,102,10.301,0.001,0.002,0.003,0.146,0.308,0.04,0.0101,43.53488372,6645043.522,1
5616,7,102,10.314,-0.003,0,-0.006,0.146,0.308,0.046,0.0101,43.51162791,6645025.664,1
5616,8,102,10.327,0.003,-0.004,-0.008,0.146,0.308,0.059,0.0101,43.58139535,6645007.806,1
5616,10,102,10.34,0.001,0.007,-0.012,0.146,0.309,0.065,0.0101,43.60465116,6644989.911,1
5616,6,102,10.342,-0.009,-0.002,0.007,0.146,0.309,0.06,0.0101,43.51162791,6644972.058,1
5616,9,102,10.346,0.001,0,0.003,0.146,0.309,0.04,0.0101,43.9047619,6711369.515,1
5616,7,102,10.35,-0.003,-0.001,0.006,0.146,0.309,0.057,0.0101,43.58139535,6644936.208,1
5616,7,102,10.361,0.001,-0.009,0.002,0.146,0.309,0.039,0.0101,43.58139535,6644918.298,1
5616,7,102,10.379,0.006,-0.001,-0.014,0.146,0.309,0.07,0.0101,43.95238095,6711293.191,1
5616,8,102,10.391,0.005,0.006,0.001,0.146,0.309,0.038,0.0101,43.55813953,6644882.473,1
5616,9,102,10.392,-0.002,-0.007,-0.003,0.146,0.309,0.039,0.0101,43.9047619,6711242.281,1
5616,8,101,10.393,0.004,-0.013,0.012,0.146,0.309,0.057,0.0101,43.53488372,6644846.662,1
5616,9,101,10.396,-0.002,-0.002,0.008,0.146,0.31,0.063,0.0101,43.51162791,6644828.739,1
5616,10,101,10.39,-0.002,0.001,0.006,0.146,0.31,0.058,0.0101,43.65116279,6644810.789,1
5616,6,101,10.394,0,-0.006,-0.001,0.146,0.31,0.042,0.0101,43.58139535,6644792.847,1
5616,7,101,10.397,-0.007,0.006,0.005,0.146,0.31,0.05,0.0101,43.55813953,6644774.92,1
5616,6,101,10.391,-0.001,0.013,0.007,0.146,0.31,0.048,0.0101,43.53488372,6644756.961,1
5616,9,101,10.381,0.001,-0.007,0.017,0.146,0.31,0.063,0.0101,43.60465116,6644738.99,1
5616,8,101,10.373,-0.006,-0.001,0.011,0.146,0.31,0.067,0.0101,43.55813953,6644721.025,1
5616,7,101,10.374,0.002,0.009,-0.01,0.146,0.31,0.06,0.0101,43.6744186,6644703.053,1
5616,8,101,10.365,0.004,0.003,0.01,0.146,0.309,0.054,0.0101,43.69767442,6644685.092,1
5616,6,101,10.363,-0.006,0.005,0.017,0.146,0.31,0.07,0.0101,43.6744186,6644667.122,1
5616,10,101,10.351,0.002,0.017,0.006,0.146,0.309,0.041,0.0101,43.58139535,6644649.16,1
5616,6,101,10.346,-0.004,-0.005,-0.007,0.146,0.309,0.045,0.0101,43.62790698,6644631.201,1
5616,11,101,10.345,-0.003,-0.005,0,0.146,0.309,0.04,0.0101,43.97619048,6644613.213,1
5616,10,101,10.359,0.002,0.003,-0.013,0.146,0.309,0.069,0.0101,43.58139535,6644595.221,1
5616,10,101,10.361,-0.003,-0.004,-0.001,0.146,0.308,0.039,0.0101,43.58139535,6644577.206,1
5616,8,101,10.358,0.008,-0.006,-0.004,0.146,0.308,0.049,0.0101,43.62790698,6644559.215,1
5616,8,101,10.334,0.001,-0.006,0.007,0.146,0.308,0.048,0.0101,43.60465116,6644541.191,1
5616,9,101,10.338,-0.001,0.003,-0.005,0.146,0.308,0.045,0.0101,43.58139535,6644523.218,1
5616,8,101,10.335,-0.003,0.004,-0.003,0.145,0.308,0.041,0.0107,43.58139535,6644505.212,1
5616,8,101,10.336,-0.002,0,0.003,0.146,0.308,0.047,0.0107,43.53488372,6644487.229,1
5616,9,101,10.345,-0.005,0.002,-0.003,0.145,0.308,0.041,0.0107,43.51162791,6644469.227,1
5616,8,101,10.332,0.004,-0.002,0.021,0.145,0.308,0.069,0.0107,43.51162791,6644451.212,1
5616,10,101,10.328,-0.004,-0.002,0.006,0.145,0.308,0.058,0.0107,43.51162791,6644433.209,1
5616,8,101,10.316,0.002,0.011,0.009,0.145,0.309,0.053,0.0107,43.48837209,6644415.197,1
5616,9,101,10.307,0.002,0.001,0.005,0.145,0.309,0.044,0.0106,43.53488372,6644397.183,1
5616,9,101,10.308,0.004,0.003,-0.003,0.145,0.309,0.049,0.0106,43.48837209,6644379.165,1
5616,10,101,10.314,0,0,0,0.145,0.309,0.041,0.0106,43.44186047,6644361.118,1
5616,11,101,10.318,-0.002,-0.005,-0.005,0.145,0.309,0.043,0.0106,43.48837209,6644343.056,1
5616,8,101,10.337,-0.004,-0.006,-0.01,0.145,0.309,0.052,0.0106,43.58139535,6644324.995,1
5616,10,101,10.359,0.011,-0.003,-0.012,0.146,0.309,0.066,0.0106,43.58139535,6644306.925,1
5616,8,102,10.364,-0.006,-0.006,0.004,0.146,0.309,0.048,0.0106,43.53488372,6644288.882,1
5616,10,102,10.378,0.002,-0.008,-0.027,0.146,0.309,0.072,0.0106,43.53488372,6644270.823,1
5616,7,102,10.378,0.004,0,-0.004,0.146,0.309,0.051,0.0106,44,6644252.766,1
5616,11,102,10.388,0.006,0.002,-0.003,0.146,0.309,0.047,0.0106,43.9047619,6644234.708,1
5616,8,102,10.41,0.007,0,-0.017,0.146,0.309,0.073,0.0106,44,6644216.64,1
5616,7,102,10.426,0.004,-0.005,-0.014,0.146,0.309,0.067,0.0106,43.58139535,6644198.574,1
5616,7,102,10.424,0.005,-0.017,-0.005,0.146,0.309,0.041,0.0106,43.60465116,6644180.494,1
5616,7,102,10.435,-0.006,-0.004,-0.012,0.146,0.309,0.057,0.0106,43.60465116,6644162.396,1
5616,11,102,10.425,-0.009,-0.003,0.019,0.146,0.309,0.074,0.0106,43.69767442,6644144.298,1
5616,7,102,10.423,0.001,0.007,0.016,0.146,0.309,0.059,0.0106,43.62790698,6644126.228,1
5616,10,102,10.414,-0.001,-0.008,0.013,0.146,0.309,0.066,0.0106,43.60465116,6644108.121,1
5616,10,102,10.42,-0.004,0.006,0.024,0.146,0.309,0.072,0.0106,43.62790698,6644090.045,1
5616,10,102,10.411,-0.007,0.002,0.017,0.146,0.309,0.072,0.0106,43.6744186,6644071.962,1
5616,9,102,10.419,0.009,-0.017,-0.017,0.146,0.309,0.059,0.0106,43.6744186,6644053.876,1
5616,7,102,10.402,-0.005,-0.003,0.001,0.146,0.309,0.042,0.0106,43.6744186,6644035.768,1
5616,9,102,10.418,0.007,-0.005,-0.013,0.146,0.309,0.067,0.0106,43.6744186,6644017.641,1
5616,8,102,10.435,-0.007,0.004,-0.013,0.146,0.309,0.061,0.0106,43.6744186,6643999.54,1
5616,10,102,10.457,0.001,0.012,-0.009,0.146,0.309,0.059,0.0106,43.6744186,6643981.411,1
5616,10,101,10.48,0.002,-0.001,-0.024,0.146,0.309,0.074,0.0106,43.76744186,6643963.294,1
5616,10,102,10.488,-0.044,0.003,0.007,0.146,0.309,0.055,0.0103,5745444.263,6643945.167,1
3510,17,126,10.513,0.006,-0.015,-0.038,0.155,0.321,0.096,0.0104,13541870.15,6223551.126,1
1755,30,190,10.51,-0.018,0.004,-0.013,0.163,0.334,0.077,0.0107,13276973.73,6397363.454,1
1404,34,203,10.535,0.002,-0.01,-0.032,0.17,0.346,0.1,0.0107,4958776.833,5796603.843,1
1404,56,204,10.516,-0.01,-0.008,-0.001,0.177,0.358,0.064,0.0104,7120142.411,5965441.252,1
1053,17,218,10.494,-0.009,0.003,-0.005,0.184,0.368,0.072,0.0107,4119497.602,5870795.58,1
1053,29,203,10.473,-0.007,-0.003,0.004,0.19,0.378,0.083,0.0107,3476350.157,5845510.405,1
1053,30,202,10.48,0.002,0.019,-0.015,0.196,0.389,0.084,0.0102,4119486.049,5952114.363,1
1053,31,202,10.476,0.002,0.006,-0.013,0.201,0.398,0.095,0.0107,2051349.196,5838464.036,1
1053,30,189,10.49,-0.006,0.001,-0.022,0.206,0.406,0.091,0.0104,4119474.708,6305880.53,1
1053,32,202,10.485,-0.025,-0.004,-0.007,0.211,0.414,0.071,0.0104,3476224.669,6325516.322,1
1053,33,202,10.48,-0.019,0.01,-0.011,0.216,0.422,0.074,0.0107,3476193.509,6304828.062,1
1053,30,203,10.474,-0.013,-0.006,-0.012,0.22,0.429,0.075,0.0107,3454260.69,6325457.334,1
1053,28,217,10.459,-0.007,-0.005,-0.018,0.224,0.436,0.088,0.0107,4159463.228,5808520.982,1
1053,21,217,10.424,-0.01,-0.003,0.024,0.228,0.443,0.102,0.0107,4204025.952,5903556.513,1
1053,22,216,10.4,-0.008,-0.007,0.011,0.231,0.449,0.092,0.0107,4159399.885,6395837.701,1
1053,29,215,10.367,-0.001,0.006,0.017,0.234,0.454,0.096,0.0107,3167220.693,6338666.21,1
1053,22,215,10.353,-0.015,-0.007,0.008,0.238,0.46,0.081,0.0107,3850545.6,6025923.639,1
1053,26,215,10.312,-0.009,-0.003,0.034,0.24,0.464,0.1,0.0107,1882233.98,6349677.956,1
1053,22,215,10.289,0.003,-0.025,0.027,0.243,0.469,0.085,0.0107,3273397.945,6025706.288,1
1053,36,215,10.279,-0.017,-0.008,0.016,0.245,0.473,0.091,0.0107,1941059.551,6357155.486,1
1053,33,215,10.269,-0.012,-0.003,0.006,0.248,0.477,0.085,0.0111,2624392.34,5974075.509,1
1053,41,215,10.278,0.003,-0.004,-0.002,0.25,0.481,0.074,0.0111,3339917.741,5974063.963,1
1053,20,214,10.249,0.008,0.005,0.033,0.252,0.485,0.09,0.0111,3301859.231,6025537.058,1
1053,19,200,10.25,-0.005,-0.005,-0.006,0.254,0.488,0.072,0.0111,4033785.578,6395230.056,1
1053,22,200,10.275,-0.015,-0.012,-0.012,0.256,0.492,0.069,0.0111,4634132.988,5964647.53,1
1053,17,213,10.309,-0.013,-0.016,-0.029,0.258,0.496,0.087,0.0111,3323815.968,44196616.27,1
1053,17,213,10.294,-0.012,0.01,0,0.259,0.499,0.068,0.0111,5344146.821,45496539.91,1
1053,18,213,10.315,0,-0.021,-0.001,0.261,0.502,0.059,0.0111,2057714.072,44218438.92,1
1053,22,214,10.315,-0.001,-0.002,0.015,0.262,0.505,0.1,0.0111,2693049.714,44174349.97,1
1053,22,213,10.334,-0.016,-0.001,-0.02,0.264,0.508,0.082,0.0112,1316480.502,45496106.55,1
1053,19,213,10.325,-0.007,-0.013,0.012,0.265,0.51,0.086,0.0111,2706570.507,46177000.31,1
1053,20,212,10.336,-0.001,-0.003,-0.005,0.267,0.513,0.07,0.0111,1991425.173,44200774.99,1
1053,25,212,10.355,-0.007,0.003,-0.004,0.268,0.516,0.072,0.0111,1308112.167,46176692.98,1
1053,16,212,10.352,0.01,-0.016,-0.006,0.269,0.518,0.07,0.0111,2683967.75,44830019.71,1
1053,17,213,10.336,-0.006,-0.012,0.005,0.27,0.521,0.073,0.0111,1231190.468,44834688.64,1
1053,29,212,10.341,0.008,0.013,-0.007,0.271,0.523,0.076,0.0111,1995360.912,44209073.12,1
1053,31,199,10.293,0.003,0.004,0.051,0.271,0.524,0.094,0.0107,1268521.44,44802365.21,1
1053,30,213,10.267,-0.004,-0.005,0.038,0.272,0.526,0.103,0.0111,1268532.961,43605234.8,1
1053,26,212,10.238,-0.007,-0.018,0.042,0.273,0.528,0.098,0.0107,1268544.861,44802069.7,1
1053,30,197,10.219,-0.006,0.004,0.02,0.274,0.529,0.099,0.0107,1283540.819,43582795.14,1
1053,28,197,10.25,-0.016,-0.014,-0.049,0.274,0.53,0.087,0.0107,1283523.451,44801777.01,1
1053,36,210,10.268,0,-0.011,-0.031,0.275,0.531,0.098,0.0107,2700827.769,43582502.83,1
1053,19,211,10.26,-0.001,0.007,0.002,0.276,0.533,0.074,0.0107,1897635.897,43585701.11,1
1053,37,225,10.262,-0.009,-0.008,0.006,0.276,0.534,0.08,0.0107,1302944.736,61960557.33,1
1053,31,209,10.247,0.01,-0.01,0.02,0.277,0.535,0.088,0.0107,1956934.489,43598596.26,1
1053,19,208,10.237,0.007,0.001,-0.001,0.277,0.537,0.076,0.0107,1991592.65,46174725.48,1
1053,17,209,10.221,-0.006,0.011,0.008,0.278,0.538,0.081,0.0107,2741037.603,45493630.08,1
1053,32,209,10.201,-0.016,-0.012,0.017,0.278,0.538,0.09,0.0107,3433776.992,43580651.99,1
1053,18,209,10.22,0.003,0.004,-0.037,0.279,0.539,0.103,0.0109,2768052.6,44215335.05,1
1053,18,209,10.227,-0.009,0.012,-0.032,0.279,0.541,0.097,0.0107,2035714.736,45496779.17,1
1053,39,209,10.211,0.002,0.003,0.003,0.28,0.542,0.07,0.0107,4099998.533,44198037.38,1
1053,16,209,10.179,0,-0.005,0.009,0.28,0.543,0.079,0.0107,2035710.246,44826339.65,1
1053,22,209,10.156,0.004,0.013,0.021,0.28,0.544,0.088,0.0111,4100001.085,43008905.22,1
1053,18,210,10.098,0.017,0.032,0.065,0.281,0.545,0.086,0.0107,1308371.025,44179259.34,1
1053,36,209,10.105,-0.009,-0.01,-0.008,0.281,0.545,0.069,0.0107,2634785.01,60467136.67,1
1053,15,195,10.131,-0.013,-0.011,-0.038,0.281,0.545,0.09,0.0107,39.03030303,60391663.33,1
1053,33,195,10.128,0.005,-0.005,0.009,0.282,0.547,0.081,0.0108,2634777.389,61266918.32,1
1053,28,196,10.115,0.008,0,-0.001,0.282,0.547,0.075,0.0107,654374.6471,61272932.88,1
1053,15,196,10.152,-0.002,-0.001,-0.046,0.283,0.547,0.099,0.0107,2732508.949,61276658.26,1
1053,29,209,10.143,-0.019,-0.005,-0.002,0.283,0.548,0.072,0.0107,1283196.257,60394736.39,1
1053,32,209,10.142,-0.002,-0.021,-0.015,0.283,0.548,0.072,0.0107,1380920.072,61276242.29,1
1053,40,209,10.153,-0.009,-0.01,-0.003,0.283,0.549,0.062,0.0107,1945772.428,62126186.89,1
1053,16,208,10.134,-0.014,0.004,0.012,0.283,0.55,0.094,0.0107,2069887.05,62136552.81,1
1053,16,208,10.121,-0.021,0,0.005,0.284,0.55,0.08,0.0107,1283127.888,62108605.25,1
1053,17,208,10.108,-0.006,-0.013,0.011,0.284,0.551,0.086,0.0111,2732491.42,59691580.38,1
1053,16,207,10.114,-0.005,0,-0.02,0.284,0.551,0.091,0.0107,1283093.696,62108197.3,1
1053,18,194,10.097,0,-0.018,-0.004,0.284,0.552,0.064,0.0111,2732485.9,59691165.03,1
1053,15,207,10.051,-0.01,-0.002,0.028,0.284,0.553,0.104,0.0107,1988154.425,61264635.63,1
1053,20,207,10.037,-0.003,0.009,0.01,0.284,0.553,0.087,0.0107,654323.5962,61321686.57,1
1053,25,207,10.041,0.011,-0.006,-0.011,0.284,0.553,0.092,0.0107,3160654.722,61286903.65,1
1053,16,207,10.024,0.006,0.005,0.009,0.284,0.553,0.071,0.0107,2569282.908,63003836.1,1
1053,31,207,10.014,0.015,0.007,0.004,0.284,0.553,0.066,0.0107,3775263.345,60404631.78,1
1053,13,193,9.987,0.005,0.009,0.009,0.284,0.553,0.074,0.0107,2457463.53,62041677.38,1
1404,35,208,9.953,-0.003,0.016,0.016,0.284,0.552,0.083,0.0107,3321529.364,61209853.45,1
1404,37,221,9.945,-0.006,0.002,-0.005,0.284,0.552,0.07,0.0107,1341120.005,63003015.08,1
1053,20,206,9.907,-0.001,-0.006,0.023,0.284,0.553,0.101,0.0107,2632364.958,61285699.2,1
1053,24,192,9.908,-0.007,-0.005,-0.005,0.284,0.553,0.07,0.0111,726412.4522,60391270.14,1
1053,29,193,9.924,0.01,-0.006,-0.029,0.284,0.553,0.102,0.0111,1243380.681,60458708.53,1
1053,20,205,9.898,0.016,-0.002,0.01,0.284,0.553,0.077,0.0114,2692965.917,61272535,1
1053,26,204,9.901,0.014,-0.009,-0.012,0.284,0.553,0.091,0.0107,1969728.37,61268544.86,1
1053,29,191,9.883,0.005,0.004,0.011,0.284,0.553,0.08,0.0107,689283.8785,61272118.36,1
1053,26,191,9.852,-0.009,-0.009,0.029,0.284,0.554,0.101,0.0107,2017519.7,63001593.33,1
1053,36,191,9.876,-0.021,-0.007,-0.014,0.284,0.554,0.07,0.0107,1394193.012,60461322.86,1
1053,25,192,9.893,-0.005,0.01,-0.013,0.284,0.554,0.089,0.0107,39.12121212,63001175.48,1
1053,37,192,9.905,0.007,-0.009,-0.023,0.284,0.554,0.098,0.0107,2748993.34,60482635.8,1
1053,23,192,9.922,0.006,-0.011,-0.024,0.284,0.554,0.094,0.0107,726308.8048,63000762.39,1
1053,28,206,9.939,0.006,0.004,-0.008,0.284,0.554,0.091,0.0111,2022686.468,59687125.38,1
1053,35,219,9.911,0.001,0.001,0.027,0.284,0.554,0.096,0.0106,726285.4776,62127549.72,1
1053,28,218,9.86,-0.016,0.004,0.041,0.284,0.554,0.101,0.0107,2685267.266,60456501.84,1
1053,24,219,9.838,-0.005,0,0.025,0.285,0.554,0.104,0.0107,726262.4748,60466055.14,1
1053,31,204,9.805,0.007,0.006,0.052,0.285,0.554,0.097,0.0107,1415632.394,61286377.32,1
1053,13,204,9.775,0.008,0.002,0.036,0.284,0.554,0.095,0.0107,39.18181818,61266146.73,1
1053,36,204,9.771,-0.004,-0.002,0.007,0.284,0.554,0.089,0.0107,1415636.54,61259439.34,1
1053,35,205,9.775,-0.013,-0.013,0.014,0.284,0.554,0.089,0.0107,1333173.968,60465251.83,1
1053,21,204,9.788,-0.002,-0.003,-0.011,0.284,0.554,0.082,0.0107,1415640.785,60458804.72,1
1053,19,204,9.798,-0.011,0.016,-0.011,0.284,0.554,0.075,0.0114,1396907.245,59685309.66,1
1053,22,204,9.799,-0.002,-0.009,0.019,0.285,0.554,0.098,0.0107,2782934.559,61268813.76,1
1053,32,204,9.774,0,-0.019,0.038,0.284,0.554,0.096,0.0107,704708.3842,60454692.63,1
1053,16,204,9.776,0,-0.022,0.013,0.284,0.554,0.075,0.0107,1367299.94,62998104.17,1
1053,27,204,9.76,-0.017,-0.018,0.018,0.284,0.553,0.084,0.0107,1317878.753,62128950.14,1
1053,17,204,9.764,-0.006,0.006,0.011,0.284,0.554,0.093,0.0107,662644.6807,62124976.26,1
1053,19,204,9.757,-0.018,0.002,0.003,0.284,0.554,0.077,0.0107,1933021.398,62997496.99,1
1053,24,204,9.73,0.001,-0.009,0.022,0.284,0.554,0.09,0.0107,1341269.541,62117707.79,1
1053,17,203,9.732,0.003,0.003,0.01,0.284,0.554,0.08,0.0107,2595663.696,61267365.02,1
1053,21,203,9.691,0.004,0.014,0.032,0.285,0.554,0.092,0.0107,615229.6979,60456729.72,1
1053,27,203,9.684,0.015,0.005,0.016,0.285,0.555,0.081,0.0107,2632152.799,61263362.33,1
1053,17,203,9.644,-0.004,0.016,0.02,0.285,0.555,0.09,0.0107,1985663.559,61272755.76,1
1053,37,203,9.653,-0.004,-0.015,0.011,0.285,0.555,0.08,0.0107,1277886.249,62997884.34,1
1053,15,203,9.628,0.002,-0.008,0.047,0.285,0.556,0.099,0.0107,1301853.816,60468763.13,1
1053,16,203,9.624,-0.004,-0.005,0.037,0.285,0.555,0.104,0.0107,597218.5201,62109069.96,1
1053,19,203,9.575,0.008,0.023,0.07,0.285,0.556,0.097,0.0111,1971236.035,59687582.38,1
1053,25,203,9.603,0.001,-0.001,-0.014,0.286,0.556,0.102,0.0107,1911581.148,62104843.71,1
1053,21,203,9.599,0.002,0.005,0.028,0.286,0.556,0.092,0.0107,1301875.274,60467007.74,1
1053,22,202,9.611,-0.008,-0.003,-0.018,0.286,0.556,0.088,0.0107,1911568.075,61260911.97,1
1053,17,203,9.578,-0.003,-0.006,0.055,0.286,0.556,0.105,0.0108,1971310.867,60466600.94,1
1053,41,203,9.593,-0.008,-0.009,-0.003,0.286,0.557,0.065,0.0107,1314276.793,74675364.44,1
1053,16,203,9.595,0,0.023,0.013,0.286,0.557,0.072,0.0107,2078295.931,62121797.89,1
1053,19,203,9.589,-0.001,0.013,0.025,0.286,0.558,0.097,0.0107,1354054.546,61264465.09,1
1053,17,203,9.611,0.008,0.035,-0.016,0.287,0.559,0.073,0.0107,1995419.252,62994009.96,1
1053,32,203,9.635,-0.019,0,-0.026,0.287,0.559,0.087,0.0107,1379974.846,60450250.05,1
1053,18,203,9.629,-0.007,0,0.004,0.287,0.56,0.083,0.0107,654091.2686,62993597.66,1
1053,17,203,9.606,-0.014,-0.015,0.03,0.287,0.561,0.101,0.0111,1796096.499,59700394.01,1
1053,16,203,9.609,-0.004,0.012,0.001,0.287,0.561,0.067,0.0107,2511352.223,62102586.42,1
1053,16,204,9.605,-0.013,0.025,-0.004,0.288,0.562,0.07,0.0115,3807028.476,59684964.61,1
1053,32,203,9.585,0.001,0.018,0.026,0.288,0.562,0.089,0.0107,3069020.303,62102180.05,1
1053,27,204,9.579,-0.01,-0.009,0.022,0.288,0.563,0.103,0.0111,1789929.725,59684568.95,1
1053,22,204,9.602,-0.007,-0.013,0.004,0.288,0.563,0.07,0.0107,3787487.391,62101759.33,1
1053,19,203,9.622,-0.005,-0.003,0.005,0.288,0.563,0.088,0.0112,1267114.114,59684164.72,1
1053,21,203,9.614,-0.012,-0.002,0.027,0.289,0.564,0.107,0.0107,1950664.454,61268025.59,1
1053,24,204,9.619,-0.017,-0.011,-0.003,0.289,0.564,0.067,0.0107,2581090.62,60453826.25,1
1053,25,217,9.641,-0.006,-0.009,-0.024,0.289,0.564,0.093,0.0107,2560182.403,60458535.52,1
1053,20,202,9.661,0.011,0,-0.007,0.289,0.564,0.093,0.0107,3773601.565,61264017.66,1
1053,24,202,9.665,-0.007,0.001,0.006,0.289,0.564,0.09,0.0107,3102887.104,61267207.33,1
1053,17,202,9.665,-0.008,-0.017,0.002,0.289,0.565,0.065,0.0107,3773632.219,73703489.65,1
1053,30,201,9.654,-0.012,-0.023,0.035,0.289,0.565,0.098,0.0107,3134911.121,62121771.28,1
1053,20,201,9.655,0.008,-0.006,0.007,0.289,0.565,0.078,0.0107,3297952.272,61257362.46,1
1053,18,200,9.626,0.004,0.009,0.031,0.289,0.566,0.098,0.0107,3232904.177,62121361.88,1
1053,16,201,9.599,0,-0.016,0.043,0.289,0.566,0.101,0.0107,3297956.38,61273272.18,1
1053,20,200,9.598,0.013,-0.003,0.02,0.289,0.566,0.089,0.0107,2549618.398,62989915.59,1
1053,34,201,9.606,-0.006,-0.007,0.012,0.289,0.566,0.095,0.0107,2570178.9,60451798.19,1
1053,26,201,9.647,-0.002,-0.006,-0.032,0.289,0.566,0.097,0.0107,2507160.343,61271586.86,1
1053,20,201,9.686,-0.009,0,-0.039,0.289,0.566,0.098,0.0107,3259790.456,61262025.38,1
1053,30,200,9.722,-0.015,-0.008,-0.042,0.289,0.566,0.094,0.0107,3208740.137,61292403.97,1
1053,19,200,9.769,-0.007,-0.005,-0.06,0.289,0.566,0.101,0.0107,2643914.45,61261616.46,1
1053,33,213,9.811,0.007,0.005,-0.056,0.289,0.566,0.105,0.0107,3852072.707,61264737.49,1
1053,23,213,9.77,-0.013,-0.022,0.031,0.288,0.566,0.096,0.0107,3949887.405,60450598.36,1
1053,18,213,9.764,-0.007,-0.01,-0.007,0.288,0.566,0.067,0.0107,3224318.427,62097644.37,1
1053,24,213,9.781,-0.016,0.004,-0.013,0.288,0.566,0.078,0.0107,3224333.267,60460009.45,1
1053,20,213,9.765,-0.013,0.007,0.012,0.288,0.566,0.092,0.0107,3197546.171,62097229.53,1
1053,23,214,9.768,-0.004,0.012,-0.008,0.288,0.566,0.081,0.0107,3162700.433,60459602.67,1
1053,25,213,9.766,-0.008,-0.017,-0.002,0.288,0.566,0.063,0.0107,3197625.409,62096821.01,1
1053,30,200,9.741,0.005,0.007,0.015,0.288,0.567,0.085,0.0107,3260572.356,73705186.34,1
1053,26,199,9.723,0.001,-0.016,0.015,0.288,0.566,0.087,0.0107,3825391.607,72759937.86,1
1053,34,199,9.727,0.003,0.003,-0.009,0.288,0.566,0.095,0.0111,3260628.899,73701153.83,1
1053,23,200,9.705,0.012,-0.003,0.019,0.288,0.566,0.091,0.0111,3135183.748,71864007.92,1
1053,20,200,9.696,-0.001,-0.003,0.013,0.288,0.566,0.099,0.0111,3888335.719,73700923.24,1
1053,30,213,9.717,0.005,-0.004,-0.006,0.287,0.566,0.089,0.0107,5254802.866,71863775.54,1
1053,21,212,9.742,-0.003,-0.003,-0.035,0.288,0.565,0.097,0.0107,3888367.771,72794213.08,1
1053,31,198,9.752,-0.005,-0.012,-0.01,0.287,0.565,0.074,0.0111,3260770.215,73698396.27,1
1053,25,198,9.761,-0.016,-0.018,-0.004,0.287,0.565,0.065,0.0107,3923408.632,72770600.83,1
1053,16,197,9.776,0.001,0.005,-0.02,0.288,0.566,0.104,0.0111,2535412.26,74669873.44,1
1053,17,197,9.794,-0.002,0.018,-0.007,0.288,0.566,0.073,0.0107,3888432.555,72770357.08,1
1053,21,197,9.805,-0.003,-0.016,-0.004,0.288,0.567,0.064,0.0107,3285678.982,74676013.89,1
1053,25,198,9.848,-0.003,0.008,-0.047,0.288,0.567,0.103,0.0107,2546885.832,72770111.37,1
1053,34,211,9.839,-0.005,0.018,0.008,0.288,0.567,0.072,0.0107,2581966.305,74669392.26,1
1053,27,212,9.858,0.003,-0.008,-0.011,0.288,0.566,0.092,0.0107,3163139.295,72775711.58,1
1053,17,226,9.879,-0.012,0.003,-0.014,0.288,0.567,0.084,0.0107,3923608.57,74669143.45,1
1053,20,225,9.888,-0.008,0.012,-0.016,0.288,0.567,0.091,0.0107,3163194.137,72769646.79,1
1053,28,210,9.862,-0.014,0.007,0.009,0.288,0.568,0.089,0.0107,3964728.238,74668900.29,1
1053,26,210,9.885,-0.003,0.009,-0.029,0.288,0.567,0.097,0.0107,3163249.418,72769410.32,1
1053,17,209,9.853,-0.002,-0.005,0.006,0.288,0.568,0.087,0.0107,1845323.078,73687154.5,1
1053,19,210,9.876,0.009,0.003,-0.034,0.288,0.568,0.105,0.0107,3043201.319,71022591.67,1
1053,16,210,9.888,-0.004,-0.028,0.003,0.288,0.568,0.062,0.0107,1845374.522,72746036.26,1
1053,26,209,9.921,-0.004,0.009,-0.015,0.288,0.568,0.087,0.0107,3711762.874,72753988.91,1
1053,24,209,9.938,0.007,-0.003,0,0.289,0.569,0.076,0.0107,3129891.932,74668165.5,1
1053,16,195,9.984,0.002,0,-0.033,0.289,0.57,0.108,0.0107,3068616.954,73698606.35,1
1053,19,195,9.984,-0.004,0.015,-0.024,0.29,0.571,0.093,0.0107,3846437.951,73702078.56,1
1053,16,195,9.964,-0.018,-0.034,0.041,0.29,0.571,0.092,0.0107,3772489.33,73698367.84,1
1053,18,195,9.998,-0.008,-0.005,-0.017,0.29,0.572,0.09,0.0107,1861339.563,73701821.97,1
1053,19,196,10,-0.002,0.001,-0.003,0.29,0.572,0.073,0.0107,3817230.021,73698125.25,1
1053,14,195,10.019,0.011,-0.021,-0.01,0.29,0.573,0.078,0.0107,2565169.295,74674889.29,1
1053,19,196,10.006,-0.027,0.023,0.008,0.291,0.573,0.078,0.0107,3817154.097,74667318.33,1
1053,34,223,9.988,-0.008,-0.015,0.039,0.291,0.574,0.106,0.0107,1914289.184,71857410.28,1
1053,27,222,10.077,0.005,0.032,-0.058,0.291,0.574,0.102,0.0107,3200376.929,73685689.85,1
1053,25,207,10.067,0.003,0.011,-0.009,0.291,0.575,0.088,0.0107,1914254.28,71846126.12,1
1053,31,207,10.03,0.003,0.009,0.008,0.292,0.575,0.073,0.0108,3781658.223,72756059.06,1
1053,39,207,10.03,-0.015,0.004,-0.003,0.292,0.575,0.075,0.0107,3228687.97,70982451.37,1
1053,30,207,10.023,0.003,-0.014,0.016,0.292,0.576,0.09,0.0107,1300400.193,72755827.08,1
1053,36,207,9.993,-0.011,-0.012,0.03,0.293,0.576,0.104,0.0107,1300390.237,72758192.64,1
1053,34,207,9.957,-0.024,0.002,0.034,0.292,0.576,0.101,0.0107,1300380.258,72755594.69,1
1053,28,207,9.949,-0.008,0.025,-0.008,0.292,0.575,0.07,0.0107,2608769.606,70981988.26,1
1053,29,207,9.958,-0.014,0,-0.022,0.292,0.575,0.089,0.0107,1865183.887,73684772.44,1
1053,32,206,9.963,-0.012,0.014,-0.012,0.292,0.575,0.078,0.0107,649031.6334,72751924.43,1
1053,20,206,9.925,0.004,-0.023,0.037,0.292,0.575,0.094,0.0107,3211867.154,73684550.91,1
1053,33,206,9.906,-0.015,-0.027,0.024,0.292,0.575,0.088,0.0107,1983933.482,71856079.13,1
1053,27,206,9.915,0.002,-0.015,-0.009,0.292,0.575,0.074,0.0107,1925075.783,72784423.74,1
1053,17,192,9.929,-0.006,0.006,-0.011,0.292,0.575,0.083,0.0107,2042241.58,71861440.16,1
1053,36,205,9.913,-0.025,0.006,0.015,0.292,0.574,0.09,0.0107,1919830.275,73684101.2,1
1053,36,205,9.94,-0.005,-0.013,-0.022,0.292,0.574,0.089,0.0107,38.57142857,72754547.5,1
1053,16,205,9.972,-0.007,0.01,-0.01,0.292,0.575,0.083,0.0107,3271647.559,72742851.04,1
1053,22,204,9.964,0.012,-0.011,-0.002,0.292,0.575,0.074,0.0107,1983810.647,72751065.45,1
1053,26,191,9.969,0.003,-0.036,0.013,0.292,0.575,0.072,0.0106,3214058.292,72742617.21,1
1053,19,204,9.981,-0.01,0.006,-0.015,0.292,0.575,0.091,0.0107,670649.5566,71844097.85,1
1053,14,190,9.974,-0.009,-0.019,0.009,0.292,0.576,0.076,0.0107,1867499.182,73689508.89,1
1053,40,191,9.978,0.008,-0.006,-0.01,0.292,0.576,0.093,0.0107,651515.2709,71012890.67,1
1053,16,204,9.966,-0.001,0.002,-0.001,0.292,0.576,0.074,0.0107,2626020.114,72742168.63,1
1053,29,204,9.962,-0.011,-0.007,-0.002,0.292,0.576,0.069,0.0108,1338450.848,71854737.66,1
1053,22,204,9.971,-0.004,-0.015,-0.011,0.292,0.575,0.075,0.0108,2685144.673,72741916.31,1
1053,17,204,9.997,0.019,0.015,-0.024,0.292,0.575,0.096,0.0108,1300190.218,71854522.08,1
1053,17,203,9.982,0.002,-0.007,0.004,0.292,0.575,0.073,0.0108,2041967.813,72741674.25,1
1053,16,203,9.994,-0.005,-0.001,-0.006,0.293,0.575,0.074,0.0108,2020824.074,74663759.4,1
1053,24,203,9.976,-0.002,-0.013,0.021,0.293,0.575,0.097,0.0108,1981535.887,72749866.08,1
1053,30,203,9.968,-0.01,0.013,0.008,0.293,0.574,0.081,0.0107,667642.6942,73682388.03,1
1053,37,202,9.968,-0.005,0.002,0,0.293,0.574,0.076,0.0107,1215926.223,71845884.93,1
1053,30,190,9.969,-0.016,0.006,0,0.293,0.574,0.075,0.0107,670812.9138,73682155.8,1
1053,17,202,9.968,-0.001,0.022,0.004,0.292,0.574,0.063,0.0107,1239601.814,71853748.06,1
1053,17,189,9.979,0.011,-0.006,0.002,0.292,0.573,0.074,0.0107,1338348.412,71853638.5,1
1053,20,189,9.985,-0.009,-0.011,0,0.292,0.573,0.067,0.0107,1919127.556,72749218.17,1
1053,30,201,9.988,-0.014,-0.002,-0.002,0.292,0.573,0.073,0.0108,1338328.105,71842301.49,1
1053,20,201,9.991,-0.008,-0.026,0.008,0.292,0.573,0.067,0.0107,3862045.022,72754823.08,1
1053,21,201,10.01,-0.021,-0.011,-0.004,0.292,0.572,0.069,0.0107,1300070.961,73681480.02,1
1053,18,201,10.007,-0.022,0.007,0.008,0.292,0.572,0.083,0.0107,2561934.434,72748784.05,1
1053,21,202,10.021,-0.002,0.003,-0.003,0.291,0.571,0.073,0.0107,38.88571429,73681250.08,1
1053,17,215,10.005,-0.005,-0.001,0.019,0.291,0.57,0.103,0.0107,1308104.692,71852848.06,1
1053,18,214,10.016,-0.003,0.007,-0.019,0.291,0.57,0.09,0.0107,1997805.143,73681027.59,1
1053,18,200,10.014,0.014,-0.016,-0.008,0.291,0.57,0.077,0.0109,1274309.198,71875573.95,1
1053,27,200,10,-0.001,-0.004,0.011,0.291,0.57,0.096,0.0109,1335075.743,73680799.63,1
1053,20,201,10.005,-0.009,-0.012,0.001,0.291,0.57,0.067,0.0109,2554036.968,72748115.79,1
1053,20,200,10.004,0.005,-0.003,-0.015,0.291,0.571,0.102,0.0109,2541897.436,73680562.07,1
1053,30,200,10.007,-0.008,0.01,-0.01,0.292,0.571,0.08,0.0109,3056401.701,72757776.59,1
1053,25,200,10.009,-0.018,-0.014,-0.001,0.291,0.571,0.067,0.0107,1233941.135,72739205.98,1
1053,20,201,10.003,0.002,-0.012,0.023,0.291,0.57,0.093,0.0107,2460473.659,72750705.68,1
1053,19,200,10.014,-0.001,0.009,-0.005,0.291,0.57,0.072,0.0107,1917207.459,72738972.72,1
1053,13,199,10.013,0.008,0.003,0.003,0.291,0.57,0.069,0.0107,1797840.561,72750474.29,1
1053,24,213,10.025,-0.007,-0.013,-0.01,0.291,0.57,0.07,0.0107,1234060.158,72738726.07,1
1053,20,213,10.043,0,0.021,-0.013,0.291,0.569,0.079,0.0107,582202.4833,71851506.39,1
1053,15,214,10.045,-0.007,0.007,0.007,0.291,0.569,0.087,0.0107,2579864.928,72738501.83,1
1053,29,227,10.089,0.005,0,-0.029,0.291,0.569,0.106,0.0107,1207006.91,72750009.36,1
1053,39,212,10.096,-0.004,-0.034,-0.014,0.291,0.57,0.066,0.0107,3225085.469,73679426.82,1
1053,33,212,10.105,-0.013,0.011,-0.001,0.291,0.57,0.072,0.0107,1890175.174,71876928.19,1
1053,31,211,10.102,-0.02,0.006,0.005,0.291,0.57,0.081,0.0107,2449834.314,73679206.65,1
1053,20,211,10.119,0.004,-0.013,-0.001,0.291,0.569,0.065,0.0107,1890188.364,72746607.94,1
1053,22,211,10.106,-0.007,0.003,0.011,0.291,0.569,0.098,0.0107,2552697.516,72749426.77,1
1053,30,210,10.09,-0.005,0.004,0.011,0.291,0.569,0.096,0.0107,1265427.264,72746389.34,1
1053,17,210,10.091,0.009,-0.001,-0.01,0.291,0.569,0.099,0.0107,1244827.341,71842146.74,1
1053,33,211,10.079,-0.001,0.022,-0.012,0.291,0.569,0.073,0.0109,2508226.753,73678622,1
1053,29,211,10.063,-0.014,-0.014,0.015,0.291,0.57,0.091,0.0107,582383.6724,72748959.15,1
1053,29,211,10.038,0,-0.021,0.024,0.291,0.569,0.087,0.0107,2449968.17,72737195.9,1
1053,14,211,10.017,-0.013,-0.033,0.029,0.291,0.57,0.088,0.0107,1896902.165,73678290.04,1
1053,15,196,9.985,-0.014,-0.018,0.032,0.291,0.57,0.099,0.0107,1173678.088,82630586.43,1
1053,33,197,9.994,-0.008,-0.01,0.009,0.291,0.571,0.087,0.0107,2508292.627,82630440.09,1
1053,17,197,9.999,-0.003,0.029,-0.025,0.291,0.571,0.083,0.0107,1173711.237,80719006.4,1
1053,21,197,9.985,0,0.028,0.009,0.291,0.571,0.065,0.0107,2508305.59,81651706.54,1
1053,19,197,9.978,-0.011,0.008,0.008,0.292,0.571,0.088,0.0108,582499.6881,80690808.51,1
1053,16,198,9.995,0.007,-0.009,-0.02,0.292,0.571,0.099,0.0107,3578941.855,81651397.84,1
1053,18,197,10.006,0.001,0.015,-0.017,0.292,0.571,0.088,0.0107,1693566.121,81648174.28,1
1053,40,197,10.01,-0.011,0,-0.01,0.292,0.571,0.08,0.0107,3509304.51,81651098.38,1
1053,37,197,10.004,-0.01,-0.013,0.016,0.292,0.571,0.093,0.0108,2301040.314,80690196.15,1
1053,18,210,10.008,0,-0.015,0.004,0.293,0.571,0.068,0.0107,2267853.429,82629214.81,1
1053,40,211,9.99,-0.015,-0.002,0.015,0.293,0.571,0.099,0.0107,3712045.518,81647591.42,1
1053,16,210,9.982,0.013,0.003,0.006,0.293,0.571,0.072,0.0107,2984895.799,79802619.57,1
1053,19,210,9.985,-0.006,0.008,-0.004,0.293,0.572,0.072,0.0107,2971687.577,82628761.25,1
1053,26,211,10.005,-0.003,0.008,-0.016,0.293,0.572,0.088,0.0107,1693733.412,81637437.17,1
1053,21,211,10.033,-0.012,0.001,-0.021,0.293,0.572,0.09,0.0107,2327899.504,82628442.35,1
1053,32,210,10.036,-0.008,-0.008,0.007,0.293,0.572,0.083,0.0107,2267932.157,80691996.68,1
1053,30,210,10.039,-0.01,0.017,-0.009,0.293,0.571,0.071,0.0107,4243114.014,82628135.77,1
1053,15,210,10.032,-0.017,-0.021,0.001,0.293,0.571,0.065,0.0107,2267958.38,80691698.38,1
1053,30,210,10.028,-0.008,-0.002,0.002,0.293,0.571,0.081,0.0107,2935478.861,82627832.33,1
1053,14,209,10.014,-0.006,-0.029,0.03,0.292,0.571,0.087,0.0107,1140669.053,81636487.66,1
1053,18,209,10,-0.001,0.004,0.004,0.292,0.57,0.084,0.0107,1174010.236,82627528.8,1
1053,15,210,9.964,0,-0.013,0.016,0.292,0.57,0.088,0.0107,1844576.418,82627372.54,1
1053,37,209,9.956,-0.002,0.005,0,0.292,0.57,0.074,0.0107,1890392.148,80690884.79,1
1053,25,209,9.953,-0.005,0.014,-0.007,0.292,0.57,0.073,0.0107,2418674.311,82627064.45,1
1053,18,208,9.945,0.002,0.007,-0.005,0.292,0.57,0.084,0.0107,1837895.362,80699978.68,1
1053,33,208,9.95,-0.012,0.03,-0.016,0.292,0.57,0.073,0.0107,1844643.242,81674415.28,1
1053,18,208,9.937,-0.007,0.004,-0.013,0.292,0.57,0.086,0.0109,1837909.063,80699668.7,1
1053,38,208,9.934,0.002,0.03,-0.008,0.292,0.57,0.065,0.0107,1775023.09,82626452.19,1
1053,18,208,9.913,-0.008,0.011,-0.008,0.292,0.57,0.074,0.0107,1174143.993,80699368.17,1
1053,39,209,9.901,0,-0.012,0.011,0.292,0.569,0.084,0.0107,2438828.672,82626134.65,1
1053,24,209,9.902,-0.001,0.005,-0.011,0.292,0.569,0.08,0.0107,1278026.752,81647501.08,1
1053,27,209,9.887,-0.005,-0.024,0.004,0.292,0.569,0.065,0.0107,1815819.408,81634601.29,1
1053,25,208,9.883,-0.02,0,0,0.292,0.569,0.076,0.0107,643651.5485,81647192.5,1
1053,22,208,9.888,-0.008,0.01,-0.003,0.292,0.569,0.07,0.0107,2382573.833,81644182.02,1
1053,27,208,9.862,0.004,0.002,0.031,0.292,0.569,0.097,0.0107,1817832.373,81646874.54,1
1053,28,208,9.853,0.014,0.006,0.017,0.292,0.569,0.081,0.0107,2479540.251,81643884.75,1
1053,27,207,9.857,0.005,-0.012,0.006,0.292,0.569,0.074,0.0107,607480.8252,81646558.7,1
1053,24,207,9.875,-0.01,-0.005,-0.01,0.292,0.569,0.076,0.0107,1298169.685,81643600.03,1
1053,25,207,9.89,-0.003,0,-0.004,0.292,0.568,0.073,0.0107,607481.9574,82624765.93,1
1053,36,207,9.913,0.001,-0.015,-0.019,0.292,0.568,0.086,0.0107,1997178.272,80697694.87,1
1053,29,207,9.945,0.013,-0.005,-0.019,0.292,0.568,0.1,0.0107,1181364.762,82624449.81,1
1053,17,207,9.942,-0.003,0.006,0.003,0.292,0.568,0.08,0.0107,1762019.967,79771178.74,1
1053,17,206,9.954,0.002,-0.005,-0.006,0.292,0.569,0.084,0.0107,2968430.275,81645621.12,1
1053,19,207,9.966,-0.01,-0.005,0.005,0.292,0.569,0.08,0.0107,1127541.87,81645464.31,1
1053,18,207,9.975,-0.016,-0.022,0.016,0.293,0.57,0.08,0.0107,3008472.598,80687363.1,1
1053,31,208,10.005,-0.012,0.004,-0.014,0.294,0.571,0.082,0.0107,1762103.551,81645151.39,1
1053,30,208,10.052,-0.009,0.017,-0.023,0.294,0.573,0.087,0.0107,1726496.452,80696649.14,1
1053,18,208,10.084,0.004,-0.007,-0.016,0.295,0.575,0.098,0.0107,2936903.441,81644839.78,1
1053,19,207,10.082,-0.004,-0.006,0.024,0.296,0.576,0.099,0.0107,2907751.526,80696348.39,1
1053,31,207,10.133,0.01,-0.001,-0.021,0.297,0.577,0.102,0.0107,1726510.72,80686557.41,1
1053,26,207,10.108,-0.014,0.042,0.045,0.298,0.579,0.087,0.0107,2300289.872,79769787.68,1
1053,37,207,10.106,-0.023,0.014,0.028,0.299,0.581,0.095,0.0107,3611973.521,81644210.56,1
1053,20,207,10.137,-0.018,-0.016,0,0.3,0.582,0.066,0.0107,2365999.525,82622603.58,1
1053,30,207,10.13,-0.02,0.011,0.038,0.3,0.583,0.1,0.0107,3611985.733,81643896.08,1
1053,16,207,10.139,0,-0.004,0.005,0.301,0.584,0.081,0.0107,2300266.162,81641076.75,1
1053,28,207,10.172,0.002,-0.013,-0.006,0.302,0.585,0.069,0.0107,2968670.242,82622138.8,1
1053,14,206,10.191,-0.012,-0.042,0.01,0.302,0.586,0.065,0.0107,3598446.332,80682896.95,1
1053,19,205,10.175,0.004,-0.014,0.04,0.303,0.588,0.099,0.0107,2968707.459,82621842.2,1
1053,21,206,10.18,0.013,-0.008,0.02,0.304,0.589,0.087,0.0107,3598441.093,81640477.1,1
1053,30,206,10.177,0.003,0.017,0.029,0.304,0.59,0.087,0.0107,2968744.63,81630169.59,1
1053,31,206,10.202,0,0.006,-0.005,0.305,0.59,0.08,0.0107,3578239.201,81640192.79,1
1053,23,207,10.217,-0.01,-0.008,0.016,0.305,0.592,0.098,0.0107,2968781.792,80684636.96,1
1053,40,207,10.235,-0.01,0.001,0,0.306,0.593,0.072,0.0107,2934987.643,81639892.14,1
1053,17,206,10.27,-0.015,0.007,-0.003,0.306,0.593,0.07,0.0107,3612048.151,80684305.29,1
1053,17,206,10.284,0.005,0.003,0.011,0.306,0.594,0.079,0.0107,2943424.154,79767610.9,1
1053,40,206,10.297,-0.006,0.009,0.022,0.306,0.594,0.097,0.0107,2484385.744,82620607.49,1
1053,38,206,10.33,-0.018,-0.007,0.002,0.307,0.595,0.073,0.0107,3086570.804,79767310.81,1
1053,39,206,10.368,-0.011,0.003,0.005,0.307,0.596,0.085,0.0107,1242335.492,80693491.24,1
1053,18,206,10.407,0.003,-0.002,-0.012,0.307,0.596,0.096,0.0107,567355.5509,82620144.03,1
1053,18,206,10.429,0.002,-0.023,0.005,0.308,0.597,0.066,0.0107,1826540.582,81641401.49,1
1053,25,206,10.453,-0.005,0.001,0.005,0.308,0.597,0.086,0.0107,1208419.447,82619837.32,1
1053,21,206,10.465,0.018,0.005,0,0.308,0.598,0.071,0.0107,1826579.355,79766525.92,1
1053,31,205,10.477,0.009,-0.018,0.012,0.309,0.598,0.073,0.0107,1939394.401,82619535.5,1
1053,24,205,10.516,-0.02,0.007,-0.024,0.309,0.599,0.085,0.0107,2508905.845,79766232.9,1
1053,33,205,10.553,-0.005,-0.014,-0.028,0.309,0.599,0.087,0.0107,2523024.303,82619231.84,1
1053,20,205,10.639,-0.017,-0.001,-0.054,0.309,0.599,0.096,0.0107,1826656.715,80682385.8,1
1053,25,205,10.713,-0.017,-0.005,-0.059,0.31,0.6,0.097,0.0107,2523061.1,82618914.41,1
1053,29,206,10.75,-0.014,-0.01,-0.019,0.31,0.601,0.08,0.0107,1826695.565,80691983.43,1
1053,29,206,10.805,-0.004,-0.002,-0.048,0.31,0.6,0.094,0.0107,4365334.779,82618607.05,1
1053,35,206,10.86,-0.005,0.005,-0.058,0.31,0.6,0.098,0.0107,2333606.951,79789819.35,1
1053,19,206,10.922,0.003,0.006,-0.059,0.31,0.6,0.102,0.0107,2425999.151,82618291.26,1
1053,33,206,10.966,-0.012,0.004,-0.041,0.311,0.601,0.098,0.0107,3611625.905,81639509.98,1
1053,21,205,10.993,-0.012,-0.008,-0.027,0.311,0.601,0.089,0.0107,3087395.49,82617984.04,1
1053,28,205,11.001,0.009,0.021,-0.007,0.311,0.602,0.069,0.0107,2333662.821,81639197.76,1
1053,29,205,11.013,0.002,-0.003,-0.01,0.311,0.602,0.094,0.0107,3683256.494,82617682.36,1
1053,17,205,11.022,0,0.006,-0.007,0.311,0.602,0.075,0.0107,2986906.625,79764379.02,1
1053,36,205,11.035,0.001,-0.006,-0.017,0.311,0.602,0.096,0.0107,2438165.386,81638733.29,1
1053,19,206,11.04,-0.002,0.003,-0.015,0.311,0.603,0.089,0.0107,2403116.551,80690462.47,1
1053,22,205,11.029,0.004,-0.004,0.006,0.311,0.603,0.073,0.0107,3120347.85,81625582.35,1
1053,30,205,11.02,-0.02,0.019,-0.004,0.311,0.603,0.07,0.0107,1160126.63,81638259.99,1
1053,40,205,11.014,-0.004,-0.011,-0.01,0.311,0.603,0.073,0.0107,3120372.77,81664766.51,1
1053,21,205,10.998,0.01,0.005,0.01,0.311,0.604,0.078,0.0107,1813439.934,81637950.95,1
1053,29,205,10.967,-0.011,-0.006,0.022,0.311,0.604,0.1,0.0107,2495559.272,81635444.49,1
1053,28,205,10.954,0.003,0.011,-0.004,0.312,0.604,0.071,0.0107,1813483.164,81637630.8,1
1053,34,206,10.927,0.001,-0.004,0.021,0.312,0.604,0.09,0.0107,3093147.033,81635151.25,1
1053,30,205,10.91,-0.011,0.011,0.016,0.312,0.605,0.092,0.0107,2438367.456,81637325.43,1
1053,18,205,10.917,-0.009,0.006,-0.007,0.312,0.604,0.076,0.0107,3710113.083,81634859.24,1
1053,27,205,10.91,-0.003,0.016,0.004,0.312,0.605,0.067,0.0107,1813569.699,81637005.02,1
1053,20,205,10.911,0.014,-0.016,-0.016,0.312,0.605,0.086,0.0107,2495629.267,80714452.38,1
1053,35,205,10.923,0.009,-0.012,-0.022,0.312,0.605,0.096,0.0107,2474765.554,80676327.47,1
1053,32,206,10.92,0.011,-0.012,0.002,0.312,0.606,0.068,0.0107,1785060.481,82615208,1
1053,18,206,10.905,0.002,-0.004,0.002,0.312,0.606,0.072,0.0107,2495664.409,81634099.03,1
1053,24,206,10.876,0.005,-0.013,0.019,0.313,0.607,0.091,0.0108,2495676.097,82614900.32,1
1053,19,206,10.872,-0.011,0.002,0.011,0.313,0.607,0.097,0.0107,3085277.282,82614742.44,1
1053,36,206,10.862,-0.003,-0.024,-0.003,0.313,0.608,0.062,0.0107,2503315.36,81635895.16,1
1053,24,205,10.869,0.005,-0.003,-0.007,0.313,0.608,0.089,0.0107,3056641.283,80703279.99,1
1053,34,205,10.862,-0.012,0.002,-0.003,0.314,0.609,0.072,0.0107,3156787.533,81635588.55,1
1053,38,205,10.862,-0.012,0.003,0,0.314,0.609,0.073,0.0108,3710132.472,82614121.31,1
1053,37,206,10.864,0,0.004,-0.001,0.314,0.609,0.072,0.0107,1813808.051,81635278.46,1
1053,28,206,10.84,-0.004,0.008,0.015,0.314,0.609,0.094,0.0107,3035692.587,79760637.12,1
1053,27,206,10.836,-0.019,0.012,0.011,0.314,0.609,0.083,0.0107,2370964.537,82613665.65,1
1053,17,206,10.841,-0.007,0,-0.007,0.314,0.61,0.075,0.0107,1791041.027,82613508.87,1
1053,35,206,10.862,0.013,0.017,-0.015,0.314,0.61,0.086,0.0107,1763509.748,80676439.74,1
1053,19,205,10.882,0.008,-0.014,-0.015,0.314,0.61,0.087,0.0107,2433653.882,81661324.29,1
1053,27,204,10.912,0.01,0.008,-0.026,0.314,0.61,0.102,0.0107,2336648.252,80676110.98,1
1053,19,204,10.937,-0.002,0.013,-0.022,0.314,0.61,0.094,0.0107,3041127.446,82612887.2,1
1053,21,191,10.957,-0.004,0.008,-0.016,0.314,0.61,0.085,0.0107,1701188.912,80686073.65,1
1053,40,191,10.95,0.003,-0.005,0.008,0.314,0.61,0.078,0.0107,1785213.07,81620979.54,1
1053,18,192,10.962,-0.011,0.017,-0.018,0.314,0.611,0.081,0.0107,2269319.862,81633702.63,1
1053,17,205,10.977,-0.003,-0.014,-0.008,0.314,0.611,0.069,0.0107,2371162.646,82612277.47,1
1053,18,204,11.009,-0.007,-0.013,-0.043,0.314,0.611,0.095,0.0107,2364058.782,81633391.2,1
1053,39,203,11.03,-0.004,-0.003,-0.021,0.314,0.611,0.09,0.0107,1735659.585,82611959.28,1
1053,42,203,11.037,0.004,-0.013,-0.017,0.314,0.611,0.091,0.0107,1770667.365,81633079.65,1
1053,21,203,11.048,0.021,-0.026,-0.023,0.314,0.611,0.084,0.0107,2371250.929,80672655.72,1
1053,37,203,11.029,0.009,-0.002,0.006,0.314,0.611,0.074,0.0107,1128176.072,82611498.39,1
1053,18,203,11.014,0.01,-0.007,0.016,0.314,0.611,0.088,0.0107,2944276.207,80712559.72,1
1053,21,203,10.99,0.005,-0.004,0.019,0.314,0.611,0.091,0.0107,1128191.859,82611188.98,1
1053,27,203,11.009,0.005,0.009,-0.023,0.314,0.612,0.101,0.0107,2944299.646,80672061.56,1
1053,20,203,11.004,-0.003,0.009,-0.008,0.314,0.612,0.076,0.0107,2433445.397,82610877.41,1
1053,36,203,11.01,0.004,-0.008,-0.018,0.314,0.612,0.097,0.0107,1701154.861,80671740.39,1
1053,23,203,11.007,0.004,-0.003,-0.005,0.314,0.612,0.085,0.0107,3013815.547,82610570.69,1
1053,20,203,10.998,-0.003,-0.004,-0.004,0.314,0.613,0.07,0.0107,2363924.862,79757209.71,1
1053,39,203,11.001,0.002,-0.01,-0.017,0.314,0.613,0.095,0.0107,1128238.911,82610260.85,1
1053,28,203,11,-0.014,0.005,0.003,0.314,0.613,0.077,0.0107,3613792.669,81658345.16,1
1053,25,204,11.003,-0.014,0.012,-0.007,0.314,0.613,0.071,0.0107,1763974.739,82609956.2,1
1053,32,218,10.991,0.005,-0.007,0.019,0.314,0.613,0.089,0.0107,2971396.747,82609791.94,1
1053,26,217,10.994,0.006,-0.005,-0.001,0.314,0.613,0.074,0.0107,1764017.035,81630867.35,1
1053,18,202,10.994,0.006,-0.01,0.001,0.314,0.613,0.067,0.0107,2971374.652,82609489.78,1
1053,18,202,10.991,-0.002,0.003,-0.004,0.314,0.613,0.072,0.0107,2406372.575,80682740.08,1
1053,17,202,10.991,0.009,-0.014,-0.008,0.314,0.613,0.077,0.0107,2971352.513,82609161.69,1
1053,20,201,10.992,0.005,0.011,0.007,0.314,0.613,0.068,0.0107,2332601.785,82609028.73,1
1053,20,202,10.984,0.002,-0.011,0.004,0.314,0.613,0.068,0.0107,3519443.981,82608874.21,1
1053,29,215,10.979,0.002,0.005,0.005,0.314,0.613,0.07,0.0107,2332677.259,82608715.82,1
1053,19,216,10.966,-0.012,-0.003,-0.003,0.314,0.613,0.07,0.0107,3519449.692,82608568.05,1
1053,20,215,10.951,0,0.029,0.006,0.314,0.614,0.064,0.0107,2995403.96,82608409.54,1
1053,22,200,10.95,-0.003,0.006,-0.004,0.314,0.614,0.073,0.0107,2877227.127,82608248,1
1053,19,200,10.942,-0.008,0.004,0.001,0.314,0.614,0.075,0.0107,1696948.302,81627405.16,1
1053,27,200,10.939,0.008,-0.01,-0.003,0.314,0.614,0.071,0.0107,3519461.87,82607938.21,1
1053,20,200,10.948,-0.007,-0.007,-0.007,0.314,0.614,0.071,0.0107,2332903.918,81627109.31,1
1053,18,200,10.934,0.004,-0.024,0.012,0.314,0.614,0.072,0.0107,2937842.29,81628830.99,1
1053,38,199,10.924,0.011,0.016,-0.003,0.314,0.614,0.068,0.0107,2332979.498,81615728.91,1
1053,27,200,10.902,0.008,-0.028,0.024,0.314,0.614,0.082,0.0107,1770544.5,81628499.01,1
1053,23,200,10.893,0.007,-0.007,0.005,0.314,0.614,0.072,0.0107,3603168.288,81626511.83,1
1053,26,200,10.87,-0.008,0.023,0.025,0.314,0.614,0.087,0.0107,3573855.394,81628194.48,1
1053,17,199,10.864,0.008,0.006,0.002,0.314,0.614,0.066,0.0107,4201854.635,81626205.2,1
1053,27,200,10.866,-0.021,0.021,-0.005,0.314,0.614,0.07,0.0107,2363045.072,81627878.34,1
1053,26,199,10.863,0.003,0.013,0.007,0.314,0.614,0.069,0.0107,3612701.625,81625917.69,1
1053,21,200,10.857,-0.004,0.002,-0.002,0.314,0.614,0.072,0.0107,2363082.526,82606387.38,1
1053,40,200,10.848,-0.006,0.002,-0.002,0.314,0.614,0.072,0.0107,3543283.459,80679702.63,1
1053,34,214,10.842,0.004,-0.017,0,0.314,0.614,0.063,0.0107,2369126.103,82606084.92,1
1053,21,214,10.836,-0.014,-0.01,-0.008,0.314,0.613,0.069,0.0107,2950670.641,80679418.79,1
1053,40,228,10.849,-0.014,0.002,-0.023,0.314,0.613,0.089,0.0107,1770502.906,82605776.55,1
1053,36,212,10.856,-0.008,0.01,-0.018,0.314,0.613,0.089,0.0107,2308619.945,80679085.81,1
1053,43,212,10.88,-0.013,0.02,-0.038,0.314,0.613,0.089,0.0107,1770494.719,82605457.66,1
1053,46,212,10.862,-0.003,0.004,0.011,0.313,0.613,0.094,0.0107,1701066.919,80678785.69,1
1053,33,198,10.863,-0.015,0.015,0.003,0.313,0.613,0.07,0.0107,2378037.882,80667882.8,1
1053,37,197,10.859,-0.002,0.015,0.002,0.313,0.613,0.062,0.0107,1701062.073,81624420.99,1
1053,31,211,10.867,-0.002,-0.011,-0.007,0.313,0.612,0.07,0.0107,3676626.556,81613026.52,1
1053,40,211,10.862,-0.014,0.015,-0.004,0.313,0.612,0.068,0.0107,2363481.492,80670191.75,1
1053,20,211,10.871,-0.001,0.009,-0.008,0.313,0.612,0.073,0.0107,3034688.619,80667231.61,1
1053,20,211,10.889,-0.008,-0.007,-0.02,0.313,0.612,0.087,0.0107,2979181.375,82604373.48,1
1053,30,212,10.916,0.012,-0.014,-0.032,0.313,0.612,0.098,0.0107,1736103.869,79750999.25,1
1053,45,212,10.926,-0.014,0.03,-0.01,0.313,0.612,0.067,0.0107,2308606.597,82604063.1,1
1053,31,212,10.945,-0.015,0.022,-0.027,0.313,0.611,0.081,0.0107,3069072.263,80677421.56,1
1053,19,212,10.952,-0.002,-0.006,-0.012,0.313,0.611,0.078,0.0107,1128569.409,82603753.53,1
1053,35,213,10.94,-0.017,0.023,0.005,0.313,0.611,0.07,0.0107,1701040.154,81611750.6,1
1053,40,213,10.97,-0.012,0.013,-0.035,0.312,0.611,0.094,0.0107,1128585.153,81624571.13,1
1053,39,213,10.982,-0.014,0.017,-0.019,0.312,0.611,0.08,0.0107,2944895.332,81622783.44,1
1053,22,212,10.997,-0.032,0.024,-0.029,0.312,0.611,0.077,0.0107,1736166.726,82603131.59,1
1053,22,212,11.048,0.016,-0.014,-0.064,0.312,0.611,0.101,0.0107,2944919.666,80665622.84,1
1053,25,212,11.082,-0.003,-0.01,-0.048,0.312,0.61,0.099,0.0107,3014328.462,82602817.2,1
1053,17,213,11.082,0.003,-0.027,-0.012,0.312,0.61,0.067,0.0107,2372542.821,79749437.49,1
1053,21,213,11.08,-0.009,0.009,-0.024,0.312,0.61,0.093,0.0107,2372565.287,82602509.48,1
1053,28,213,11.098,0.017,-0.02,-0.029,0.312,0.611,0.093,0.0107,636415.1633,79749134.16,1
1053,26,227,11.103,-0.01,0.011,-0.025,0.312,0.611,0.091,0.0107,1269886.172,82602203.57,1
1053,46,212,11.126,0.001,-0.026,-0.024,0.312,0.611,0.082,0.0107,2979167.22,80675594.82,1
1053,18,211,11.153,0.006,-0.016,-0.051,0.312,0.611,0.101,0.0107,1128663.71,82601893.69,1
1053,29,211,11.178,0.009,0.007,-0.045,0.312,0.611,0.104,0.0107,2950312.035,81622838.15,1
1053,26,197,11.188,0.008,-0.006,-0.018,0.312,0.611,0.1,0.0107,1790916.317,81621140.95,1
1053,21,197,11.224,0.012,-0.008,-0.057,0.313,0.612,0.103,0.0107,1128687.411,81622518.08,1
1053,26,197,11.229,-0.011,0.006,-0.027,0.313,0.612,0.093,0.0107,1790913.578,80662387.6,1
1053,30,212,11.243,-0.003,-0.011,-0.032,0.313,0.612,0.097,0.0107,1736284.125,82601114.38,1
1053,25,226,11.264,-0.027,0.007,-0.034,0.313,0.612,0.085,0.0107,2427407.374,81609062.39,1
1053,33,225,11.249,0.009,-0.002,-0.023,0.313,0.612,0.102,0.0107,1700997.141,81621882.66,1
1053,18,210,11.238,-0.022,0.01,-0.002,0.313,0.612,0.072,0.0107,2334650.106,82600659.72,1
1053,26,209,11.209,-0.012,-0.001,0.002,0.313,0.612,0.077,0.0107,1765272.038,81621578.47,1
1053,39,208,11.203,-0.013,0.015,-0.023,0.313,0.612,0.086,0.0107,2950193.984,80661476.82,1
1053,37,195,11.193,0.006,0.01,-0.021,0.313,0.612,0.096,0.0107,2372902.855,81621253.71,1
1053,25,195,11.191,0.008,-0.039,-0.022,0.313,0.612,0.072,0.0107,1128758.359,80661160.64,1
1053,33,196,11.192,-0.011,0.012,-0.034,0.312,0.612,0.092,0.0107,3641289.98,82599875.76,1
1053,24,209,11.201,0.009,-0.018,-0.022,0.313,0.612,0.091,0.0108,2398490.683,80660855.89,1
1053,21,208,11.2,-0.007,0.009,-0.026,0.313,0.612,0.093,0.0108,1700978.535,81620618.57,1
1053,21,207,11.211,-0.018,0.003,-0.032,0.313,0.612,0.089,0.0107,1790896.238,81607448.88,1
1053,24,193,11.197,-0.008,0.006,-0.011,0.313,0.612,0.082,0.0107,2308569.111,80672865.51,1
1053,17,193,11.186,-0.002,-0.03,-0.005,0.313,0.612,0.063,0.0107,1790893.32,81607130.52,1
1053,17,194,11.191,0.002,-0.017,-0.039,0.313,0.612,0.097,0.0107,1128813.566,82598949.31,1
1053,20,194,11.151,0.002,0.002,-0.013,0.313,0.612,0.099,0.0107,1765507.147,81606818.93,1
1053,17,195,11.113,0.015,-0.007,-0.007,0.313,0.612,0.083,0.0107,2308564.639,80672254.73,1
1053,30,207,11.073,0.005,-0.008,0.006,0.313,0.612,0.071,0.0107,1765549.909,82598484.14,1
1053,15,206,11.049,-0.003,-0.012,-0.006,0.313,0.612,0.067,0.0107,3641189.867,79782523,1
1053,15,193,11.032,0.006,-0.002,-0.015,0.313,0.612,0.101,0.0107,1128852.978,82598174.34,1
1053,19,193,11.02,-0.007,0.02,-0.023,0.313,0.612,0.085,0.0107,2999731.526,80659179.01,1
1053,32,193,11.028,0.009,-0.019,-0.043,0.313,0.613,0.098,0.0107,1736475.132,82597866.14,1
1053,18,194,10.994,-0.004,0.004,-0.004,0.313,0.613,0.072,0.0107,3569453.723,80658861.95,1
1053,18,194,10.973,0.005,-0.014,-0.005,0.313,0.613,0.069,0.0107,2943022.488,82597557.85,1
1053,19,208,10.951,-0.023,0.031,0,0.313,0.613,0.068,0.0107,4177101.598,81617106.89,1
1053,16,209,10.941,-0.004,0.007,-0.007,0.313,0.613,0.073,0.0107,2373332.599,81618261.8,1
1053,16,222,10.901,-0.013,-0.005,0.029,0.313,0.613,0.104,0.0107,1128907.981,81616810.45,1
1053,21,222,10.884,0.012,-0.006,0.002,0.313,0.613,0.07,0.0107,1128915.858,81617938.78,1
1053,27,221,10.843,-0.01,0.029,0.016,0.314,0.613,0.077,0.0107,1700937.027,80657937.66,1
1053,26,206,10.807,0.002,0.011,0,0.314,0.613,0.059,0.0107,2407138.646,81617629.63,1
1053,29,206,10.754,0.002,-0.013,0.018,0.314,0.613,0.092,0.0107,1790869.829,80657635.36,1
1053,17,206,10.698,-0.001,-0.022,0.016,0.314,0.613,0.08,0.0107,1770255.7,82596312.71,1
1053,21,206,10.645,-0.007,-0.007,0.006,0.314,0.614,0.084,0.0107,2337843.424,80669835.79,1
1053,27,206,10.573,0.008,-0.01,0.031,0.314,0.614,0.097,0.0107,1278252.736,81617005.23,1
1053,17,205,10.525,-0.015,-0.007,0.038,0.314,0.614,0.104,0.0107,661932.3918,81616837.97,1
1053,26,205,10.483,-0.017,-0.005,0.025,0.314,0.614,0.102,0.0107,641299.7247,80669370.13,1
1053,28,204,10.458,-0.003,0.015,0.013,0.314,0.615,0.082,0.0107,1298883.631,79779872.03,1
1053,20,204,10.388,-0.013,0.007,0.041,0.314,0.615,0.104,0.0107,641276.3239,81616369.77,1
1053,20,204,10.353,0.005,-0.008,0.027,0.314,0.615,0.095,0.0107,1298892.527,80656413.43,1
1053,20,203,10.344,-0.013,-0.022,-0.006,0.314,0.615,0.061,0.0107,38.86111111,82595074.17,1
1053,21,204,10.331,-0.003,0.01,0,0.314,0.615,0.066,0.0107,607669.7601,81602834.71,1
1053,18,204,10.307,-0.028,0.002,0.022,0.314,0.615,0.094,0.0107,39,81615739.35,1
1053,22,204,10.295,0.01,0.001,0.002,0.315,0.615,0.071,0.0107,1841363.627,82594606.65,1
1053,38,203,10.29,-0.012,0.01,-0.008,0.315,0.615,0.076,0.0107,1129041.858,80668149.2,1
1053,19,203,10.273,-0.021,-0.008,-0.002,0.315,0.615,0.068,0.0107,1700900.943,81643075.07,1
1053,17,203,10.249,-0.004,-0.017,0.002,0.315,0.615,0.065,0.0107,1129057.701,80667843.09,1
1053,17,203,10.227,-0.021,0.002,0.004,0.315,0.615,0.078,0.0107,1700896.607,82593992.51,1
1053,18,204,10.209,-0.015,-0.022,0.007,0.315,0.615,0.073,0.0107,1766192.538,80667551.32,1
1053,34,204,10.209,-0.02,0.01,-0.011,0.315,0.615,0.073,0.0107,3014963.094,82593686.76,1
1053,27,204,10.197,-0.007,0.005,-0.003,0.315,0.615,0.071,0.0107,1129089.219,80667243.9,1
1053,20,204,10.185,0.011,0.005,0.002,0.315,0.615,0.067,0.0107,1847193.478,82593357.96,1
1053,19,203,10.192,-0.011,-0.006,-0.021,0.315,0.615,0.088,0.0107,661776.1211,79739940.28,1
1053,15,204,10.169,-0.016,0,0.014,0.315,0.615,0.096,0.0107,1212869.625,82593061.35,1
1053,40,204,10.159,-0.005,0.018,-0.005,0.315,0.616,0.069,0.0107,1260178.103,81613845.64,1
1053,17,204,10.158,-0.031,0.028,0.001,0.315,0.616,0.073,0.0107,2418893.692,82592748.46,1
1053,18,204,10.149,-0.015,0.004,0.002,0.315,0.616,0.077,0.0107,598454.9697,80666329.8,1
1053,22,204,10.138,0.005,-0.009,-0.007,0.315,0.616,0.084,0.0107,1777835.398,82592429.73,1
1053,17,204,10.123,0.003,-0.004,-0.004,0.315,0.616,0.083,0.0107,615548.6279,80666024.51,1
1053,20,204,10.104,-0.005,0.013,0.028,0.315,0.616,0.097,0.0107,2484362.204,82592128.67,1
1053,19,203,10.109,-0.017,0.006,0.021,0.316,0.616,0.099,0.0107,38.86111111,79738699.26,1
1053,32,203,10.146,-0.01,0.005,-0.009,0.316,0.616,0.08,0.0107,1179386.589,82591822.28,1
1053,22,190,10.201,-0.003,-0.026,-0.026,0.317,0.617,0.082,0.0107,38.88888889,79738387.99,1
1053,46,202,10.26,-0.012,0.004,-0.035,0.318,0.617,0.096,0.0107,1841006.049,82591511.77,1
1053,17,202,10.353,-0.015,-0.006,-0.017,0.318,0.618,0.078,0.0107,39.11111111,82591353.11,1
1053,15,203,10.43,-0.027,0.026,-0.006,0.319,0.618,0.069,0.0107,1840970.486,82591200.44,1
1053,29,216,10.483,-0.013,-0.002,0.005,0.32,0.619,0.084,0.0107,1129215.317,81598861.55,1
1053,21,201,10.589,-0.008,-0.017,-0.08,0.32,0.619,0.099,0.0107,2362453.049,82590885.45,1
1053,14,201,10.667,-0.023,0.029,-0.033,0.321,0.619,0.084,0.0108,1736898.701,82590730.24,1
1053,30,200,10.744,0.007,0.002,-0.029,0.322,0.619,0.104,0.0107,2374312.873,82590584.63,1
1053,32,200,10.806,-0.029,0.041,0.007,0.322,0.619,0.069,0.0107,1700846.38,82590424.73,1
1053,21,201,10.86,0.007,-0.009,-0.023,0.323,0.619,0.1,0.0107,3035922.482,80652384.5,1
1053,33,201,10.904,-0.009,0.009,0.002,0.323,0.62,0.074,0.0107,1129262.602,82590112.05,1
1053,17,201,10.948,-0.041,0.031,0.017,0.324,0.62,0.081,0.0107,3035950.127,82589965.44,1
1053,22,201,10.982,-0.015,0.006,0.007,0.325,0.62,0.086,0.0107,1129278.506,80651032.46,1
1053,20,201,11.027,-0.006,-0.009,-0.009,0.325,0.62,0.074,0.0107,2970040.752,81610545.87,1
1053,19,201,11.075,-0.004,-0.01,-0.013,0.325,0.62,0.084,0.0107,1770084.475,81597274.76,1
1053,23,200,11.14,0.012,-0.017,-0.034,0.326,0.621,0.097,0.0107,2970021.239,81610222.56,1
1053,19,200,11.177,-0.007,0.025,0.008,0.326,0.621,0.068,0.0107,1770076.83,82589180.46,1
1053,29,201,11.221,-0.009,0.022,0.005,0.327,0.621,0.07,0.0107,1737001.234,81609902.21,1
1053,36,202,11.283,0.01,-0.026,-0.025,0.327,0.621,0.084,0.0107,2341568.431,80689651.39,1
1053,27,214,11.317,-0.007,-0.011,0,0.327,0.621,0.063,0.0107,1129333.546,82588715.13,1
1053,31,215,11.355,-0.004,0.014,0,0.328,0.621,0.066,0.0107,1770061.428,80662381.17,1
1053,20,215,11.384,-0.015,0.006,0.004,0.328,0.621,0.079,0.0107,1766945.044,82588404.81,1
1053,21,214,11.433,-0.003,0.002,-0.011,0.328,0.621,0.082,0.0107,1129357.199,81608296.8,1
1053,40,213,11.465,-0.002,0.002,0.007,0.329,0.622,0.092,0.0107,1129365.167,81608956.14,1
1053,35,213,11.494,-0.01,0.002,-0.006,0.329,0.622,0.076,0.0107,1129372.94,81607994.89,1
1053,34,212,11.547,0.002,0.007,-0.026,0.329,0.622,0.104,0.0107,2377737.496,82587784.44,1
1053,25,212,11.544,0.005,-0.002,0.025,0.33,0.622,0.095,0.0107,1129388.653,81607695.52,1
1053,15,212,11.538,-0.013,-0.004,0.032,0.33,0.623,0.105,0.0107,2308503.881,81608321.31,1
1053,26,198,11.557,-0.002,-0.018,0.008,0.33,0.623,0.074,0.0107,2428487.696,80648587.08,1
1053,27,199,11.565,-0.004,-0.007,0.012,0.33,0.623,0.095,0.0107,1700801.849,81608004.19,1
1053,21,198,11.598,0.007,-0.005,-0.013,0.331,0.623,0.098,0.0107,1790793.912,79771756.67,1
1053,35,198,11.62,-0.004,0.01,-0.003,0.331,0.623,0.07,0.0107,1737132.065,82586847.77,1
1053,26,198,11.644,-0.01,0.017,0.007,0.331,0.624,0.076,0.0107,1790791.593,81606793.86,1
1053,21,199,11.665,-0.028,0.018,0.009,0.332,0.624,0.078,0.0107,1129443.869,82586540.73,1
1053,16,199,11.723,-0.015,-0.007,-0.018,0.332,0.625,0.082,0.0107,1767225.28,80660244.54,1
1053,20,199,11.754,-0.015,0.018,-0.003,0.332,0.625,0.069,0.0107,1700431.31,82586229.73,1
1053,48,200,11.762,0.007,-0.015,-0.004,0.332,0.625,0.073,0.0107,2271775.948,81606196.08,1
1053,32,200,11.79,0.013,-0.01,-0.008,0.332,0.625,0.085,0.0107,1129475.431,82585919.15,1
1053,17,200,11.787,-0.017,0.023,0.023,0.333,0.625,0.089,0.0107,2398499.475,82585762.62,1
1053,18,200,11.838,-0.005,-0.026,-0.028,0.333,0.626,0.083,0.0107,1700531.139,81593283.39,1
1053,33,213,11.893,0.001,-0.009,-0.029,0.333,0.626,0.102,0.0107,3573606.271,81605604.02,1
1053,18,199,11.927,-0.003,-0.025,0.005,0.333,0.626,0.065,0.0107,2338450.512,82585295.67,1
1053,19,199,11.971,0.006,-0.019,-0.011,0.333,0.626,0.077,0.0107,4181315.76,81605308.39,1
1053,30,199,12.01,0.01,0.009,-0.008,0.333,0.626,0.086,0.0107,2338527.631,82584983.85,1
1053,20,200,12.08,0.002,-0.004,-0.039,0.333,0.626,0.106,0.0107,3036412.309,81604999.02,1
1053,30,200,12.138,0.019,-0.006,-0.023,0.334,0.627,0.1,0.0107,3038930.899,81592321.01,1
1053,32,200,12.185,-0.008,-0.011,-0.028,0.334,0.627,0.094,0.0107,2428713.925,81604699.48,1
1053,30,200,12.234,0.015,-0.017,-0.037,0.334,0.627,0.1,0.0107,1129554.074,80646232.29,1
1053,43,200,12.276,0,0.002,-0.023,0.334,0.628,0.095,0.0107,1700762.505,81604408.37,1
1053,17,200,12.312,0.003,-0.002,-0.018,0.334,0.628,0.104,0.0107,2398504.202,82584058.71,1
1053,26,200,12.317,-0.01,0.019,0.02,0.334,0.628,0.088,0.0107,2338751.327,81604681.44,1
1053,21,200,12.357,-0.012,0.009,-0.02,0.334,0.628,0.089,0.0107,2428777.318,82583734.76,1
1053,39,200,12.38,-0.001,-0.011,-0.014,0.334,0.628,0.087,0.0107,3586857.976,80657509.9,1
1053,19,201,12.415,-0.018,0.016,-0.009,0.335,0.629,0.075,0.0107,1767635.286,81604211.32,1
1053,36,214,12.435,-0.012,0.007,-0.002,0.335,0.629,0.072,0.0107,2375396.173,81603503.64,1
1053,29,213,12.468,0.005,-0.006,-0.03,0.335,0.629,0.104,0.0107,1818183.089,82583118.47,1
1053,28,212,12.484,-0.004,0.006,-0.01,0.335,0.63,0.082,0.0107,2443311.617,80656886.02,1
1053,18,212,12.501,-0.005,0.008,-0.013,0.335,0.63,0.086,0.0107,1161907.411,80644617.9,1
1053,35,198,12.496,-0.004,-0.009,0.006,0.335,0.63,0.083,0.0107,1749334.282,81603420.44,1
1053,20,198,12.524,-0.004,-0.028,-0.013,0.335,0.63,0.067,0.0107,2467037.441,81603258.21,1
1053,26,199,12.557,-0.011,0.002,-0.016,0.335,0.63,0.089,0.0107,3064240.346,80656274.91,1
1053,19,199,12.595,-0.01,0,-0.018,0.336,0.63,0.091,0.0107,2498300.7,81602938.16,1
1053,43,199,12.619,0.017,0.014,-0.013,0.336,0.631,0.086,0.0107,3064240.721,82582041.18,1
1053,23,199,12.637,0,-0.01,0.002,0.336,0.631,0.07,0.0107,2498327.064,81602625.55,1
1053,20,212,12.657,0.008,-0.008,-0.001,0.336,0.631,0.075,0.0107,3064241.254,82581722.54,1
1053,37,198,12.701,-0.026,-0.015,-0.03,0.336,0.631,0.079,0.0107,2427511.555,81602316.29,1
1053,20,211,12.746,-0.022,0.007,-0.032,0.336,0.631,0.088,0.0107,4384575.412,81588968.05,1
1053,30,211,12.795,-0.011,-0.009,-0.056,0.336,0.631,0.099,0.0107,2427485.838,81602003.72,1
1053,28,211,12.813,-0.001,-0.005,-0.02,0.336,0.631,0.09,0.0107,2458822.537,82581095.34,1
1053,26,211,12.822,0.001,-0.015,-0.014,0.336,0.631,0.082,0.0107,1802332.204,81630192.38,1
1053,19,210,12.815,-0.003,-0.005,-0.005,0.336,0.632,0.07,0.0107,3635944.509,82580794.93,1
1053,19,209,12.833,0,0.012,-0.008,0.336,0.632,0.084,0.0107,2458821.516,82580628.38,1
1053,20,209,12.837,0.012,0.001,-0.006,0.336,0.632,0.088,0.0107,3704502.822,81588011.06,1
1053,20,209,12.844,0.021,-0.002,-0.004,0.336,0.632,0.08,0.0107,2443718.242,82580317.57,1
1053,26,209,12.854,0,-0.001,-0.006,0.337,0.632,0.074,0.0107,3064243.797,80641489.91,1
1053,22,208,12.872,0.024,-0.013,-0.012,0.337,0.632,0.084,0.0107,1162053.364,82580004.73,1
1053,35,208,12.884,-0.022,0.008,-0.021,0.337,0.632,0.082,0.0107,3102147.731,81600575.95,1
1053,33,208,12.917,0.007,-0.017,-0.039,0.337,0.632,0.098,0.0107,2374437.042,81600049.7,1
1053,25,208,12.969,0.018,-0.028,-0.061,0.337,0.632,0.1,0.0107,2443838.152,81600253.31,1
1053,23,207,12.991,-0.002,0.015,-0.025,0.337,0.633,0.097,0.0107,2402581.315,81599746,1
1053,19,207,13.012,0.003,0.002,-0.032,0.337,0.633,0.107,0.0107,2443886.219,82579218.5,1
1053,22,207,13.014,0.004,0.023,-0.013,0.337,0.633,0.08,0.0107,2443910.156,80653063.03,1
1053,30,207,13.049,0.005,-0.01,-0.047,0.337,0.633,0.104,0.0107,3125338.686,83605452.22,1
1053,19,207,13.083,-0.003,0.001,-0.047,0.337,0.633,0.1,0.0107,1162118.138,82590706,1
1053,31,207,13.095,-0.021,-0.008,-0.039,0.337,0.634,0.092,0.0108,3069175.986,82578606.63,1
1053,24,207,13.099,-0.024,0.019,-0.024,0.337,0.634,0.082,0.0107,1768328.39,81599144.43,1
1053,23,207,13.112,0.002,0.01,-0.014,0.337,0.634,0.096,0.0107,1768350.452,81598698.16,1
1053,37,207,13.121,0.002,0.023,-0.025,0.337,0.634,0.091,0.0107,2390516.859,81598831.4,1
1053,31,206,13.115,-0.012,0.027,-0.011,0.338,0.634,0.074,0.0107,2390516.527,81598398.41,1
1053,36,206,13.116,0.019,0.005,-0.011,0.338,0.634,0.091,0.0107,3622160.312,82577829.97,1
1053,24,206,13.136,-0.01,0.003,-0.017,0.339,0.636,0.092,0.0107,2390515.981,81604419.17,1
1053,16,206,13.097,0.005,0.014,0.02,0.34,0.638,0.088,0.0107,2390515.637,82577507.26,1
1053,29,206,13.087,-0.011,0.008,0.014,0.342,0.64,0.096,0.0107,1751943.834,81597796.46,1
1053,41,206,13.104,-0.013,0.008,-0.011,0.344,0.644,0.079,0.0107,2390515.204,81597872.26,1
1053,36,206,13.116,-0.017,0.018,-0.001,0.346,0.649,0.073,0.0107,2962498.426,80651085.86,1
1053,19,206,13.131,-0.025,0.04,0.006,0.348,0.654,0.072,0.0107,3618734.647,81597552.79,1
1053,17,206,13.157,0.007,0.002,0,0.35,0.658,0.073,0.0107,1769780.472,80650772.39,1
1053,34,206,13.193,0.006,0.002,-0.018,0.353,0.663,0.105,0.0107,2998324.204,81597243.58,1
1053,20,206,13.235,-0.011,0.013,-0.016,0.355,0.667,0.084,0.0107,1751859.477,81597080.98,1
1053,31,206,13.281,-0.009,0.005,-0.029,0.358,0.672,0.099,0.0107,4257312.086,81583689.7,1
1053,18,206,13.284,-0.016,0.008,0.022,0.36,0.676,0.101,0.0107,1751831.243,81596763.93,1
1053,18,205,13.322,0.007,-0.021,-0.018,0.362,0.68,0.084,0.0107,3659072.043,81583368.66,1
1053,22,205,13.342,-0.017,0.016,0.008,0.364,0.684,0.08,0.0107,2962243.944,80649850.9,1
1053,18,205,13.369,0.002,0,-0.005,0.366,0.688,0.088,0.0107,2984652.293,82575636.75,1
1053,20,191,13.398,0.01,0,-0.003,0.368,0.692,0.082,0.0107,3600911.327,82575480.8,1
1053,23,204,13.424,-0.012,0.017,-0.005,0.37,0.696,0.073,0.0107,3020291.552,79721978.48,1
1053,28,190,13.449,0.008,-0.01,0.001,0.372,0.699,0.072,0.0107,1700650.374,82575172.29,1
1053,36,191,13.482,-0.01,-0.003,-0.011,0.374,0.703,0.082,0.0107,2412422.18,81582405.67,1
1053,49,203,13.514,-0.006,0.014,-0.013,0.376,0.706,0.085,0.0107,4142087.119,82583270.51,1
1053,13,203,13.541,-0.001,-0.002,-0.01,0.378,0.71,0.081,0.0107,2323947.234,80636184.53,1
1053,37,204,13.563,-0.003,-0.007,0,0.38,0.713,0.068,0.0107,4232126.383,82582961.16,1
1053,39,218,13.573,-0.004,-0.007,0.007,0.381,0.715,0.085,0.0107,2323953.967,80648482.11,1
1053,31,203,13.583,-0.011,0.019,0.008,0.383,0.718,0.077,0.0107,3623451.4,82574232.49,1
1053,30,203,13.618,0.013,-0.011,-0.015,0.385,0.721,0.093,0.0107,2323960.563,81594641.2,1
1053,56,203,13.633,-0.007,0.014,0.008,0.386,0.724,0.082,0.0107,2429587.068,80635380.88,1
1053,34,203,13.663,0.017,-0.009,-0.021,0.388,0.727,0.099,0.0107,2322163.53,81594333.47,1
1053,26,216,13.679,-0.005,0.008,0.008,0.389,0.73,0.09,0.0107,3051120.906,81594230.83,1
1053,21,203,13.693,0.009,0,0.003,0.391,0.732,0.073,0.0107,2322116.014,81594033.1,1
1053,22,203,13.724,-0.001,0.007,-0.013,0.393,0.735,0.087,0.0107,2412171.393,81593918.32,1
1053,19,202,13.746,0.012,-0.004,0.002,0.394,0.738,0.076,0.0107,1751564.129,80634548.51,1
1053,18,202,13.75,-0.008,-0.002,0.023,0.395,0.74,0.107,0.0107,1790705.868,81593595.29,1
1053,27,201,13.783,0.005,-0.015,-0.001,0.397,0.743,0.068,0.0106,4247569.88,81593429.97,1
1053,27,201,13.799,-0.013,-0.009,0.01,0.398,0.746,0.091,0.0107,1790704.373,82572676.77,1
1053,31,202,13.8,-0.001,-0.011,0.024,0.399,0.748,0.102,0.0107,2321973.915,81593106.44,1
1053,23,202,13.797,0.002,-0.001,0.01,0.401,0.75,0.082,0.0107,4298427.883,80646482.41,1
1053,15,203,13.83,0.002,-0.022,-0.003,0.402,0.752,0.066,0.0107,2929785.908,79718820.95,1
1053,29,216,13.862,-0.005,-0.009,0.002,0.403,0.754,0.069,0.0107,3051032.781,81592678.32,1
1053,34,216,13.9,-0.015,-0.002,-0.005,0.404,0.756,0.071,0.0107,2321878.984,81579204,1
1053,46,214,13.911,-0.015,0.006,0.027,0.405,0.758,0.103,0.0107,3690489.55,81592317.42,1
1053,15,213,13.94,0.007,-0.021,-0.005,0.406,0.76,0.071,0.0107,2929698.281,81592161.38,1
1053,22,199,13.952,-0.015,0.011,0.006,0.407,0.762,0.082,0.0107,3690449.379,81592000.03,1
1053,46,200,13.976,0.007,-0.002,0.004,0.408,0.764,0.075,0.0107,2957444.884,81591842.62,1
1053,21,199,14.002,-0.01,-0.003,0,0.409,0.765,0.074,0.0107,4288586.089,81591678.29,1
1053,20,200,14.046,-0.005,0.009,-0.013,0.41,0.767,0.091,0.0107,2957417.764,82570955.96,1
1053,30,213,14.092,-0.001,-0.004,-0.022,0.411,0.769,0.093,0.0107,4288543.266,81591370.67,1
1053,37,199,14.116,-0.009,0.02,0.008,0.412,0.77,0.075,0.0107,2349512.997,82570646.67,1
1053,23,198,14.13,-0.007,0.005,0.014,0.413,0.772,0.1,0.0107,5466720.181,79773807.85,1
1053,18,199,14.169,0.004,-0.007,-0.008,0.413,0.773,0.09,0.0107,2988678.828,82590511.48,1
1053,35,212,14.198,-0.005,-0.026,0,0.414,0.774,0.064,0.0107,4896341.043,80662857.54,1
1053,17,197,14.24,-0.001,-0.002,-0.017,0.415,0.776,0.09,0.0107,2988675.69,82590203.47,1
1053,25,198,14.283,-0.01,0,-0.012,0.415,0.777,0.086,0.0107,2367792.488,81596469.44,1
1053,34,212,14.325,-0.005,-0.006,-0.014,0.416,0.778,0.083,0.0107,1728460.987,82569709.12,1
1053,33,212,14.369,0.009,-0.007,-0.016,0.416,0.779,0.1,0.0106,2367783.009,79716175.6,1
1053,38,211,14.395,-0.004,-0.005,-0.005,0.417,0.781,0.07,0.0106,2975646.642,81590136.77,1
1053,34,210,14.409,-0.003,0.011,0.021,0.418,0.782,0.098,0.0106,1728480.638,79715863.4,1
1053,36,209,14.448,-0.011,-0.007,-0.007,0.418,0.783,0.069,0.0106,2367795.056,82569078.43,1
1053,19,209,14.511,0.017,-0.015,-0.04,0.419,0.784,0.102,0.0106,1728493.771,82568928.45,1
1053,37,209,14.558,-0.011,-0.009,-0.028,0.419,0.785,0.093,0.0106,3206303.743,82568763.43,1
1053,17,209,14.596,0,0.002,-0.018,0.42,0.786,0.092,0.0106,4596816.231,81589140.97,1
1053,27,209,14.622,-0.001,0.003,-0.002,0.42,0.787,0.073,0.0106,3028202.028,81589230.22,1
1053,33,210,14.67,-0.014,-0.014,-0.017,0.421,0.788,0.077,0.0106,2336426.03,81617981.52,1
1053,17,210,14.697,-0.012,0.009,-0.001,0.421,0.789,0.074,0.0106,3028048.124,80629602.28,1
1053,38,209,14.735,-0.01,0.018,-0.012,0.422,0.79,0.078,0.0106,2906629.455,82567988.22,1
1053,18,209,14.755,0.004,-0.008,-0.002,0.422,0.791,0.077,0.0106,2388830.453,82567834.49,1
1053,29,195,14.773,0.005,-0.007,0.002,0.423,0.791,0.072,0.0106,2336460.525,81588470.31,1
1053,30,209,14.806,-0.023,0.016,0.001,0.423,0.792,0.073,0.0106,3007169.509,81574713.78,1
1053,18,208,14.828,-0.004,-0.012,-0.001,0.423,0.793,0.061,0.0106,2975634.685,80628830.57,1
1053,17,208,14.853,0.001,-0.023,0.001,0.424,0.794,0.066,0.0106,3007188.047,80641440.86,1
1053,20,209,14.898,0.003,-0.011,-0.02,0.424,0.794,0.097,0.0106,2367707.984,80641294.16,1
1053,23,208,14.928,0.007,0.006,-0.008,0.424,0.795,0.091,0.0106,4275369.121,82566886.22,1
1053,15,208,14.969,-0.005,0.004,-0.014,0.425,0.795,0.088,0.0106,2298696.268,81587570.24,1
1053,21,208,15.016,-0.006,0.01,-0.015,0.425,0.796,0.091,0.0106,3635843.041,80627744.54,1
1053,23,207,15.059,0.002,-0.002,-0.019,0.425,0.797,0.105,0.0106,2298690.443,81587274.4,1
1053,15,207,15.091,0.001,0.012,-0.003,0.426,0.797,0.069,0.0106,2367684.902,81573440.52,1
1053,41,207,15.116,-0.002,-0.002,0.002,0.426,0.798,0.077,0.0106,2368186.665,80640369.11,1
1053,28,207,15.124,-0.004,0.003,0.025,0.426,0.798,0.104,0.0106,2298681.836,81573118.76,1
1053,29,207,15.148,-0.006,0.012,0.015,0.427,0.798,0.091,0.0106,3028407.233,80640064.61,1
1053,18,207,15.196,0.001,-0.014,-0.008,0.427,0.799,0.074,0.0106,4185263.823,82565651.26,1
1053,34,206,15.211,-0.001,-0.004,0,0.427,0.799,0.072,0.0106,3028431.546,80639757.27,1
1053,22,206,15.24,-0.019,0.013,-0.002,0.427,0.8,0.073,0.0106,3545623.991,81572459.02,1
1053,17,206,15.269,-0.007,-0.001,0.001,0.428,0.8,0.077,0.0106,2368310.859,81585652.89,1
1053,18,206,15.284,-0.001,0.018,0.008,0.428,0.8,0.069,0.0106,1728660.187,82565019.79,1
1053,19,206,15.294,-0.015,0.004,0.009,0.428,0.801,0.092,0.0106,2298661.953,82564864.02,1
1053,37,206,15.321,-0.011,0.007,0.008,0.428,0.801,0.089,0.0106,2975590.206,80625784.01,1
1053,18,206,15.372,-0.013,-0.002,-0.02,0.428,0.801,0.087,0.0106,2298656.387,81585446.61,1
1053,16,207,15.406,-0.005,0.007,-0.008,0.429,0.802,0.078,0.0106,1130564.812,81584856.85,1
1053,13,206,15.44,-0.001,-0.005,-0.016,0.429,0.802,0.087,0.0106,2979203.654,82564232.21,1
1053,27,205,15.47,0.002,0.01,-0.018,0.429,0.802,0.098,0.0106,1738539.32,80638364.65,1
1053,35,206,15.488,-0.004,0.022,0.013,0.429,0.802,0.076,0.0106,2979206.08,81571029.29,1
1053,14,206,15.546,-0.004,-0.001,-0.026,0.429,0.803,0.095,0.0106,1738559.118,79737031.82,1
1053,28,205,15.568,0.006,0.006,-0.005,0.429,0.803,0.082,0.0106,4160652.075,81570701.72,1
1404,22,206,15.591,0.006,0.005,-0.001,0.429,0.803,0.072,0.0106,1704109.348,81583903.36,1
1404,26,220,15.62,-0.008,0.002,-0.007,0.429,0.803,0.078,0.0106,4193966.899,80624808.98,1
1404,36,220,15.643,-0.003,0.012,0.006,0.429,0.802,0.076,0.0106,2312130.675,81583586.35,1
1053,18,220,15.673,0.016,-0.015,-0.005,0.429,0.803,0.076,0.0106,2913919.835,81583956.63,1
1053,35,191,15.716,0.019,-0.029,-0.025,0.429,0.803,0.087,0.0106,2312185.263,80623826.92,1
1053,16,191,15.758,-0.008,-0.003,-0.014,0.429,0.804,0.086,0.0106,2344118.124,82562672.36,1
1053,22,204,15.831,0.005,-0.017,-0.042,0.43,0.804,0.101,0.0106,2364262.105,81582948.39,1
1053,20,205,15.896,0.013,-0.028,-0.056,0.43,0.804,0.099,0.0106,2344197.046,82562359.3,1
1053,16,190,15.926,-0.001,-0.001,-0.033,0.43,0.804,0.098,0.0106,2364296.192,82562201.89,1
1404,25,218,15.984,0.002,-0.011,-0.035,0.429,0.804,0.101,0.0106,1181678.618,81569097.38,1
1053,33,218,16.033,0.008,0,-0.013,0.429,0.804,0.102,0.0106,1704363.135,81582304.43,1
1053,17,203,16.074,0.006,0.021,-0.021,0.43,0.804,0.088,0.0106,2312378.024,81576946.44,1
1053,41,203,16.106,0.02,0.005,-0.014,0.43,0.804,0.093,0.0106,3003105.888,82561566.77,1
1053,32,203,16.127,-0.016,0.007,-0.007,0.43,0.805,0.074,0.0106,1704439.645,81581823.04,1
1053,21,203,16.168,-0.021,0.019,-0.02,0.43,0.805,0.079,0.0106,3542170.092,82561263.94,1
1053,26,203,16.189,-0.007,0.003,-0.006,0.431,0.805,0.076,0.0106,2983221.734,81582130.82,1
1053,19,204,16.239,-0.007,-0.02,-0.032,0.431,0.805,0.089,0.0106,2312515.387,81581352.53,1
1053,17,203,16.273,0.002,0.009,-0.02,0.431,0.806,0.102,0.0122,2912976.198,82560793.65,1
1053,31,203,16.309,-0.015,0.004,-0.012,0.431,0.806,0.079,0.0122,2312570.511,80634979.86,1
1053,23,203,16.344,-0.022,-0.002,-0.009,0.432,0.807,0.072,0.0122,2364483.6,82569009.1,1
1053,17,202,16.386,-0.02,0.011,-0.02,0.432,0.808,0.082,0.0122,2804445.851,81588790.94,1
1053,23,202,16.411,0.008,-0.011,-0.023,0.432,0.809,0.103,0.0122,2344750.654,81567158.95,1
1053,20,202,16.428,-0.019,-0.004,-0.002,0.433,0.81,0.072,0.0122,2882382.082,81580381.58,1
1053,19,202,16.475,-0.001,-0.009,-0.015,0.433,0.811,0.083,0.0122,1704694.675,81566841.22,1
1053,18,202,16.516,-0.011,0.002,-0.021,0.433,0.812,0.094,0.0122,2882418.461,81580073.63,1
1053,25,202,16.548,-0.007,0.009,-0.009,0.434,0.812,0.081,0.0122,1130809.999,80621074.44,1
1053,26,202,16.566,-0.003,0.005,0.006,0.434,0.813,0.089,0.0122,2308501.677,81579741.21,1
1053,20,215,16.578,-0.02,0.007,0.008,0.434,0.814,0.086,0.0122,1130825.825,80620768.18,1
1053,32,215,16.612,0,-0.009,-0.024,0.434,0.815,0.104,0.0122,2948708.649,81579446.33,1
1053,25,215,16.631,-0.008,0.006,0.001,0.435,0.815,0.074,0.0122,659845.7776,80620461.04,1
1053,23,215,16.654,-0.006,0.01,-0.012,0.435,0.816,0.086,0.0122,1817927.51,82558749.84,1
1053,26,215,16.669,-0.001,0.004,-0.004,0.435,0.817,0.074,0.0122,678680.4429,80620146.47,1
1053,28,214,16.687,-0.008,0.005,-0.008,0.435,0.817,0.079,0.0122,1211326.096,81578781.19,1
1053,31,214,16.696,-0.011,0.008,-0.011,0.436,0.818,0.082,0.0122,678663.1602,80619833.43,1
1053,22,200,16.724,-0.019,0.02,-0.009,0.436,0.819,0.072,0.0122,1176398.412,82558113.83,1
1053,29,199,16.738,-0.008,-0.007,-0.002,0.436,0.82,0.067,0.0122,1993973.202,79704534.36,1
1053,17,198,16.764,-0.014,0.007,-0.003,0.437,0.82,0.073,0.0122,625453.1201,82557803.37,1
1053,26,198,16.784,0.009,-0.002,-0.011,0.437,0.821,0.102,0.0122,1335334.104,79704219.42,1
1053,22,199,16.794,-0.016,-0.003,0.004,0.437,0.822,0.083,0.0122,625457.4083,82557484.77,1
1053,32,199,16.796,-0.013,0.012,-0.002,0.437,0.822,0.072,0.0122,1867956.304,79703912.92,1
1053,15,199,16.783,-0.011,0.002,0.011,0.437,0.823,0.101,0.0122,658711.1612,81578339.85,1
1053,35,199,16.797,0.004,-0.006,-0.014,0.438,0.823,0.102,0.0122,678594.7513,80618588.5,1
1053,17,213,16.825,-0.011,0.018,-0.012,0.438,0.823,0.076,0.0122,1940815.653,80631293.99,1
1053,16,213,16.83,0.009,0.004,-0.011,0.438,0.824,0.1,0.0122,1264352.565,82556690.89,1
1053,21,213,16.834,-0.013,0.018,-0.008,0.438,0.824,0.074,0.0122,1874879.08,82556531.16,1
1053,20,212,16.855,-0.022,0.012,-0.012,0.438,0.825,0.076,0.0122,1855012.91,82556381.55,1
1053,26,212,16.878,0.004,-0.013,-0.028,0.439,0.826,0.101,0.0122,590753.9202,81576552.11,1
1053,19,212,16.927,0.014,-0.006,-0.037,0.439,0.826,0.108,0.0122,590772.1914,81577279.31,1
1053,20,198,16.971,-0.005,-0.018,-0.04,0.439,0.826,0.096,0.0122,1875019.162,82555909.51,1
1053,26,198,16.997,0.007,-0.005,-0.016,0.439,0.827,0.104,0.0122,3137024.499,81576972.97,1
1053,32,199,17.023,-0.026,0.002,-0.014,0.439,0.827,0.076,0.0122,1875089.121,81562480.95,1
1053,41,199,17.059,0.004,-0.029,-0.028,0.439,0.827,0.087,0.0122,2511559.053,80629900.06,1
1053,25,198,17.082,-0.015,0.03,-0.018,0.439,0.828,0.075,0.0122,1249709.592,82555273.73,1
1053,29,198,17.107,-0.008,-0.008,-0.025,0.44,0.828,0.097,0.0124,1269333.909,80629576.38,1
1053,24,198,17.142,0,0.005,-0.021,0.44,0.829,0.095,0.0122,1886366.438,81561833.28,1
1053,29,199,17.166,-0.01,-0.001,-0.025,0.44,0.829,0.097,0.0122,1875264.195,81575104.17,1
1053,20,199,17.184,-0.009,0.015,-0.013,0.44,0.83,0.08,0.0122,1852941.138,82554643.52,1
1053,22,200,17.198,-0.02,0.004,-0.013,0.44,0.83,0.079,0.0122,1852939.163,81574782.85,1
1053,19,200,17.206,-0.02,0.013,-0.001,0.44,0.831,0.073,0.0122,1813105.561,82554325.62,1
1053,42,200,17.214,-0.016,0.021,-0.014,0.441,0.831,0.075,0.0122,2511883.844,81574471.64,1
1053,18,200,17.234,-0.005,-0.022,0.004,0.441,0.832,0.067,0.0122,1813078.049,82554011.71,1
1053,18,200,17.271,0.007,-0.005,-0.033,0.441,0.832,0.108,0.0122,1269411.461,81574151.98,1
1053,45,200,17.306,0.007,0.01,-0.037,0.441,0.833,0.106,0.0122,2458531.675,82553714.77,1
1053,34,201,17.308,-0.001,0.014,-0.008,0.441,0.833,0.079,0.0122,1269431.011,81573824.7,1
1053,39,213,17.332,-0.004,-0.006,-0.021,0.441,0.834,0.093,0.0122,3210337.07,82553394.89,1
1053,41,213,17.337,0.01,0.001,-0.009,0.441,0.834,0.101,0.0122,1269450.157,79699797.55,1
1053,15,214,17.368,0,0.019,-0.025,0.442,0.834,0.095,0.0122,3136871.825,82553073.62,1
1053,32,213,17.404,0.013,-0.011,-0.034,0.442,0.835,0.107,0.0124,1855014.966,80621355.52,1
1053,18,212,17.391,-0.015,0.018,0.003,0.442,0.835,0.073,0.0122,1894965.589,82552753.88,1
1053,15,212,17.391,-0.004,0.02,0.01,0.442,0.836,0.076,0.0122,591172.8341,80613191.72,1
1053,43,197,17.375,-0.014,-0.004,0.009,0.442,0.836,0.094,0.0122,1281860.018,82552437.92,1
1053,39,198,17.388,-0.013,0.011,-0.016,0.442,0.836,0.084,0.0122,2999293.503,81572540.96,1
1053,44,198,17.377,-0.005,0.013,0,0.442,0.837,0.066,0.0122,4300280.968,82552118.87,1
1053,26,198,17.379,-0.014,-0.009,-0.013,0.442,0.837,0.078,0.0122,1802231.507,80612523.49,1
1404,36,213,17.359,-0.006,0.01,0.005,0.442,0.837,0.078,0.0122,659472.1935,82551814.94,1
1053,19,211,17.35,-0.01,0.006,0.008,0.443,0.838,0.096,0.0122,638082.5077,81571901.47,1
1053,33,211,17.359,0.02,-0.005,-0.017,0.443,0.838,0.102,0.0122,1836781.33,82551491.57,1
1053,51,211,17.359,-0.009,-0.003,-0.013,0.443,0.838,0.086,0.0122,1207248.182,81571581.65,1
1053,23,211,17.349,-0.012,-0.007,0.005,0.444,0.839,0.086,0.0122,1267572.796,82551178.1,1
1053,33,211,17.367,-0.026,0.015,-0.018,0.444,0.839,0.08,0.0122,1210135.671,82551018.43,1
1053,29,211,17.36,0.001,0.001,0.003,0.444,0.839,0.077,0.0122,638027.8543,81557632.34,1
1053,15,210,17.349,-0.014,-0.002,0.015,0.444,0.84,0.104,0.0122,38.61111111,82550701.1,1
1053,33,210,17.357,-0.003,-0.005,-0.013,0.445,0.84,0.085,0.0122,1278976.989,80625083.03,1
1053,19,197,17.349,-0.001,-0.015,-0.002,0.445,0.84,0.062,0.0122,1177315.909,82550396.26,1
1053,17,197,17.351,-0.016,0.013,-0.012,0.445,0.841,0.077,0.0122,1853984.883,80632634.64,1
1053,20,209,17.322,-0.022,0.005,0.029,0.445,0.841,0.106,0.0122,569151.882,82550073.46,1
1053,18,195,17.295,0,-0.01,0.024,0.445,0.841,0.096,0.0122,1278990.185,80624471.04,1
1053,19,209,17.289,-0.01,0.014,0.008,0.446,0.841,0.085,0.0122,1228460.15,82549752.2,1
1053,16,210,17.276,-0.003,0.001,0.007,0.446,0.842,0.099,0.0122,1278996.784,81569810.43,1
1053,27,223,17.266,0.012,-0.021,0.007,0.446,0.842,0.071,0.0122,1836584.512,82549439.12,1
1053,35,223,17.249,-0.007,0.016,0.006,0.446,0.842,0.077,0.0122,1279003.349,79695826.49,1
1053,36,208,17.24,-0.016,0.017,0.002,0.447,0.843,0.076,0.0122,608202.6032,81570578.28,1
1053,24,208,17.231,-0.014,0.012,0.006,0.447,0.843,0.085,0.0122,1938295.68,79695512.8,1
1053,39,207,17.2,-0.009,-0.005,0.013,0.447,0.843,0.103,0.0122,608207.2249,82548797.91,1
1053,21,207,17.181,0.009,-0.005,0.004,0.447,0.843,0.079,0.0122,1866174.407,80623241.39,1
1053,19,207,17.189,-0.006,0.006,-0.02,0.447,0.843,0.093,0.0122,608211.9436,81555187.83,1
1053,36,206,17.208,0.013,-0.005,-0.026,0.447,0.843,0.106,0.0122,1848035.271,80622926.17,1
1053,20,207,17.216,-0.019,0.01,-0.005,0.447,0.843,0.077,0.0122,2483857.992,82548182.84,1
1053,38,221,17.212,-0.003,0.016,0.005,0.447,0.844,0.072,0.0122,1785460.604,79734753.23,1
1053,41,221,17.196,-0.004,0.025,0.011,0.447,0.844,0.076,0.0122,1216499.219,81554547.57,1
1053,21,220,17.185,-0.011,0.02,0.007,0.448,0.844,0.078,0.0122,2423277.069,82547705.06,1
1053,16,220,17.158,-0.015,0.014,0.017,0.448,0.845,0.097,0.0122,2483963.152,82547538.67,1
1053,19,220,17.159,0,0.023,0.015,0.448,0.845,0.079,0.0122,1785552.338,81568906.58,1
1053,32,220,17.143,-0.008,-0.011,0.017,0.448,0.846,0.102,0.0122,1824819.691,82547222.57,1
1053,28,220,17.129,-0.001,-0.011,0.022,0.449,0.846,0.103,0.0122,1785598.156,81568605.6,1
1053,18,219,17.146,0.007,-0.004,-0.02,0.449,0.847,0.109,0.0122,1824888.751,82546908.6,1
1053,31,205,17.169,-0.012,0.017,-0.034,0.449,0.847,0.096,0.0122,2444815.947,81566927.07,1
1053,18,206,17.171,0.007,-0.005,-0.017,0.449,0.847,0.105,0.0122,1183630.39,81568146.24,1
1053,32,205,17.207,-0.002,0,-0.038,0.449,0.847,0.102,0.0122,1803504.014,81566594.75,1
1053,34,205,17.219,-0.011,-0.003,-0.012,0.449,0.847,0.084,0.0122,1825026.884,80607959.21,1
1053,45,204,17.243,0.008,-0.009,-0.014,0.449,0.848,0.101,0.0122,2441166.96,81566277.96,1
1053,40,205,17.236,0.002,-0.003,-0.016,0.449,0.848,0.107,0.0122,1249634.254,80607643.57,1
1053,42,206,17.25,0,0.004,-0.011,0.449,0.848,0.1,0.0122,1803506.568,82545798.97,1
1053,28,219,17.251,-0.016,0.013,0.004,0.449,0.848,0.079,0.0122,1854578.475,80620279.05,1
1053,21,205,17.267,0.005,-0.001,-0.032,0.448,0.848,0.108,0.0122,1144400.978,82545484.63,1
1053,27,205,17.27,-0.005,0.013,-0.021,0.448,0.847,0.095,0.0123,1217013.777,82545324.84,1
1053,23,205,17.254,-0.005,0.005,0.004,0.448,0.847,0.088,0.0123,1825532.588,80619814.36,1
1053,37,205,17.259,-0.014,0.006,-0.005,0.448,0.848,0.077,0.0123,1785897.458,81565151.99,1
1053,17,205,17.236,-0.015,0.016,0.008,0.448,0.848,0.083,0.0123,1234700.287,81566442.39,1
1053,34,205,17.234,-0.012,-0.006,-0.005,0.448,0.848,0.071,0.0123,1785943.684,81564826.28,1
1053,22,206,17.232,-0.013,0.004,-0.003,0.448,0.848,0.076,0.0123,1234719.957,81551138.12,1
1053,45,219,17.242,-0.018,0.036,-0.007,0.448,0.848,0.07,0.0123,1785989.72,82544370.02,1
1053,21,219,17.266,-0.012,0.006,-0.028,0.448,0.848,0.097,0.0123,575697.2105,81565843.01,1
1053,44,219,17.279,0.004,0.004,-0.023,0.448,0.848,0.109,0.0123,1876305.833,82544051.31,1
1053,30,218,17.294,0.006,-0.013,-0.026,0.448,0.849,0.103,0.0123,1786058.901,80605618.81,1
1053,24,218,17.309,-0.002,-0.002,-0.008,0.448,0.849,0.081,0.0123,1872267.921,81563842.62,1
1053,11,165,17.328,-0.022,0.008,-0.015,0.448,0.849,0.078,0.0123,641637.7883,79690085.79,1
1404,32,177,17.347,-0.01,-0.002,-0.032,0.447,0.847,0.099,0.0123,3647255.685,81550003.22,1
1404,27,190,17.374,-0.005,-0.002,-0.028,0.446,0.846,0.098,0.0123,1166884.243,82543262.24,1
1053,21,232,17.378,-0.006,-0.008,-0.007,0.445,0.846,0.073,0.0123,3690870.956,80604828.61,1
1053,18,201,17.388,-0.006,-0.013,-0.009,0.445,0.846,0.073,0.0123,575840.4749,81563048.89,1
1404,34,201,17.398,-0.006,0.006,-0.016,0.445,0.846,0.091,0.0123,1752810.318,81549344.56,1
1404,39,201,17.431,0.013,-0.01,-0.045,0.444,0.845,0.109,0.0123,1217562.291,82542627.89,1
1404,24,215,17.438,0.01,0,-0.03,0.444,0.845,0.11,0.0123,2411786.986,80617166.98,1
1404,53,215,17.453,0.012,-0.028,-0.038,0.443,0.845,0.095,0.0122,1834799.758,80641682.31,1
1404,31,200,17.479,-0.002,-0.004,-0.033,0.443,0.845,0.1,0.0122,1803524.264,80616861.3,1
1404,28,200,17.457,-0.001,0.009,0.005,0.443,0.845,0.082,0.0122,1825963.545,82541996,1
1404,35,200,17.427,0.004,0.003,0.022,0.442,0.844,0.095,0.0122,1803526.161,80616553.05,1
1404,42,200,17.421,-0.003,-0.018,0.004,0.441,0.844,0.068,0.0122,1217756.212,81563400.57,1
1755,23,200,17.423,0.002,0.005,-0.01,0.44,0.843,0.097,0.0122,1872257.447,82541517.35,1
1755,38,214,17.426,0.001,-0.008,-0.008,0.439,0.843,0.091,0.0122,1826103.089,81563091.95,1
1755,22,214,17.468,-0.009,-0.008,-0.04,0.438,0.842,0.101,0.0122,1781966.225,82541199.98,1
1404,17,199,17.489,0.007,0,-0.029,0.438,0.842,0.11,0.0122,608325.947,82541034.73,1
1404,15,199,17.491,-0.005,-0.001,-0.01,0.438,0.842,0.083,0.0122,1210465.252,81560949.53,1
1404,30,199,17.494,0.006,-0.006,-0.024,0.438,0.842,0.108,0.0122,637333.1615,81562474.87,1
1404,32,199,17.504,-0.008,-0.006,-0.007,0.438,0.842,0.075,0.0122,1847758.879,80615297.95,1
1404,27,200,17.484,-0.017,0.029,0.005,0.437,0.841,0.071,0.0122,3163257.98,80602161.89,1
1404,19,200,17.472,-0.027,0.021,0,0.437,0.841,0.074,0.0122,1896093.358,82540251.42,1
1404,15,200,17.492,0.007,-0.004,-0.023,0.437,0.841,0.109,0.0122,1912994.596,81561871.99,1
1404,22,200,17.512,-0.001,0.006,-0.019,0.436,0.841,0.094,0.0122,2504361.556,81561725.03,1
1404,29,214,17.539,-0.029,0.017,-0.031,0.436,0.841,0.084,0.0122,1185385.664,82539760.79,1
1404,21,214,17.554,0.009,-0.009,-0.034,0.436,0.841,0.108,0.0122,1254062.767,81561406.76,1
1755,23,199,17.577,0.013,-0.009,-0.042,0.435,0.84,0.108,0.0122,2452439.844,82539449.76,1
1404,26,214,17.578,-0.001,-0.012,-0.011,0.435,0.84,0.084,0.0122,1159463.967,81559333.54,1
1404,20,227,17.584,-0.018,0.011,-0.01,0.435,0.84,0.076,0.0122,2365106.807,82539117.82,1
1404,46,213,17.577,-0.012,-0.02,-0.002,0.435,0.841,0.065,0.0122,1275536.299,82538967.34,1
1404,21,226,17.573,-0.025,0.027,-0.008,0.435,0.841,0.073,0.0122,3058288.359,82538802.19,1
1404,25,226,17.567,-0.006,-0.013,-0.015,0.436,0.841,0.086,0.0122,1972307.139,82538648.01,1
1404,36,211,17.595,0,0.002,-0.051,0.436,0.842,0.11,0.0122,2500055.792,81589141.96,1
1404,43,210,17.59,-0.026,0.01,-0.017,0.436,0.842,0.08,0.0122,1972275.922,82538331.94,1
1404,17,210,17.575,-0.013,0.001,-0.005,0.437,0.842,0.076,0.0122,3562373.551,82538173.66,1
1404,23,210,17.58,-0.002,-0.013,-0.02,0.437,0.843,0.096,0.0122,1311797.251,82538006.13,1
1404,21,210,17.594,-0.004,-0.005,-0.031,0.437,0.843,0.099,0.0122,2945744.403,81559713.41,1
1404,30,196,17.59,0.006,-0.019,-0.015,0.437,0.843,0.087,0.0122,1790618.633,81544130.15,1
1404,43,210,17.548,-0.005,-0.003,0.007,0.437,0.843,0.099,0.0122,1315812.832,81559401.63,1
1404,20,224,17.534,-0.001,-0.002,-0.009,0.437,0.844,0.083,0.0122,1922689.449,82537363.61,1
1404,20,223,17.503,-0.006,0.01,-0.003,0.438,0.844,0.072,0.0122,39.5,80619973.31,1
1404,20,223,17.491,-0.02,0.023,-0.008,0.438,0.845,0.074,0.0122,2592595.064,80641289.52,1
1404,41,223,17.471,-0.009,0.018,-0.005,0.438,0.845,0.07,0.0122,1852736.657,80611696.41,1
1404,32,223,17.46,0.013,-0.001,-0.009,0.438,0.845,0.102,0.0122,634067.8317,82536732.14,1
1404,33,208,17.442,0.003,0.006,-0.013,0.438,0.846,0.104,0.0122,1949842.11,79683083.74,1
1404,28,207,17.445,-0.001,0.004,-0.025,0.439,0.846,0.099,0.0122,1817846.404,81558324.3,1
1404,41,167,17.444,0.007,-0.014,-0.021,0.439,0.846,0.1,0.0111,2671212.445,61146254.29,1
1404,33,179,17.413,-0.001,-0.008,0.005,0.439,0.846,0.081,0.0111,3535762.883,59565044.9,1
1404,26,191,17.454,-0.009,0.021,-0.02,0.439,0.843,0.081,0.0106,2030928.791,5782006.348,1
1404,21,191,17.487,-0.009,-0.024,-0.021,0.438,0.84,0.077,0.0106,2792461.37,5785298.379,1
1404,32,204,17.537,0.006,-0.013,-0.028,0.438,0.837,0.101,0.0106,2030863.94,5698857.223,1
1404,28,205,17.577,-0.019,0.001,-0.021,0.437,0.834,0.084,0.0106,2128677.421,5781932.113,1
1404,29,218,17.612,-0.011,0.011,-0.023,0.437,0.832,0.09,0.0106,2731541.595,5710942.77,1
1404,27,219,17.64,-0.004,0.02,-0.008,0.437,0.829,0.07,0.0106,2753710.444,5662933.409,1
1404,36,219,17.671,0.022,-0.012,-0.01,0.437,0.827,0.086,0.0106,2792209.663,5732193.271,1
1053,22,217,17.692,-0.018,0.024,-0.002,0.437,0.825,0.068,0.0106,1314734.303,5585844.472,1
1053,26,189,17.716,-0.006,0.005,0.008,0.437,0.822,0.094,0.0106,2144534.417,5585801.42,1
1053,26,190,17.752,-0.001,-0.004,-0.006,0.437,0.82,0.075,0.0106,2033117.963,5634165.657,1
1053,23,203,17.775,-0.002,0.004,0.001,0.437,0.819,0.078,0.0106,2125125.933,5683116.86,1
1053,25,202,17.801,-0.018,0.009,-0.006,0.437,0.817,0.073,0.0106,2033058.196,5732078.047,1
1053,25,189,17.82,-0.009,-0.006,0,0.437,0.815,0.072,0.0105,1364615.614,5560194.016,1
1404,32,217,17.824,0.006,-0.011,-0.001,0.436,0.813,0.066,0.0106,619879.4414,5587955.462,1
1404,35,217,17.849,-0.005,0,-0.014,0.436,0.81,0.086,0.0106,1364653.444,5636826.471,1
1404,45,217,17.881,-0.005,-0.011,-0.022,0.436,0.809,0.093,0.0106,721050.5109,5695021.104,1
1404,43,217,17.903,-0.002,-0.008,-0.007,0.436,0.807,0.072,0.0106,1978262.596,5682953.38,1
1404,53,217,17.905,-0.001,-0.033,0.002,0.435,0.805,0.062,0.0106,1461214.438,5654381.105,1
1404,30,217,17.923,0.003,-0.023,-0.005,0.435,0.804,0.065,0.0106,3397538.731,5636756.862,1
1404,38,216,17.927,-0.013,0.004,0.001,0.435,0.802,0.078,0.0106,718379.9677,5556730.029,1
1404,34,202,17.937,-0.007,0.004,0.001,0.435,0.8,0.078,0.0106,1364765.43,5749010.21,1
1404,33,203,17.94,-0.017,0.006,0.008,0.435,0.799,0.088,0.0106,742771.3793,5762291.464,1
1404,36,217,17.945,-0.02,0.009,0.005,0.434,0.798,0.082,0.0106,2102298.185,5781359.541,1
1053,24,217,17.953,0.007,-0.022,0.005,0.434,0.797,0.065,0.0106,742728.2957,5762222.205,1
1404,37,201,17.967,-0.002,-0.004,-0.006,0.434,0.795,0.073,0.0106,2656346.695,5781291.797,1
1404,27,201,17.953,-0.003,0.006,0.01,0.434,0.794,0.095,0.0106,671788.1849,5679378.893,1
1404,31,202,17.958,-0.005,-0.01,-0.001,0.433,0.793,0.063,0.0106,3298976.338,5651556.296,1
1404,27,216,17.948,-0.008,-0.007,-0.004,0.433,0.792,0.069,0.0106,651985.2924,5633735.208,1
1404,18,216,17.936,-0.002,0.015,0.011,0.432,0.791,0.081,0.0106,1372705.421,5748743.045,1
1404,20,202,17.933,-0.023,0.003,0.013,0.432,0.79,0.091,0.0106,651940.3305,5707562.407,1
1404,20,202,17.932,-0.007,-0.003,0.016,0.432,0.789,0.104,0.0106,651916.9233,5748703.431,1
1404,41,203,17.926,-0.009,0.007,0.017,0.431,0.787,0.101,0.0106,651894.869,5678179.733,1
1404,15,202,17.921,-0.004,0,0.023,0.431,0.786,0.105,0.0106,1965258.094,5617922.44,1
1404,14,202,17.924,-0.007,0.005,0.005,0.43,0.785,0.088,0.0106,3096350.89,70504020.17,1
1404,17,201,17.944,-0.007,-0.005,-0.015,0.43,0.784,0.086,0.0105,2523083.323,71457323.25,1
1404,36,202,17.957,-0.008,-0.005,-0.012,0.429,0.783,0.082,0.0106,2394684.871,96917812.76,1
1404,23,201,17.967,-0.007,-0.009,-0.008,0.429,0.782,0.073,0.0106,1881333.093,98154588.69,1
1404,36,202,17.979,-0.029,0.011,-0.016,0.428,0.78,0.075,0.0106,1793727.519,96917465.21,1
1404,21,216,17.981,-0.019,0.009,-0.004,0.428,0.779,0.072,0.0106,1876492.74,96915778.24,1
1404,33,215,17.982,-0.014,0.017,-0.001,0.428,0.779,0.069,0.0106,1865767.628,116996416.4,1
1404,24,216,18.035,0.005,-0.012,-0.028,0.428,0.778,0.1,0.0106,3052851.757,116994504.7,1
1404,29,216,18.08,-0.001,-0.007,-0.027,0.428,0.777,0.094,0.0106,680487.2102,115600687.9,1
1404,47,201,18.096,0.002,-0.003,-0.003,0.427,0.776,0.084,0.0106,2510402.887,115588303.3,1
1404,18,201,18.107,-0.015,0,0.003,0.427,0.776,0.081,0.0106,1865730.21,115600492.7,1
1404,27,215,18.124,-0.014,0.013,-0.005,0.427,0.775,0.071,0.0107,1218018.742,116994100.5,1
1404,28,216,18.154,0.006,-0.023,-0.017,0.427,0.775,0.081,0.0106,1185341.013,118440577,1
1404,31,216,18.157,0.006,0.003,0.006,0.427,0.774,0.074,0.0106,1768559.688,116995746,1
1404,20,200,18.155,-0.013,0.02,0.011,0.427,0.774,0.078,0.0106,3105885.651,118440382.1,1
1404,49,201,18.154,-0.002,-0.009,0.013,0.426,0.773,0.096,0.0106,658293.9128,116995558,1
1404,58,214,18.127,0,-0.009,0.025,0.426,0.773,0.093,0.0106,3203169.07,118440183.8,1
1404,39,229,18.127,-0.011,0.011,0.01,0.427,0.773,0.087,0.0106,608541.2148,118440088.1,1
1404,24,228,18.121,0.003,-0.003,0.01,0.427,0.773,0.082,0.0106,38.72222222,118439987.8,1
1053,38,213,18.131,-0.004,-0.008,0,0.427,0.773,0.072,0.0106,1226103.744,117018107.2,1
1053,22,199,18.139,-0.016,-0.004,0.009,0.427,0.773,0.092,0.0106,2401418.639,118439795.5,1
1053,15,197,18.164,0.001,0.004,-0.02,0.428,0.773,0.105,0.0106,2477656.175,118439698,1
1404,16,184,18.172,-0.005,-0.013,-0.003,0.427,0.772,0.062,0.0106,577631.922,118439595,1
1404,17,197,18.188,-0.008,0.002,-0.006,0.426,0.771,0.075,0.0106,2463941.427,116981896.1,1
1404,51,211,18.184,-0.02,0.004,0.005,0.426,0.771,0.083,0.0106,2434977.805,118439388.9,1
1404,29,225,18.198,-0.028,0.016,-0.009,0.426,0.77,0.07,0.0106,1803652.363,118439305.5,1
1404,32,225,18.2,0.002,0.004,0.006,0.426,0.77,0.074,0.0107,1861557.77,114274561.2,1
1053,17,209,18.203,0.001,-0.009,-0.005,0.427,0.77,0.081,0.0107,577722.1311,116994422.2,1
1404,15,195,18.213,0.008,0.001,-0.011,0.426,0.769,0.099,0.0106,2559128.294,116992383.1,1
1404,27,209,18.2,-0.008,-0.002,0.011,0.426,0.769,0.1,0.0106,1082852.169,114239797,1
1404,47,223,18.195,-0.006,-0.005,0.004,0.426,0.769,0.085,0.0106,2516125.863,116992185.9,1
1404,36,223,18.184,0.006,-0.001,0.007,0.426,0.769,0.076,0.0106,643256.6302,116994045.9,1
1404,66,222,18.182,-0.006,-0.012,0.004,0.426,0.769,0.072,0.0106,1969658.082,118438609.1,1
1053,30,168,18.186,-0.02,0.015,0.011,0.427,0.769,0.084,0.0106,1402602.921,96991935.25,1
1053,21,167,18.176,0,-0.007,0.016,0.427,0.769,0.097,0.0096,1341206.566,71509692.18,1
1053,29,168,18.173,-0.002,-0.009,0,0.427,0.768,0.068,0.0096,681154.0247,71509773.19,1
1053,16,181,18.166,-0.006,0.012,-0.002,0.427,0.767,0.065,0.0096,4061448.796,70573429.09,1
1053,15,193,18.153,-0.005,-0.007,0.003,0.427,0.767,0.077,0.0097,2581730.838,71509943.73,1
1053,17,193,18.137,0.005,-0.012,0.008,0.427,0.766,0.075,0.0096,4068888.802,70554635.77,1
1053,17,193,18.126,-0.006,-0.012,-0.004,0.427,0.765,0.064,0.0096,1212993.025,69639713.43,1
1053,16,205,18.11,-0.009,-0.002,-0.001,0.427,0.765,0.073,0.0096,3456950.517,69639799.61,1
1404,38,206,18.089,0,-0.004,0.006,0.427,0.764,0.075,0.0096,1213013.99,68745734.04,1
1404,24,220,18.092,-0.004,-0.007,-0.001,0.426,0.763,0.068,0.0096,3426520.219,70557295.86,1
1404,27,220,18.095,-0.003,-0.008,-0.006,0.426,0.761,0.07,0.0096,1933130.477,69656037.47,1
1404,21,220,18.098,0.003,0.006,-0.011,0.425,0.76,0.091,0.0096,2782005.791,69640111.54,1
1404,40,220,18.129,0.002,-0.014,-0.033,0.425,0.759,0.094,0.0096,1933097.555,69633117.27,1
1404,32,220,18.146,-0.009,0.009,-0.021,0.425,0.758,0.089,0.0096,2781862.527,69631821.23,1
1404,24,219,18.154,-0.003,0.014,-0.004,0.424,0.757,0.065,0.0096,1933064.714,5635290.263,1
1053,39,219,18.156,-0.009,-0.008,-0.006,0.424,0.756,0.069,0.0096,1347464.358,5631089.622,1
1053,30,190,18.155,0.003,-0.009,0.005,0.424,0.755,0.071,0.0096,1295125.947,5635264.385,1
1053,53,191,18.142,-0.002,-0.005,0.003,0.424,0.755,0.079,0.0096,650710.7121,5751241.195,1
1053,21,204,18.142,-0.005,-0.001,-0.011,0.424,0.754,0.083,0.0096,3993669.127,5699505.717,1
1053,29,205,18.132,-0.008,0.004,0,0.424,0.754,0.075,0.0096,1324156.878,5751206.834,1
1053,44,218,18.128,-0.018,0.005,-0.002,0.424,0.754,0.074,0.0096,1895975.999,5713396.532,1
1053,44,218,18.116,-0.001,0.001,-0.003,0.424,0.753,0.074,0.0096,2719981.601,5630910.907,1
1053,46,217,18.099,-0.008,0.012,0.008,0.424,0.753,0.079,0.0096,2592570.842,5703813.271,1
1053,19,216,18.079,-0.007,-0.001,0.004,0.424,0.752,0.083,0.0096,2719904.603,5680845.293,1
1053,27,216,18.059,-0.006,0.004,0.004,0.424,0.752,0.081,0.0096,631966.1931,5776164.474,1
1053,20,216,18.046,-0.012,-0.008,0.004,0.424,0.752,0.078,0.0096,1289103.389,5510696.368,1
1053,26,215,18.042,-0.003,-0.004,0,0.424,0.751,0.072,0.0096,3127857.661,5506657.055,1
1053,21,202,18.03,0,0.001,0.01,0.424,0.75,0.081,0.0096,1925014.629,5575015.083,1
1053,38,214,18.037,0.012,-0.029,-0.018,0.424,0.749,0.075,0.0096,1790428.972,5526877.389,1
1053,18,201,18.03,-0.001,-0.008,-0.006,0.424,0.749,0.071,0.0096,1924912.697,5619557.333,1
1053,43,213,18.019,0.004,-0.013,-0.002,0.424,0.748,0.064,0.0096,1915858.35,5619542.138,1
1053,26,213,18.006,-0.012,0.002,0,0.424,0.748,0.075,0.0096,1288860.165,5574978.403,1
1053,35,199,17.973,-0.007,-0.016,0.023,0.423,0.747,0.092,0.0096,3162608.187,5619525.881,1
1053,23,199,17.973,0.004,-0.015,-0.012,0.423,0.746,0.081,0.0097,614219.9417,5574964.959,1
1053,39,200,17.98,0.003,0.013,-0.018,0.423,0.746,0.091,0.0096,2483223.774,132966292.8,1
1053,38,200,17.968,-0.012,-0.019,-0.008,0.423,0.746,0.066,0.0096,2533255.281,134675428.9,1
1053,16,200,17.96,0.023,-0.011,-0.001,0.423,0.745,0.074,0.0096,1860821.522,131322031.8,1
1053,39,200,17.967,-0.006,0.01,-0.004,0.423,0.744,0.069,0.0096,3160300.982,132968022.2,1
1053,26,213,17.967,-0.01,0.001,-0.005,0.423,0.744,0.075,0.0096,1181500.836,131339914.5,1
1053,28,212,17.958,0,0.005,-0.004,0.423,0.743,0.082,0.0097,3198834.456,131311624.8,1
1053,31,212,17.94,-0.016,0.027,0.016,0.423,0.743,0.077,0.0096,2437243.911,134675331.3,1
1053,18,213,17.939,0.005,-0.003,-0.006,0.423,0.742,0.087,0.0096,1897120.705,134675316.7,1
1053,32,213,17.915,-0.014,0,-0.002,0.423,0.742,0.077,0.0097,1825241.725,132966119,1
1053,20,213,17.932,-0.002,0.003,-0.025,0.423,0.742,0.093,0.0096,2576170.16,134675278.4,1
1053,23,213,17.943,-0.004,-0.005,-0.027,0.423,0.741,0.092,0.0096,2423200.943,131311506.9,1
1053,29,212,17.94,0,0.009,-0.011,0.423,0.741,0.087,0.0096,1886283.107,134675240.9,1
1053,36,212,17.939,-0.009,-0.014,-0.005,0.423,0.74,0.065,0.0096,3001807.508,132986509.2,1
1053,34,211,17.912,-0.014,0.012,0.009,0.423,0.74,0.081,0.0096,3209183.792,132966012.4,1
1053,18,211,17.937,0.008,-0.016,-0.04,0.423,0.74,0.096,0.0096,2436946.052,134675182.7,1
1053,22,211,17.932,-0.011,0.002,-0.029,0.423,0.74,0.093,0.0097,3219792.106,132965959.5,1
1053,17,210,17.933,0.001,0.008,-0.021,0.423,0.74,0.097,0.0096,2482858.514,134675144.9,1
1053,31,197,17.905,-0.01,0.013,0.014,0.423,0.739,0.086,0.0096,2602762.68,134675121.6,1
1053,14,197,17.897,-0.012,-0.007,-0.008,0.423,0.739,0.073,0.0096,613813.316,132956930.9,1
1053,17,197,17.89,0.005,-0.013,-0.015,0.423,0.739,0.088,0.0096,1789752.434,134675081,1
1053,36,210,17.891,0.002,0,-0.025,0.423,0.739,0.1,0.0096,1923640.942,134675062.1,1
1053,16,210,17.869,-0.007,0.007,0.003,0.423,0.739,0.077,0.0096,3159913.617,134675043.9,1
1053,24,210,17.86,0.017,0.001,-0.011,0.423,0.738,0.09,0.0096,1923539.493,132965799.5,1
1053,40,211,17.857,0.019,-0.003,-0.016,0.423,0.738,0.092,0.0096,2501375.768,131341345.1,1
1053,19,224,17.853,0.004,-0.015,-0.016,0.423,0.738,0.084,0.0096,3169486.929,132965753,1
1053,21,224,17.844,0.004,-0.004,0.004,0.423,0.737,0.074,0.0096,2515717.436,134674968.5,1
1053,19,209,17.832,0.002,-0.003,-0.002,0.423,0.736,0.077,0.0096,1180841.145,132956741.4,1
1053,20,209,17.825,0.009,-0.004,-0.013,0.423,0.736,0.095,0.0096,1189311.967,131350164.3,1
1053,37,208,17.807,0.01,-0.018,-0.002,0.423,0.736,0.066,0.0096,1215468.502,132971874.5,1
1053,37,209,17.794,0.002,0.001,-0.006,0.423,0.736,0.086,0.0096,1931733.465,132965639.8,1
1053,40,208,17.789,-0.009,-0.007,-0.001,0.423,0.735,0.068,0.0096,1838356.971,131310402.9,1
1053,40,209,17.803,-0.006,0.001,-0.019,0.423,0.735,0.089,0.0096,1931682.084,132967549.9,1
1053,34,209,17.811,-0.001,0.003,-0.021,0.423,0.735,0.09,0.0096,1180661.82,129745531.2,1
1053,16,223,17.794,-0.005,-0.004,0.001,0.423,0.735,0.073,0.0096,3854612.484,132956585.6,1
1053,40,223,17.774,-0.009,-0.006,0.008,0.423,0.735,0.086,0.0096,1838207.581,134674788.4,1
1053,35,223,17.758,-0.013,0.004,0,0.423,0.734,0.074,0.0097,2610198.565,132967477.3,1
1053,18,223,17.767,0.008,-0.011,-0.008,0.423,0.734,0.079,0.0097,1838133.198,134674753.8,1
1053,32,207,17.769,-0.018,0.011,-0.005,0.423,0.734,0.071,0.0097,1223704.42,131325260.5,1
1053,31,207,17.754,-0.005,0.001,0,0.422,0.733,0.075,0.0097,1838058.931,132967419.2,1
1053,28,207,17.725,0,-0.002,0.011,0.422,0.733,0.082,0.0097,2571741.719,132965417.8,1
1053,17,207,17.669,0,0.004,0.032,0.422,0.733,0.099,0.0097,2482316.096,132967383.4,1
1053,23,206,17.632,-0.006,0.001,0.026,0.422,0.733,0.099,0.0097,1844609.676,132982481.3,1
1053,25,207,17.623,0.001,-0.005,-0.004,0.422,0.732,0.079,0.0097,38.36111111,134674632.4,1
1053,20,207,17.631,0.002,-0.022,-0.012,0.422,0.732,0.072,0.0097,3218613.137,132965329.4,1
1053,26,206,17.639,0,-0.008,-0.019,0.422,0.731,0.085,0.0097,2550647.744,134674590.8,1
1053,17,206,17.639,-0.016,0.002,-0.007,0.422,0.731,0.074,0.0097,613236.9488,131321148.8,1
1053,20,206,17.626,-0.007,-0.013,0.006,0.422,0.731,0.072,0.0097,1824663.904,132985903.3,1
1053,20,206,17.625,-0.014,-0.007,-0.006,0.422,0.731,0.071,0.0097,1270704.531,131321112.7,1
1053,30,206,17.614,0.007,-0.021,-0.009,0.422,0.73,0.072,0.0097,1931646.016,132967248.1,1
1053,39,206,17.615,0.005,-0.012,-0.01,0.422,0.73,0.082,0.0091,1224536.725,134674498.7,1
1053,32,206,17.599,0.004,-0.032,-0.006,0.422,0.729,0.064,0.0091,1322846.446,134674476.8,1
1053,34,206,17.578,-0.017,0.007,0.008,0.421,0.728,0.083,0.0091,1898070.69,129725999.6,1
1053,32,205,17.563,0.001,0.003,0.003,0.421,0.728,0.072,0.0091,644547.2313,131310393,1
1053,15,204,17.567,-0.001,-0.001,-0.016,0.421,0.727,0.087,0.0092,1898000.922,132965099.7,1
1053,23,204,17.568,0.004,0.011,-0.019,0.421,0.727,0.09,0.0092,1253385.96,131320965,1
1053,22,204,17.555,0.004,-0.025,-0.001,0.421,0.726,0.062,0.0092,2542484.437,129725909.8,1
1053,17,205,17.555,-0.01,0.01,-0.003,0.421,0.725,0.069,0.0092,38.63888889,132965027.1,1
1053,34,218,17.549,-0.003,0.019,-0.001,0.42,0.724,0.06,0.0092,1953406.444,129725856.6,1
1053,24,218,17.538,0,-0.001,0.002,0.42,0.724,0.077,0.0092,1868992.053,131320875.6,1
1053,29,218,17.539,0.012,-0.024,-0.017,0.42,0.723,0.076,0.0092,673451.7201,131326958.6,1
1053,18,218,17.535,0.004,0.004,-0.008,0.42,0.722,0.087,0.0092,2477817.976,132971296.7,1
1053,16,217,17.507,-0.003,0.008,0.005,0.419,0.722,0.077,0.0092,1351529.006,129731630.4,1
1053,33,216,17.481,-0.02,0.021,0.008,0.419,0.721,0.073,0.0092,2477822.607,131407361.8,1
1053,26,216,17.455,-0.005,-0.007,0.011,0.419,0.72,0.087,0.0092,1351452.237,133066855.2,1
1053,28,216,17.45,0.001,-0.007,-0.01,0.419,0.72,0.088,0.0092,2477826.913,131407308.9,1
1053,25,216,17.436,-0.007,0.008,0.009,0.419,0.719,0.087,0.0092,1351375.247,133066816.5,1
1053,28,215,17.444,-0.007,0.002,-0.012,0.419,0.718,0.079,0.0092,1266256.984,133066796.2,1
1053,21,215,17.435,-0.009,0,-0.004,0.418,0.718,0.073,0.0092,1884880.023,134779211.5,1
1053,19,215,17.432,-0.005,-0.001,-0.008,0.418,0.718,0.077,0.0092,608891.7717,133066767.5,1
1053,23,214,17.422,0.009,-0.016,-0.009,0.418,0.718,0.075,0.0092,1868981.813,134779171.5,1
1053,27,214,17.405,-0.017,0.019,0.004,0.418,0.717,0.071,0.0092,608898.0496,136554634.6,1
1053,31,215,17.388,0.007,-0.031,-0.002,0.418,0.717,0.063,0.0092,2542164.421,134779118.8,1
1053,28,215,17.376,-0.027,0.02,0.003,0.418,0.717,0.07,0.0092,635220.0273,134779095.5,1
1053,30,215,17.363,-0.001,0.009,-0.01,0.418,0.717,0.077,0.0092,1902042.168,133066655.7,1
1053,23,216,17.362,-0.003,0.015,-0.021,0.418,0.717,0.085,0.0092,1244072.153,134779051.6,1
1053,30,216,17.333,-0.002,0.006,0.009,0.418,0.717,0.086,0.0092,1889514.753,133066620.2,1
1053,29,216,17.309,0.003,0.011,0.009,0.418,0.716,0.072,0.0092,635179.6223,134779005.8,1
1053,32,215,17.277,0.007,-0.01,0.003,0.417,0.716,0.068,0.0092,3171440.933,133066577.7,1
1053,32,215,17.249,-0.009,0.007,0.013,0.417,0.716,0.092,0.0092,635159.3273,136554479.2,1
1053,19,215,17.218,-0.003,-0.009,0.011,0.417,0.716,0.085,0.0092,1917586.694,134763164.1,1
1053,18,215,17.187,-0.013,0.01,0.006,0.417,0.716,0.078,0.0092,627531.7376,134787869.5,1
1053,22,215,17.155,-0.004,-0.001,0.001,0.417,0.716,0.076,0.0092,38.78378378,133064054.7,1
1053,25,216,17.132,-0.02,-0.005,0.005,0.417,0.716,0.076,0.0092,639531.1751,134797332.7,1
1053,36,215,17.092,-0.008,0.013,0.025,0.417,0.715,0.085,0.0092,592483.6245,134787805.1,1
1053,18,215,17.055,-0.003,-0.02,0.026,0.416,0.714,0.082,0.0092,654788.7124,134787779.6,1
1053,36,214,17.035,-0.011,0.011,0.004,0.416,0.714,0.069,0.0092,39.05405405,134787759.9,1
1053,20,214,16.986,-0.017,0.02,0.035,0.416,0.713,0.084,0.0092,39.13513514,134787737.6,1
1053,22,200,16.959,-0.01,-0.005,0.003,0.415,0.712,0.07,0.0092,1926388.15,134787719.9,1
1053,29,199,16.921,0.014,-0.025,0.019,0.415,0.711,0.07,0.0092,551397.6161,134787690.8,1
1053,26,199,16.901,-0.002,0.012,0.003,0.414,0.71,0.058,0.0092,659299.6473,133063724.4,1
1053,30,200,16.872,-0.004,-0.015,0.001,0.413,0.709,0.05,0.0092,40.05555556,160335446.6,1
1053,19,200,16.849,-0.004,0.009,0.015,0.413,0.708,0.084,0.0092,1931709.393,162344966.5,1
1053,31,200,16.82,0.003,0.004,0.02,0.412,0.707,0.081,0.0092,551365.0756,162344980.5,1
1053,19,199,16.803,0.015,-0.014,0.011,0.412,0.706,0.067,0.0092,617847.2235,162344996.5,1
1053,22,199,16.787,-0.008,0.022,0.001,0.411,0.705,0.056,0.0092,627734.4004,162345012.6,1
1053,17,199,16.771,0.011,-0.009,0,0.411,0.705,0.063,0.0092,1313732.524,162345026,1
1053,33,199,16.76,0.002,0.005,0.014,0.41,0.704,0.075,0.0092,551332.6973,160349215.6,1
1053,31,199,16.751,0.005,-0.01,0.005,0.41,0.703,0.061,0.0092,1808480.75,160360440.2,1
1053,17,199,16.752,-0.002,-0.005,-0.01,0.409,0.702,0.07,0.0092,2455919.291,160349262,1
1053,20,200,16.755,-0.001,0.004,-0.007,0.409,0.701,0.068,0.0092,617788.7289,162345087.9,1
1053,25,200,16.759,0.001,-0.004,0.007,0.408,0.7,0.067,0.0092,1276832.116,162345106.8,1
1053,28,213,16.759,-0.001,0.01,0.003,0.407,0.699,0.058,0.0092,654474.2115,162345127.6,1
1053,37,212,16.753,-0.002,0.004,0.012,0.407,0.698,0.085,0.0092,659054.9264,162345138.5,1
1053,15,212,16.753,0.014,-0.001,-0.003,0.406,0.697,0.071,0.0092,39.2972973,160349333.5,1
1053,17,212,16.751,0.004,0.001,0.01,0.406,0.697,0.073,0.0092,659017.2932,162345165.4,1
1053,16,212,16.751,0.006,-0.001,0.001,0.405,0.696,0.065,0.0092,1205620.656,162345188.7,1
1053,18,211,16.763,-0.002,-0.015,-0.011,0.405,0.695,0.066,0.0092,1231881.615,160349392.7,1
1053,35,211,16.77,-0.013,0.009,-0.006,0.405,0.695,0.064,0.0092,39.18918919,162345213.5,1
1053,26,212,16.765,-0.005,-0.003,-0.001,0.404,0.694,0.065,0.0092,39.27027027,162345235.2,1
1053,24,212,16.769,-0.003,0.006,-0.023,0.404,0.694,0.082,0.0092,39.27027027,162345252,1
1053,34,211,16.766,0.007,0.001,-0.012,0.404,0.693,0.088,0.0092,627966.1001,162345268.9,1
1053,29,212,16.77,0.015,0.001,-0.006,0.403,0.693,0.075,0.0092,1249549.152,162345280.2,1
1053,18,211,16.773,0,0.001,-0.014,0.403,0.692,0.077,0.0092,595278.3539,160371349.4,1
1053,35,211,16.786,0.003,0.005,-0.015,0.403,0.692,0.087,0.0092,1842010.917,162345314.3,1
1053,21,212,16.792,-0.007,0.011,0.004,0.403,0.692,0.065,0.0092,595237.201,162345330.2,1
1053,17,212,16.794,-0.003,-0.001,0.01,0.402,0.691,0.087,0.0092,595216.5195,162345346.1,1
1053,22,212,16.8,-0.004,0.007,0.004,0.402,0.691,0.072,0.0092,1223209.743,162345359.5,1
1053,17,212,16.809,-0.004,-0.002,-0.007,0.402,0.691,0.068,0.0092,1187728.389,162345374.6,1
1053,19,211,16.808,0.005,-0.016,0.006,0.402,0.69,0.059,0.0092,595154.6692,160335902.3,1
1053,25,211,16.814,-0.014,0.014,-0.012,0.401,0.689,0.065,0.0092,595134.1293,162345410,1
1053,31,211,16.806,0,-0.006,0.005,0.401,0.689,0.072,0.0092,595113.4537,162345424.8,1
1053,16,211,16.806,-0.008,-0.001,-0.004,0.401,0.689,0.065,0.0092,595092.8634,162345435.1,1
1053,21,211,16.806,-0.016,0.017,-0.007,0.401,0.688,0.061,0.0092,1249119.035,162345454.4,1
1053,40,211,16.81,-0.005,-0.002,-0.007,0.4,0.688,0.069,0.0092,1862374.557,162345475,1
1053,24,211,16.817,-0.022,0.027,0,0.4,0.688,0.06,0.0092,1907642.835,158446004.9,1
1053,34,211,16.813,-0.003,0.013,-0.001,0.4,0.687,0.052,0.0092,1777547.141,162345500.7,1
1053,19,211,16.823,-0.02,0.021,-0.013,0.4,0.687,0.063,0.0092,1160048.554,160349735.7,1
1053,42,211,16.821,0.01,0.001,-0.007,0.399,0.687,0.081,0.0092,1752632.063,162345530,1
1053,32,211,16.821,0.001,0.005,0.006,0.399,0.687,0.065,0.0092,2370820.565,162345549.8,1
1053,29,211,16.836,-0.014,0.016,-0.009,0.399,0.686,0.062,0.0092,1160041.485,162345560.7,1
1053,32,211,16.83,-0.006,-0.001,0.012,0.399,0.686,0.088,0.0092,1818528.114,162345579.6,1
1053,29,212,16.831,-0.012,0.01,-0.004,0.399,0.686,0.062,0.0092,3064986.901,160371670.3,1
1053,20,212,16.823,-0.004,0.002,0.002,0.398,0.686,0.071,0.0092,1862805.096,160371681.9,1
1053,32,211,16.842,-0.002,-0.011,-0.026,0.398,0.685,0.085,0.0092,39.35135135,160371708.9,1
1053,20,211,16.858,-0.009,0.001,-0.011,0.398,0.685,0.073,0.0092,39.24324324,160371726.6,1
1053,34,211,16.868,0.004,-0.003,-0.008,0.398,0.685,0.082,0.0092,1286724.193,158446216.8,1
1053,27,211,16.878,-0.007,0.007,-0.009,0.398,0.684,0.069,0.0092,653828.0186,158446224.8,1
1053,17,211,16.884,-0.009,0.003,-0.012,0.398,0.684,0.075,0.0092,39.32432432,160371775.1,1
1053,31,211,16.898,0.005,-0.004,-0.017,0.397,0.684,0.089,0.0092,39.24324324,160336106.6,1
1053,33,211,16.917,0.013,-0.02,-0.021,0.397,0.684,0.078,0.0092,617400.0249,160336118.3,1
1053,32,211,16.928,0.004,-0.012,-0.016,0.397,0.683,0.08,0.0092,550978.6397,160371834.1,1
1053,29,211,16.94,0.014,-0.016,-0.02,0.397,0.683,0.081,0.0092,39.32432432,160371843.4,1
1053,20,211,16.938,0.014,-0.017,-0.006,0.397,0.683,0.063,0.0092,39.37837838,162345769.5,1
1053,20,210,16.95,-0.002,-0.011,-0.015,0.397,0.683,0.078,0.0092,1292770.192,160350048.5,1
1053,37,211,16.969,-0.003,-0.006,-0.028,0.396,0.682,0.083,0.0092,1807323.759,162345811.9,1
1053,29,211,16.987,-0.002,0.005,-0.016,0.396,0.682,0.079,0.0092,1297304.195,162345826.1,1
1053,23,211,16.983,0.001,0.001,-0.003,0.396,0.682,0.072,0.0092,39.32432432,162345826.6,1
1053,32,212,17.008,-0.002,0.011,-0.022,0.396,0.681,0.084,0.0092,39.48648649,162345842.7,1
1053,31,212,17.017,0,0.001,-0.014,0.396,0.681,0.077,0.0092,39.43243243,162345863.3,1
1053,16,212,17.032,-0.005,0.025,-0.008,0.396,0.68,0.056,0.0092,1297202.079,160336227,1
1053,18,211,17.053,-0.001,0,-0.029,0.395,0.68,0.085,0.0092,594495.622,158412145,1
1053,18,211,17.061,0.005,-0.001,-0.016,0.395,0.68,0.089,0.0092,2479260.243,158412159.5,1
1053,21,211,17.06,0,-0.003,0.003,0.395,0.679,0.063,0.0092,594454.6358,160350201.1,1
1053,38,211,17.076,0.002,0.005,-0.009,0.395,0.679,0.079,0.0092,1845163.622,158412193.4,1
1053,16,211,17.087,0.006,-0.015,0,0.395,0.679,0.056,0.0092,594413.436,160350238.8,1
1053,22,211,17.09,-0.006,-0.003,-0.001,0.395,0.678,0.063,0.0092,1861964.144,160350251.4,1
1053,32,211,17.093,-0.001,0.003,-0.003,0.394,0.678,0.065,0.0092,594372.2162,158412227,1
1053,34,211,17.098,0.015,0.003,0.002,0.394,0.678,0.063,0.0092,1788588.097,158412241.5,1
1053,22,211,17.126,0.021,-0.017,-0.034,0.394,0.677,0.085,0.0092,1159975.387,158446644.2,1
1053,19,211,17.133,0.01,-0.021,-0.016,0.394,0.677,0.074,0.0092,2430506.613,158446651.9,1
1053,22,211,17.137,-0.016,0.007,-0.005,0.394,0.677,0.064,0.0092,1798927.318,158446681,1
1053,27,212,17.146,-0.003,0.005,0,0.394,0.677,0.064,0.0092,1777118.115,160372175.1,1
1053,36,212,17.145,-0.03,0.032,0.006,0.394,0.676,0.06,0.0092,1798909.39,160372195.6,1
1053,38,212,17.146,0.004,-0.008,-0.015,0.394,0.676,0.085,0.0092,3021882.014,160372207.8,1
1053,22,212,17.146,0.004,0.006,-0.003,0.393,0.676,0.067,0.0092,1159962.182,158433296.5,1
1053,33,212,17.151,0.012,-0.003,-0.007,0.393,0.676,0.08,0.0092,2410505.081,160336383.1,1
1053,32,212,17.169,-0.01,0.014,-0.016,0.393,0.676,0.073,0.0092,1798873.632,162346144.5,1
1053,39,211,17.189,0.006,0.003,-0.032,0.393,0.676,0.093,0.0094,1286716.118,162346151.7,1
1053,17,212,17.206,0.009,-0.011,-0.022,0.393,0.676,0.087,0.0092,3839058.653,134773101.7,1
1053,14,212,17.201,-0.003,0.004,-0.003,0.393,0.676,0.064,0.0092,2570290.007,133058392.6,1
1053,20,212,17.207,0,0.004,-0.013,0.393,0.676,0.086,0.0092,2574693.679,131398680.2,1
1053,20,212,17.203,-0.003,0.01,0.003,0.393,0.675,0.065,0.0092,1226227.636,136552633.3,1
1053,29,212,17.205,-0.007,0.008,-0.003,0.393,0.675,0.061,0.0092,2620425.103,134773019.4,1
1053,27,213,17.206,-0.004,0.001,-0.001,0.393,0.675,0.066,0.0092,1862404.158,134773007.6,1
1053,20,212,17.199,-0.009,0.005,0.004,0.393,0.675,0.071,0.0092,3980373.713,133049328.2,1
1053,21,212,17.195,-0.009,-0.006,0.004,0.393,0.675,0.069,0.0092,1210050.362,131427287.9,1
1053,35,212,17.193,0,-0.002,-0.004,0.393,0.675,0.073,0.0092,3304921.307,131427266.8,1
1053,20,212,17.188,-0.001,0.015,0.001,0.393,0.675,0.054,0.0092,1808325.939,133058206.4,1
1053,18,212,17.185,0.001,0.006,0.007,0.393,0.675,0.065,0.0092,3208028.13,133058188.7,1
1053,15,212,17.177,-0.005,0.006,0.007,0.393,0.675,0.074,0.0092,1257468.486,133058172.8,1
1053,33,212,17.179,0.008,-0.01,-0.001,0.393,0.675,0.061,0.0092,1999485.322,131398425.3,1
1053,17,212,17.174,0.01,-0.013,-0.005,0.393,0.675,0.066,0.0092,2511830.849,131398402.5,1
1053,34,212,17.161,-0.007,0.016,0.011,0.393,0.675,0.072,0.0092,1324073.122,133058110.2,1
1053,37,212,17.149,0.003,0.013,0.013,0.393,0.675,0.071,0.0092,1322813.866,134770008.1,1
1053,20,211,17.138,-0.015,0.007,0.013,0.393,0.675,0.081,0.0092,39.54285714,134769982.8,1
1053,33,211,17.129,-0.007,-0.001,-0.001,0.393,0.674,0.065,0.0092,3269252.821,133049082.7,1
1053,13,211,17.121,-0.003,0.006,0.004,0.393,0.674,0.071,0.0092,39.4,133049061.2,1
1053,16,211,17.106,0,0.004,0.004,0.393,0.674,0.062,0.0092,1884009,134772747.4,1
1053,15,211,17.085,0.001,0.013,0.004,0.393,0.674,0.055,0.0092,675310.0389,134772728.7,1
1053,16,211,17.079,-0.013,0.011,0.014,0.393,0.674,0.078,0.0092,2531247.944,136562331,1
1053,18,211,17.068,-0.01,0.006,0.021,0.393,0.674,0.089,0.0092,675296.038,134772693.2,1
1053,18,210,17.067,0.011,-0.002,0.003,0.393,0.674,0.064,0.0094,675643.9684,133072866.8,1
1053,40,210,17.067,-0.01,0.013,-0.004,0.393,0.674,0.061,0.0092,1992022.389,133048930.1,1
1053,35,210,17.052,-0.01,0.011,0.005,0.393,0.674,0.068,0.0092,582018.9758,133046141.4,1
1053,28,211,17.048,-0.001,-0.001,-0.004,0.393,0.673,0.064,0.0092,2590643.717,136552167.3,1
1053,18,212,17.051,0.002,0.014,-0.003,0.393,0.673,0.056,0.0092,1832761.239,136552141.6,1
1053,20,212,17.049,0.002,-0.005,-0.007,0.393,0.673,0.077,0.0092,2610230.934,134769699.3,1
1053,33,213,17.05,-0.004,-0.004,-0.009,0.393,0.673,0.07,0.0092,1953181.146,134769678,1
1053,18,212,17.038,-0.003,0.015,0.009,0.393,0.673,0.066,0.0092,1981851.412,133057761.7,1
1053,16,212,17.035,-0.006,0.008,0.001,0.393,0.673,0.062,0.0092,1953108.598,133057732.8,1
1053,35,212,17.034,-0.002,-0.003,-0.009,0.393,0.673,0.071,0.0092,1254091.183,131397924.4,1
1053,19,212,17.033,-0.006,0.019,0.002,0.393,0.673,0.057,0.0092,1884451.602,133048730.6,1
1053,24,212,17.028,-0.005,0,-0.005,0.393,0.673,0.067,0.0092,627336.8039,131397863.8,1
1053,20,212,17.023,-0.001,0.001,-0.011,0.393,0.673,0.076,0.0092,2483220.229,133057654,1
1053,34,212,17.014,0.009,-0.013,0,0.393,0.673,0.057,0.0092,2613928.282,131426722.7,1
1053,23,212,16.984,-0.004,0.013,0.019,0.393,0.674,0.083,0.0092,2564233.634,133057612.7,1
1053,25,212,16.968,0.002,0.015,0.011,0.393,0.674,0.067,0.0092,1987150.341,131397762.9,1
1053,25,212,16.962,-0.006,0.005,-0.008,0.393,0.674,0.072,0.0092,1992134.562,131397733.5,1
1053,47,212,16.965,0.009,-0.005,-0.012,0.393,0.674,0.085,0.0093,3870826.928,131415324.8,1
1053,20,212,16.977,-0.015,-0.006,-0.021,0.393,0.674,0.076,0.0093,1943659.605,133078639.9,1
1053,18,212,16.969,0.011,0.004,-0.004,0.393,0.674,0.07,0.0092,3176221.416,133048512,1
1053,22,212,16.966,-0.005,0.003,-0.006,0.393,0.674,0.068,0.0092,1316832.623,133048493.4,1
1053,42,213,16.98,-0.004,-0.007,-0.019,0.393,0.674,0.078,0.0092,2594363.414,131397602,1
1053,28,213,16.962,-0.005,0.01,0.003,0.393,0.674,0.061,0.0092,2663115.335,133057428.9,1
1053,40,213,16.965,-0.004,0.003,-0.023,0.393,0.674,0.084,0.0092,3176151.956,133057410.7,1
1053,30,213,16.972,0.004,0,-0.013,0.393,0.674,0.089,0.0092,2637868.337,133057384.5,1
1053,29,212,16.986,-0.006,0.012,-0.035,0.393,0.674,0.087,0.0092,3176117.015,131426477.8,1
1053,35,212,16.988,-0.009,-0.004,-0.009,0.393,0.674,0.07,0.0092,1943361.833,131426459.2,1
1053,15,213,16.982,-0.017,0.009,-0.013,0.393,0.674,0.069,0.0092,3176082.447,131415075.1,1
1053,18,213,16.982,-0.004,-0.003,-0.017,0.393,0.675,0.081,0.0092,2542442.388,129825927.6,1
1053,16,213,16.97,-0.001,0.002,-0.013,0.393,0.675,0.078,0.0093,3109714.707,133075574.5,1
1053,25,213,16.962,-0.006,0.007,-0.008,0.393,0.676,0.071,0.0093,3236720.764,134791158.2,1
1053,28,213,16.94,0.008,-0.019,0.006,0.393,0.676,0.057,0.0093,2510474.479,131426360.1,1
1053,31,213,16.917,0,-0.003,0.007,0.393,0.676,0.081,0.0093,2662408.527,134791116.7,1
1053,20,212,16.906,-0.013,0.004,-0.017,0.393,0.677,0.078,0.0094,3148429.982,131417712.8,1
1053,33,212,16.888,-0.004,0.001,0,0.393,0.677,0.066,0.0094,1920346.57,134781720.9,1
1053,29,212,16.875,-0.012,0.015,0.004,0.393,0.677,0.061,0.0093,3775236.607,136551502,1
1053,19,213,16.871,-0.007,0.018,-0.008,0.393,0.678,0.062,0.0094,1920303.025,134781680.7,1
1053,17,213,16.853,-0.004,-0.011,-0.002,0.393,0.678,0.052,0.0093,1919224.218,136551454.2,1
1053,19,213,16.841,-0.013,0.015,0.001,0.393,0.678,0.063,0.0094,1883423.998,131397166.3,1
1053,37,213,16.824,-0.015,0.012,-0.001,0.393,0.678,0.063,0.0093,1947691.923,136551409,1
1053,18,213,16.818,-0.009,0.008,0.007,0.393,0.678,0.074,0.0094,3218625.879,131426152.3,1
1053,42,213,16.815,0.001,-0.003,-0.004,0.393,0.678,0.076,0.0093,1986479.025,136551364.9,1
1053,41,213,16.807,0.005,0.013,-0.006,0.394,0.678,0.064,0.0094,3893455.078,134768791.8,1
1053,17,213,16.799,-0.011,0.011,-0.005,0.394,0.678,0.063,0.0095,3288220.129,133047964.8,1
1053,23,213,16.775,-0.009,0.003,0.012,0.394,0.679,0.088,0.0093,1897485.293,136551306.6,1
1053,49,214,16.77,0.011,-0.009,-0.01,0.394,0.679,0.078,0.0093,2613223.996,136551288.6,1
1053,22,214,16.749,-0.011,0.012,0.013,0.394,0.679,0.079,0.0094,2572319.037,133056910.3,1
1053,29,213,16.74,-0.007,0.01,-0.001,0.394,0.679,0.063,0.0094,1320536.248,134771793.9,1
1053,20,213,16.739,0.013,-0.014,-0.018,0.394,0.68,0.082,0.0094,3199066.891,134768667.1,1
1053,38,213,16.724,-0.011,0.005,-0.002,0.394,0.68,0.065,0.0093,1995365.142,134759244.5,1
1053,34,213,16.716,0.009,0.01,0.001,0.394,0.68,0.057,0.0093,3850578.866,133044812.7,1
1053,32,213,16.719,0,-0.003,-0.01,0.394,0.68,0.086,0.0093,1995268.852,134768587.5,1
1053,19,213,16.717,-0.002,-0.019,-0.016,0.394,0.68,0.072,0.0093,3850455.267,133047757.6,1
1053,38,213,16.706,0,0.011,-0.008,0.394,0.68,0.07,0.0093,1301313.366,133047736.3,1
1404,7,101,16.685,0.005,0.024,-0.002,0.394,0.68,0.053,0.0093,2467732.658,99471757.91,1
1755,0,45,16.672,-0.003,0.005,-0.013,0.393,0.679,0.073,0.0093,2128009.566,99471835.48,1
2106,0,29,16.627,-0.004,0.013,0.007,0.39,0.675,0.056,0.0093,4797243.186,5025166.295,1
2808,0,36,16.576,-0.003,0,0.022,0.385,0.667,0.074,0.0094,629751.4647,4980960.59,1
3159,0,41,16.521,-0.007,0.002,-0.006,0.378,0.656,0.047,0.0091,44.44736842,4980916.932,1
3510,1,54,16.48,0.009,-0.009,-0.004,0.371,0.642,0.044,0.0094,45.31578947,4980873.144,1
3861,1,71,16.446,-0.008,0.002,-0.01,0.363,0.629,0.05,0.0091,45.34210526,4936068.172,1
4563,3,93,16.408,-0.001,0.01,-0.009,0.356,0.617,0.045,0.0091,45.55,4875800.266,1
4914,4,100,16.342,-0.013,0.002,0.01,0.35,0.606,0.055,0.0091,45.175,4875770.478,1
5265,7,106,16.274,-0.009,0.004,-0.002,0.344,0.595,0.043,0.0091,524906.3269,4875757.071,1
5265,7,107,16.209,0.003,0.002,-0.009,0.339,0.585,0.06,0.0091,44.125,4875710.963,1
5616,8,114,16.153,0.001,0.006,-0.001,0.334,0.575,0.038,0.0091,44.65,4875681.271,1
5616,9,114,16.114,-0.002,0.016,-0.009,0.329,0.566,0.046,0.0091,43.65,4875651.595,1
5616,10,114,16.074,0.005,-0.005,-0.006,0.324,0.557,0.052,0.0091,43.65,4875621.992,1
5616,10,113,16.042,0.003,-0.008,-0.005,0.319,0.549,0.048,0.0091,43.8,4875592.32,1
5616,10,113,16.004,-0.002,0,-0.005,0.314,0.541,0.043,0.0091,43.875,4875562.744,1
5616,9,106,15.976,-0.002,-0.01,0.008,0.31,0.533,0.053,0.0091,43.975,4875533.138,1
5616,8,106,15.956,-0.007,0.005,0.005,0.306,0.526,0.048,0.0091,44.1,4875503.55,1
5616,9,106,15.938,-0.002,0.004,-0.007,0.302,0.519,0.047,0.0091,44.1,4875473.998,1
5616,8,106,15.918,-0.003,0.001,0.007,0.298,0.513,0.054,0.0091,44.05,4875444.509,1
5616,9,106,15.899,0.006,-0.004,0.008,0.295,0.507,0.047,0.0091,44.175,4875414.999,1
5616,9,106,15.894,0.002,-0.011,-0.015,0.292,0.501,0.057,0.0091,44.175,4875385.523,1
5616,9,106,15.885,0.005,-0.001,-0.008,0.289,0.496,0.058,0.0091,44.125,4875356.071,1
5616,9,106,15.885,0.007,-0.006,-0.02,0.286,0.491,0.064,0.0091,44.175,4875326.646,1
5616,10,106,15.887,0.007,-0.002,-0.01,0.283,0.486,0.059,0.0091,44.2,4875297.227,1
5616,10,106,15.882,-0.002,0.003,-0.012,0.28,0.482,0.054,0.0091,44.05,4875267.838,1
5616,9,106,15.88,0.007,-0.002,-0.006,0.278,0.478,0.052,0.0091,44.15,4875238.5,1
5616,10,106,15.869,0,0.007,0.014,0.275,0.474,0.061,0.0091,44.15,4875209.172,1
5616,9,106,15.853,-0.001,-0.001,0.004,0.273,0.47,0.049,0.0091,44.175,4875179.872,1
5616,11,106,15.851,0.007,0.004,0,0.271,0.466,0.037,0.0091,44.24390244,5371334.288,1
5616,9,106,15.829,-0.014,0.019,0.011,0.269,0.462,0.045,0.0091,44.14634146,5371306.63,1
5616,10,106,15.821,0.005,-0.001,0.003,0.267,0.459,0.039,0.0091,44.14634146,5371279.028,1
5616,10,106,15.817,0.002,-0.003,-0.011,0.265,0.456,0.059,0.0091,43.95238095,5307156.239,1
5616,10,106,15.823,-0.001,-0.003,-0.014,0.263,0.452,0.053,0.0091,44.02380952,5307128.186,1
5616,10,106,15.835,0.003,0.002,-0.009,0.261,0.449,0.057,0.0091,44,5307100.181,1
5616,9,106,15.842,0.002,0.002,-0.017,0.26,0.446,0.063,0.0091,43.97674419,5742087.129,1
5616,10,106,15.848,-0.002,-0.008,-0.012,0.258,0.443,0.048,0.0091,43.81818182,6085726.426,1
5616,8,106,15.86,-0.007,0,-0.004,0.256,0.441,0.04,0.0091,43.79545455,6085701.671,1
5616,9,106,15.865,-0.006,0.001,-0.002,0.255,0.438,0.039,0.0091,43.86363636,6085676.963,1
5616,8,106,15.869,0.002,0.001,-0.012,0.253,0.436,0.06,0.0091,43.90909091,6085652.256,1
5616,9,106,15.882,0.002,0,-0.014,0.252,0.433,0.061,0.0091,43.86363636,6085627.547,1
5616,10,106,15.88,-0.003,0.008,-0.001,0.251,0.431,0.038,0.0091,43.93181818,6085602.831,1
5616,9,106,15.872,-0.003,0.002,0.013,0.249,0.429,0.062,0.0091,43.81818182,6085578.15,1
5616,10,106,15.869,-0.013,0.007,0.011,0.248,0.427,0.054,0.0091,43.79545455,6085553.439,1
5616,10,106,15.837,-0.002,0.009,0.006,0.247,0.425,0.046,0.0094,43.75,6085528.735,1
5616,10,107,15.822,-0.009,0.003,-0.001,0.246,0.423,0.04,0.0094,43.81818182,6085504.033,1
5616,11,107,15.807,-0.004,0.003,-0.019,0.245,0.422,0.059,0.0094,43.77272727,6085479.349,1
5616,11,107,15.782,-0.006,0.002,0.002,0.244,0.42,0.043,0.0094,43.81818182,6085454.666,1
5616,10,107,15.766,0.002,0.002,-0.009,0.244,0.419,0.058,0.0094,43.86363636,6085430.003,1
5616,11,107,15.75,-0.003,0.002,-0.01,0.243,0.417,0.053,0.0094,43.81818182,6085405.309,1
5616,11,107,15.728,-0.005,0.008,-0.004,0.242,0.416,0.042,0.0094,43.81818182,6085380.665,1
5616,11,107,15.714,0.012,-0.01,-0.015,0.241,0.415,0.055,0.0094,43.79545455,6085356.015,1
5616,12,107,15.7,-0.011,0.008,0,0.24,0.414,0.041,0.0094,43.88636364,6085331.366,1
5616,11,107,15.687,0.009,-0.005,-0.018,0.24,0.412,0.063,0.0094,43.88636364,6085306.73,1
5616,10,107,15.673,0.001,-0.002,-0.006,0.239,0.411,0.052,0.0094,43.84090909,6085282.121,1
5616,11,107,15.656,-0.007,0.008,-0.002,0.238,0.41,0.04,0.0094,43.79545455,6085257.505,1
5616,12,107,15.643,-0.003,0.004,-0.007,0.238,0.41,0.047,0.0094,43.79545455,6085232.871,1
5616,11,107,15.639,-0.012,0.006,-0.003,0.237,0.408,0.042,0.0094,43.75,6085208.259,1
5616,11,106,15.626,0,-0.01,-0.01,0.236,0.407,0.052,0.0094,43.81818182,6085183.658,1
5616,11,106,15.596,-0.009,0.016,0,0.235,0.406,0.038,0.0094,43.90909091,6085159.035,1
5616,11,106,15.573,-0.001,-0.007,-0.013,0.234,0.404,0.051,0.0094,43.95454545,6085134.429,1
5616,10,106,15.538,-0.013,0.004,-0.009,0.232,0.403,0.048,0.0094,43.81818182,6085109.844,1
5616,11,106,15.513,-0.001,-0.005,-0.017,0.231,0.401,0.056,0.0094,43.86363636,6085085.288,1
5616,10,106,15.48,0.007,0,-0.006,0.23,0.399,0.053,0.0094,43.88636364,6085060.704,1
5616,11,106,15.447,0,-0.003,-0.007,0.229,0.397,0.045,0.0094,43.86363636,6085036.138,1
5616,9,106,15.408,0.001,0.007,-0.01,0.227,0.395,0.056,0.0094,43.90909091,6085011.592,1
5616,11,106,15.388,-0.006,0.003,-0.005,0.226,0.393,0.044,0.0094,43.97727273,6084987.04,1
5616,11,106,15.367,-0.005,0.004,-0.013,0.225,0.392,0.055,0.0094,43.88636364,6084962.49,1
5616,11,107,15.333,-0.01,0.008,-0.004,0.224,0.39,0.041,0.0094,43.88636364,6084937.941,1
5616,11,107,15.298,0,-0.008,-0.001,0.223,0.389,0.04,0.0094,43.84090909,6084913.421,1
5616,10,107,15.261,-0.005,0.001,0.011,0.222,0.388,0.061,0.0094,43.77272727,6084888.886,1
5616,10,107,15.228,0.01,-0.015,-0.001,0.222,0.387,0.038,0.0094,43.79545455,6084864.35,1
5616,11,107,15.198,-0.003,0,0.002,0.221,0.386,0.043,0.0094,43.77272727,6084839.828,1
5616,10,107,15.161,-0.001,0.005,-0.002,0.22,0.385,0.04,0.0094,43.79545455,6084815.337,1
5616,11,107,15.129,-0.008,0.002,0.006,0.219,0.384,0.054,0.0094,43.72727273,6084790.834,1
5616,10,107,15.113,-0.003,-0.001,-0.006,0.219,0.383,0.045,0.0094,43.65909091,6084766.338,1
5616,10,107,15.09,0.003,-0.004,-0.003,0.218,0.382,0.045,0.0094,43.72727273,6084741.863,1
5616,10,107,15.057,-0.001,0.006,0.004,0.217,0.381,0.047,0.0094,43.77272727,6084717.4,1
5616,9,107,15.023,-0.004,0.004,0.01,0.217,0.38,0.059,0.0094,43.68181818,6084692.921,1
5616,10,107,15.006,0.005,0,-0.002,0.216,0.38,0.044,0.0094,43.65909091,6084668.458,1
5616,11,107,14.978,-0.007,0.006,-0.004,0.216,0.379,0.042,0.0094,43.65909091,6084644.011,1
5616,10,107,14.946,-0.008,0.007,0.005,0.215,0.378,0.048,0.0094,43.61363636,6084619.562,1
5616,12.3054737,97,11.27107624,-0.003327303,-0.001139364,0.008563043,189.6077771,0.311407155,0.062455705,0.010304615,738074.0621,6899944.019,2
5616,10.5114297,97,11.31542649,0.002692265,-0.002031732,-0.006930125,156.7964441,0.308011501,0.059208384,0.010303755,-1233.909087,7014630.655,2
5616,10.91476714,97,11.32553418,-0.026737165,0.015062475,0.000378265,114.875269,0.303874638,0.044418675,0.010287589,-19980.57673,6910113.743,2
5616,10.98916761,97,11.28402391,0.005181272,-0.004079938,-0.017822131,76.00330108,0.295253131,0.071009843,0.010307681,599815.0138,6938924.035,2
5616,11.00413655,97,11.29103736,-0.001379236,0.006273931,-0.002390549,117.1984613,0.306948265,0.046295668,0.010280254,24153.10565,6929939.805,2
5616,12.04693236,97,11.26523981,-0.003725369,-0.001822393,0.010232473,178.1084218,0.310653221,0.064516369,0.010291331,601973.6517,6908930.846,2
5616,12.15872581,97,11.28870154,-0.002124017,0.00920162,0.001139614,122.2686289,0.303822697,0.043954522,0.010273509,60940.82513,6901958.546,2
5616,6.990793402,97,11.28972713,-0.007944374,-0.000449551,-0.004569423,134.8818326,0.305757141,0.057278137,0.010320655,-59281.40071,6936329.411,2
5616,8.904297941,97,11.31521998,0.006818354,0.000772712,-0.016583148,81.85364877,0.299455481,0.072372513,0.010296932,-19975.90283,6886006.376,2
5616,8.894019124,97,11.30877355,0.010776037,0.001528601,-0.015803633,96.87552453,0.301730901,0.071311596,0.010328715,130121.1971,6867753.028,2
5616,7.840994419,97,11.29200596,0.003238038,-0.002320711,0.011693745,132.6204222,0.30914004,0.054412002,0.010310641,14430.3317,6988146.343,2
5616,9.204776039,97,11.3145181,0.003801387,-0.003489047,0.003358594,180.2012507,0.313054353,0.043549354,0.010305938,-11009.25266,6993147.378,2
5616,8.831890466,97,11.23186693,-0.004814814,0.003898651,0.007793486,196.2612762,0.31309202,0.063424087,0.010292231,1076793.444,6908759.84,2
5616,8.220176375,97,11.29751443,0.002462354,-0.000884958,0.007982378,133.2567623,0.307323485,0.055052303,0.010286134,32453.43779,7008516.424,2
5616,11.00494012,97,11.2507256,0.002501938,0.006796766,0.004233039,59.77419879,0.292761545,0.043445365,0.01010693,66090.40799,6846262.036,2
5616,8.864463971,97,11.28748371,0.00190695,0.000919462,-0.0057478,139.2561252,0.306479688,0.061846959,0.010299052,56069.55089,6922602.395,2
5616,10.16079748,97,11.22768281,0.01234734,0.002331393,-0.01004216,43.64003664,0.292150469,0.058557806,0.010082252,-16536.33675,6851609.583,2
5616,7.810848332,97,11.29198437,0.004657946,-0.002192981,0.007544243,140.7992523,0.305670318,0.054993306,0.010279899,23184.98894,6972883.304,2
5616,11.16593982,97,11.31678273,-0.002607655,-0.001961898,-0.011749481,160.45681,0.308981343,0.061717874,0.010287295,107130.7444,7002661.722,2
5616,10.05531278,97,11.29335178,-0.000194588,0.000795469,0.005767648,190.2925362,0.309373626,0.05799608,0.010324131,645828.8891,6913163.808,2
5616,9.844944393,97,11.23796575,0.010534295,0.003664743,-0.007968261,61.73834299,0.292956769,0.056491286,0.01012933,-50191.44897,6839648.171,2
5616,11.13745497,97,11.29858055,-0.006335031,0.007130774,0.001400078,125.6029272,0.30867667,0.043293594,0.010302716,-163056.4447,6930614.738,2
5616,11.14212358,97,11.33283369,-0.005296073,-0.000725638,-0.000535,174.4757605,0.309355626,0.048673781,0.010301974,19054.18217,7012120.798,2
5616,9.300976814,97,11.34122806,0.007500302,-0.00310911,-0.013432808,97.83889551,0.300246409,0.069870412,0.010295543,51199.75324,6892031.641,2
5616,9.251216349,97,11.29686897,-0.000668394,0.00048608,-0.007449986,124.3783831,0.308147004,0.059528396,0.010287616,-69733.86304,6906483.484,2
5616,8.127740462,97,11.28889785,0.009360701,0.007787028,0.002267061,142.8481015,0.308354598,0.047154849,0.010318224,-520.2178321,6997128.572,2
5616,8.706805198,97,11.30523121,-0.017500635,-0.002908489,-0.00640376,145.4067253,0.308370023,0.051290025,0.010324828,-16849.90634,6996195.341,2
5616,9.636678555,97,11.30476322,0.005872445,0.00371938,-0.001868842,150.2178817,0.308541523,0.051395669,0.010288161,6723.590291,7034738.515,2
5616,10.63503345,97,11.32118676,0.005079754,0.003791568,0.01397522,103.514345,0.30370665,0.060135924,0.010298902,-34850.86527,6884568.433,2
5616,11.24682623,97,11.33815659,-0.027832174,0.015535528,0.004606492,106.8905599,0.301785487,0.045592365,0.010294038,82713.91646,6895136.116,2
5616,11.11214188,97,11.25831384,0.004631299,0.005067431,0.003125329,58.38856081,0.294070335,0.049767538,0.010094431,9521.544267,6831603.475,2
5616,8.694700955,97,11.31628022,-0.001267496,0.005383397,-0.007095765,188.7058965,0.308796832,0.051402736,0.010315715,520935.1259,6927196.841,2
5616,9.967679424,97,11.27808061,0.005586389,0.001541264,-0.014194926,72.49761012,0.295228528,0.065901221,0.010282614,692069.6178,6939114.543,2
5616,10.97952277,97,11.30003096,-0.007505404,0.00869465,-0.000767928,110.7473048,0.304224176,0.039015062,0.010306182,-80942.16779,6920523.34,2
5616,10.339476,97,11.29444734,-0.000761665,0.003032146,0.006999103,80.43783873,0.299217798,0.062023625,0.01030965,82328.01185,6959140.23,2
5616,11.81452578,97,11.27655038,-0.004329946,0.000187602,0.008994701,193.2318754,0.310552384,0.062320158,0.010298116,640696.9328,6917612.66,2
5616,8.931889384,97,11.31610135,-0.002212514,0.007042194,0.012843648,116.0886743,0.303441558,0.065823875,0.010311835,89072.94367,6910319.868,2
5616,10.39257808,97,11.25491129,0.001440275,-0.000297887,0.011091933,56.0704661,0.294732873,0.057489704,0.010101957,-10094.75808,6857146.583,2
5616,8.451070872,97,11.28655975,0.008233957,0.00790052,0.002750656,129.4189521,0.309174987,0.047100737,0.010316129,-31738.62172,7007878.923,2
5616,10.72165817,97,11.35069564,0.004782138,0.005015338,-0.010167526,104.5189614,0.301445785,0.067940531,0.010279828,5425.30282,6887063.59,2
5616,10.08500296,97,11.275177,-0.001258625,0.003606985,0.008337115,77.69770173,0.298911647,0.063180967,0.010295378,-5366.839689,6939316.852,2
5616,7.973632062,97,11.28984538,-0.011856726,-0.003275754,-0.005164575,145.4485923,0.305109131,0.051616576,0.010299048,-41771.94926,7014489.328,2
5616,9.97451791,97,11.25029024,0.012888459,0.001353907,-0.009574469,51.37613945,0.291329309,0.056596297,0.010064588,-35422.90439,6851407.432,2
5616,12.21057931,97,11.28366531,0.000868104,0.006177245,-0.000467179,121.3545358,0.307635032,0.048818491,0.010285609,-23427.36966,6913849.782,2
5616,9.434559594,97,11.2962874,0.007182257,0.003188324,-0.000920323,147.3732642,0.308717035,0.051169209,0.010289218,-74908.47133,6995963.4,2
5616,10.06539307,97,11.28692648,0.002857801,0.00099378,-0.011822034,63.95696935,0.291644107,0.066611547,0.010312565,676727.1244,6951990.085,2
5616,11.17033257,97,11.29777473,0.003541755,-0.005487051,-0.018614872,80.66138091,0.295115862,0.072746379,0.010290633,629927.621,6930352.937,2
5616,10.08551797,97,11.33380725,-0.001067378,-0.004803827,-0.016340313,172.2420909,0.309831802,0.065712252,0.010289159,-19712.17731,6982645.37,2
5616,11.26457726,97,11.34170304,0.002857326,0.006010591,-0.00880197,100.3800701,0.301790041,0.068961248,0.010310833,-71087.39695,6894907.888,2
5616,10.87963306,97,11.31615114,-0.000401871,-0.002617028,-0.009698282,113.8459001,0.303530961,0.060995121,0.01027856,-74291.66831,6888833.323,2
5616,9.27962172,97,11.32283167,0.001417845,-0.005117875,0.004284159,176.1386092,0.311226367,0.042534883,0.010272552,124059.0396,6989481.055,2
5616,9.288750799,97,11.25026316,-0.004232981,0.003901805,0.009722828,185.5943368,0.310912118,0.063746668,0.010295208,1096931.622,6922601.874,2
5616,11.28147993,97,11.26054984,0.000816762,6.73E-05,0.008249134,83.20287703,0.295720211,0.056870473,0.010080815,39153.58311,6871276.52,2
5616,9.828349169,97,11.25307757,0.009629356,0.002781446,-0.008853987,49.16307894,0.293537098,0.05888464,0.010081319,10461.15588,6846009.81,2
5616,9.956229057,97,11.25916655,-0.001113715,0.004804603,-0.007326076,74.50627412,0.294579002,0.05166724,0.010307599,-177738.2957,6938954.423,2
5616,11.06226591,97,11.25887214,0.003377429,-0.000201944,0.010053079,78.83067852,0.295474045,0.060524524,0.010111608,114868.5019,6834908.946,2
5616,10.64355535,97,11.30957644,0.005198933,-0.00240799,-0.006964395,162.2571576,0.308508167,0.059206683,0.010310454,43865.90303,7010246.802,2
5616,9.414709176,97,11.29695042,-0.005059552,0.004983768,0.013315551,111.2095836,0.303403594,0.064661366,0.010314693,-49134.77882,6892797.857,2
5616,7.996807871,97,11.2920055,-0.007861401,-0.000141942,-0.00735941,143.3069732,0.309526943,0.058047625,0.010316447,-1774.309711,7000576.591,2
5616,11.07382658,97,11.33171116,-0.00146647,-0.001910882,-0.003665699,166.4301965,0.311171854,0.04899406,0.010271792,-73574.80271,6902762.535,2
5616,7.84996802,97,11.29640564,-0.00641845,-0.000458778,-0.012531469,91.82785988,0.299176294,0.063249503,0.010305969,117031.8546,6870849.438,2
5616,8.654986941,97,11.33510027,-5.34E-05,-0.004962993,0.004514997,186.4988251,0.310198772,0.0423758,0.010292982,-58102.49618,6984921.028,2
5616,10.8429409,97,11.3450174,0.002728798,0.005548877,-0.007004657,94.28499051,0.301219614,0.066141103,0.010290095,-33466.38924,6882788.39,2
5616,8.056997201,97,11.33347182,0.001912952,-0.002474965,-0.003590588,153.2962751,0.311071192,0.045658848,0.010307426,-46693.48532,7033939.818,2
5616,11.17510413,97,11.33642938,-0.030076553,0.015202045,0.003939394,90.78698837,0.304245692,0.046799396,0.01027707,5191.895209,6911944.977,2
5616,11.04206884,97,11.30090143,0.004846529,-0.004367921,-0.016555341,85.26862411,0.296991618,0.072253233,0.010276795,721061.4158,6950016.422,2
5616,11.09015475,97,11.35758144,0.004977741,0.005645744,-0.008357543,99.98852765,0.303003179,0.064392101,0.010308396,114671.5927,6888804.003,2
5616,6.91236682,97,11.29545018,-0.007377843,0.000752845,-0.006978539,134.5915916,0.307719881,0.056444892,0.010306464,-25517.11978,6901412.198,2
5616,9.129033937,97,11.23355123,-0.004444509,0.002642092,0.006856763,189.0169769,0.31116639,0.064308836,0.010301812,1161345.829,6926448.054,2
5616,11.38556436,97,11.28843471,-0.006337928,0.006533236,-0.001961022,112.0107276,0.305778126,0.044637845,0.01028834,5289.652813,6917445.143,2
5616,11.18325848,97,11.32683158,0.003837467,0.002450944,0.009327334,115.0568837,0.305531185,0.058027228,0.010309857,-62839.86843,6888807.569,2
5616,9.210496079,97,11.30696562,-0.004306744,0.00750841,0.009532194,114.286712,0.304527204,0.06463399,0.010309015,155233.6942,6901211.747,2
5616,8.07644978,97,11.28953729,0.002613122,-0.000948256,0.006656431,144.5613156,0.308468062,0.058329334,0.01030113,87342.36548,7014387.323,2
5616,7.609151481,97,11.29598966,-0.010606486,-0.000429755,-0.005931825,140.4424707,0.30698284,0.053272236,0.010284398,12157.78802,6991624.536,2
5616,7.728367103,97,11.28204538,0.010302451,0.009296535,0.004247888,138.0322407,0.307165918,0.04483584,0.010294365,101379.1243,7006759.851,2
5616,8.118276242,97,11.21186696,0.000263316,0.004255214,0.003390899,206.5698365,0.31070124,0.048928479,0.010311103,1214734.77,6925904.128,2
5616,10.99715564,97,11.31460598,0.002367245,-0.003649063,-0.005810663,161.7399959,0.307982934,0.062111066,0.010317588,5287.027632,7011923.538,2
5616,11.1143674,97,11.34805086,-0.029183117,0.016012184,0.001251755,109.823962,0.304009365,0.046935415,0.010295673,20924.22053,6904135.552,2
5616,11.43590154,97,11.22862593,0.00518435,-0.006745437,0.002874727,47.50267785,0.291294597,0.039263554,0.010096691,96910.6245,6863588.513,2
5616,8.188782981,97,11.28547369,0.007976422,0.008669036,0.003090877,145.6815797,0.308125536,0.044794444,0.010297857,-60568.52717,6997787.553,2
5616,10.32733403,97,11.28368854,0.002951213,0.000782042,-0.013373875,82.62002911,0.294167637,0.066258825,0.010303643,740514.2376,6931548.844,2
5616,10.02461894,97,11.2785894,0.002674166,0.003932511,0.006280623,79.21464516,0.29570915,0.060194712,0.0102923,-14378.64501,6949135.236,2
5616,7.79010878,97,11.28169807,0.004503234,-0.001965211,0.009694119,131.7964133,0.307442059,0.057767419,0.010261647,97714.91267,7008327.582,2
5616,10.98495371,97,11.21714204,0.005095013,-0.004865762,0.004911117,62.21930926,0.293323486,0.039819508,0.010115806,-292.2347483,6842927.494,2
5616,10.79074943,97,11.28918608,0.003140744,-0.007347001,-0.018451598,70.52494056,0.296542385,0.070705178,0.010323783,654905.1496,6934533.154,2
5616,8.405185924,97,11.28225845,0.003250057,-0.001985759,0.011277564,142.065716,0.30774153,0.05889817,0.010291885,-2154.949626,6971513.708,2
5616,9.205516508,97,11.31884951,0.010003669,-0.000166472,-0.015798206,87.13208763,0.300856334,0.071241385,0.010285865,-34027.56307,6872537.91,2
5616,11.13534301,97,11.31591208,-0.000851872,-0.002288506,-0.006571462,93.61191414,0.303861704,0.060748457,0.010298183,-17257.16295,6890642.841,2
5616,11.32136842,97,11.28478515,0.003025071,-0.005539413,-0.020020879,86.54518407,0.296017272,0.069034841,0.010297515,721624.8245,6946155.276,2
5616,9.474747434,97,11.34361988,-0.001819801,-0.007095986,-0.017212561,152.882256,0.311318368,0.059832816,0.010313192,-148204.4401,6968192.359,2
5616,10.1529269,97,11.32806766,-0.001022898,-0.00579116,-0.013743821,159.83402,0.312172751,0.061528934,0.010300724,-79326.37316,6967733.125,2
5616,10.65920751,97,11.33499739,-0.004395712,-0.002553941,-0.000596185,174.8989516,0.309145147,0.048173971,0.010289496,-46431.61957,7030869.59,2
5616,9.998113382,97,11.251932,-0.0141766,0.011156999,0.018806565,69.89062561,0.29338412,0.062990726,0.010082529,548807.264,6778787.358,2
5616,11.91895018,97,11.26361551,-0.003583582,-0.000808928,0.009968732,186.932477,0.310153776,0.057973801,0.010311471,673939.3849,6934116.385,2
5616,8.172063934,97,11.22402628,0.000854696,0.005334696,0.00330641,201.4891509,0.310579735,0.051738029,0.010307945,1217654.038,6938585.59,2
5616,9.059332976,97,11.30913902,0.006083227,0.00414779,-0.002614653,128.6656251,0.310804334,0.051293194,0.010314054,37968.96567,7031400.695,2
5616,10.3497557,97,11.28712399,0.005002419,0.000906577,-0.012945164,79.0070282,0.294724557,0.069338276,0.01028717,592437.9899,6942426.674,2
5616,9.843495446,97,11.27658746,0.001341971,0.004732842,0.01240295,82.39973181,0.296569054,0.059477064,0.010324363,85566.76601,6941486.426,2
5616,11.18438305,97,11.29064397,0.003885587,-0.004335494,-0.019208762,75.99490841,0.295240372,0.072866109,0.010276893,531540.9147,6957074.266,2
5616,9.04218108,97,11.32625567,0.006336499,-0.003250059,-0.012060956,91.5942564,0.300471589,0.069146447,0.010309403,137259.9872,6877401.579,2
5616,10.57479385,97,11.33071434,-0.003154282,0.000431294,-0.002573706,178.3427867,0.309853173,0.05140556,0.010274695,-43815.12053,6886996.1,2
5616,10.76114249,97,11.32455015,-0.004614643,-0.003380103,-0.000743432,169.9013258,0.30908237,0.048598125,0.010289527,-16743.49861,7023914.442,2
5616,6.961028899,97,11.29272004,-0.00453336,0.000891402,-0.003747315,115.8219992,0.308701514,0.055813432,0.010320686,-27461.2187,6932502.293,2
5616,8.289216905,97,11.27573303,0.003381951,-0.003474135,0.008313431,156.1435905,0.307224016,0.058894616,0.010311017,-68701.26804,6988601.082,2
5616,9.120576695,97,11.3223279,-0.003076109,0.00758422,-0.003011039,195.9499468,0.312207753,0.045880662,0.010292762,700569.991,6906594.63,2
5616,9.696427882,97,11.31717131,0.00232452,-0.003190783,-0.010051624,166.1160382,0.312588114,0.064416405,0.010293124,50580.03616,6952250.634,2
5616,8.963515148,97,11.22797123,-0.000344871,0.002793049,0.010117809,193.3100134,0.310072094,0.060754864,0.010301333,1214978.287,6925261.548,2
5616,9.524667533,97,11.30131767,0.002682473,-0.0002491,-0.004604794,126.7892817,0.305874105,0.062207566,0.010306813,-78346.50577,6904829.594,2
5616,9.028920154,97,11.29644748,-0.015337643,-0.002406837,-0.008049558,157.35324,0.307650664,0.054359962,0.010316586,11633.89718,6997747.503,2
5616,9.91488921,97,11.32458242,-0.004248981,-0.005320074,-0.013965765,158.2604156,0.309622773,0.06186088,0.010293954,33420.32457,6985344.639,2
5616,11.12786153,97,11.230256,0.004850488,-0.003233184,0.002685945,45.67151404,0.29315312,0.03984292,0.010078641,17387.47002,6858283.102,2
5616,10.19849652,97,11.33312841,-0.001685952,-0.004813247,-0.012583379,161.842046,0.310739829,0.065513501,0.01030208,-74291.67364,6975449.927,2
5616,8.881387671,97,11.3256655,-0.002344437,0.006688892,-0.002858587,182.5994758,0.311456171,0.047054005,0.010293938,646143.0798,6911654.798,2
5616,11.13067887,97,11.34092001,0.003284877,0.004475006,-0.010194921,94.66167728,0.303767279,0.066283797,0.010282764,7829.397855,6886611.404,2
5616,10.91448256,97,11.27240811,-0.000722024,0.005093457,0.004726143,58.3710347,0.294034203,0.045327892,0.010103945,-61133.24167,6842802.196,2
5616,11.18703867,97,11.2180728,0.006563442,-0.005609988,0.005719788,44.72032874,0.293618939,0.039264029,0.010097176,-118806.2837,6840174.169,2
5616,10.0441234,97,11.26033305,-0.011206481,0.009659252,0.021505354,58.40721029,0.291512745,0.061850977,0.010104062,656750.4683,6771233.231,2
5616,8.125320677,97,11.29260134,-0.008661865,-0.002473837,-0.007917281,149.4774871,0.308560917,0.054071631,0.010288147,157021.0731,7007940.006,2
5616,10.80259803,97,11.33125153,0.002849382,0.004360453,-0.011087577,102.9921405,0.304179303,0.063969165,0.01030645,-64995.22026,6893417.877,2
5616,11.78645013,97,11.27413681,-0.004270092,0.001039438,0.005555924,197.6152,0.307191376,0.061886512,0.010282546,588127.832,6904924.06,2
5616,9.245847038,97,11.30204484,-0.020911712,-0.00400094,-0.005312778,146.0705893,0.308872141,0.053696227,0.010289031,71182.23701,7027106.23,2
5616,9.979355451,97,11.27417013,-0.000428491,0.004142482,0.00584598,75.01904719,0.297798395,0.060279531,0.010296781,-81292.71403,6948957.368,2
5616,11.07411438,97,11.33000884,-0.028684735,0.015575751,0.003203136,101.5901351,0.301924921,0.042873224,0.010323082,-30703.69872,6904690.939,2
5616,10.92033144,97,11.33583955,-0.030892938,0.015612274,7.82E-05,107.1608375,0.304013511,0.044739724,0.0103104,-55059.75088,6890847.897,2
5616,8.233685822,97,11.29527212,-0.007871423,-0.002056948,-0.005536078,124.352085,0.310162956,0.052771618,0.010314275,63122.06733,7004960.764,2
5616,9.841958002,97,11.32294942,0.000625474,-0.00723389,-0.015969391,98.69801411,0.301980747,0.065699461,0.010318779,84956.86142,6896485.281,2
5616,10.96474113,97,11.33784157,-0.00578545,0.000438767,-0.002629345,169.1875426,0.309530404,0.053239223,0.010347744,612663.7406,7029055.475,2
5616,12.20437288,97,11.26778751,-0.004989588,-0.000741022,0.009029031,193.219413,0.309806413,0.060779062,0.010300551,523286.6805,6934687.555,2
5616,11.30499361,97,11.32234835,-0.005580773,-0.00025163,-0.002449051,165.0684498,0.310182969,0.051926149,0.010318823,574110.1971,7024869.51,2
5616,10.86381276,97,11.26511361,-0.00088902,-0.000517673,0.013596728,38.34894851,0.29510465,0.057263734,0.010113419,-40347.61706,6849676.885,2
5616,11.5095546,97,11.31884657,-0.000987477,-0.00145468,-0.012744684,154.9580095,0.308510338,0.060364553,0.010313199,-62561.77188,7027279.172,2
5616,9.081448717,97,11.32790078,-0.000942623,0.005885901,-0.007059852,201.2387364,0.310632635,0.044006333,0.010323512,570709.0169,6893572.268,2
5616,6.728819086,97,11.29484514,-0.004015975,-0.000648277,-0.007870948,132.7759155,0.310570123,0.056153194,0.010294443,36866.75539,6937214.843,2
5616,12.09596046,97,11.27099016,-0.004488749,-0.000967717,0.003290451,189.9000644,0.312364607,0.058680998,0.010293392,608615.1478,6900612.241,2
5616,10.90041302,97,11.3350078,-0.029765643,0.015348583,7.37E-05,102.8098987,0.304455032,0.043321142,0.010304237,-484.6470168,6904065.725,2
5616,11.11286595,97,11.31513593,0.003822948,-0.000269939,-0.00687766,158.3475608,0.307152587,0.05690617,0.010297579,3697.838592,7008508.674,2
5616,8.988856572,97,11.31831351,0.001645555,-0.005522196,0.001005168,187.3303635,0.310105333,0.043164357,0.010304221,-5181.410725,6980374.801,2
5616,10.01931255,97,11.33346129,-0.000262993,-0.006247299,-0.016320206,93.10055911,0.30109448,0.068735811,0.010320709,-83057.63363,6899772.001,2
5616,10.76296862,97,11.33496225,-0.009491342,0.0002973,-0.004124157,170.2278147,0.308733457,0.053193103,0.010293664,612734.1199,7029062.974,2
5616,10.25743449,97,11.27606134,0.004506424,0.002259317,-0.013540502,87.71936039,0.296024669,0.071111505,0.010295962,595908.7078,6920320.686,2
5616,8.699385194,97,11.29621807,0.001777411,0.00055992,-0.007994145,137.9509551,0.308784192,0.062868351,0.01030231,-86269.16011,6912111.956,2
5616,8.711700326,97,11.31207712,0.006172886,0.002020062,-0.001094627,172.437113,0.30832501,0.049399389,0.010296974,23790.62532,7003850.76,2
5616,10.09552058,97,11.2382602,0.012115056,0.001325721,-0.009597142,48.00405428,0.295256842,0.055942325,0.010074636,-39145.26861,6825904.708,2
5616,10.41676958,97,11.26509767,-0.001065565,0.005302452,-0.008481346,83.96521575,0.293994621,0.055652654,0.010292312,14632.65273,6943925.254,2
5616,8.90831918,97,11.3011044,0.0050745,0.002486506,0.001386899,144.305961,0.312275847,0.052826505,0.010309109,54343.29574,7013697.49,2
5616,9.182265955,97,11.30779829,0.004180848,0.002047432,-0.001480846,154.5867186,0.309183043,0.052013095,0.01031905,-60830.14766,6999074.427,2
5616,12.27908858,97,11.29227264,0.000352163,0.005768299,0.003148026,127.99015,0.306728944,0.049128666,0.010284699,5944.139778,6932279.894,2
5616,11.21183324,97,11.32485185,0.001492846,-0.000843581,-0.010455147,154.3207727,0.310771023,0.063470169,0.010284637,-115934.3008,7011600.076,2
5616,8.919080006,97,11.30723771,0.009054967,0.003465035,-0.017029764,88.44734082,0.301616339,0.068452394,0.010300401,98218.09995,6884612.975,2
5616,8.716307384,97,11.30202581,0.007275299,0.002602894,-0.002975116,159.5903045,0.309646129,0.051269942,0.010272495,-87019.98981,7002716.588,2
5616,7.425996217,97,11.28714609,0.006734847,0.009573564,0.003906581,133.778363,0.307821443,0.047122443,0.010294103,-32936.92306,6977568.69,2
5616,11.93165654,97,11.27263849,-0.003361095,-0.001099372,0.009050137,207.6600648,0.311650431,0.060445833,0.010276994,662946.5672,6899864.095,2
5616,11.30632482,97,11.32811279,-0.002296358,-0.003252889,-0.002871356,157.7206859,0.308967442,0.048074301,0.010318143,-14981.03841,7025710.838,2
5616,10.70769575,97,11.23048798,0.005283925,-0.004285986,0.004614207,67.58272609,0.293192465,0.042604509,0.010089805,-76663.69111,6854972.302,2
5616,9.182067697,97,11.28896608,-0.016157926,-0.004063709,-0.004851896,156.656708,0.306596611,0.050784831,0.010321903,45722.92707,7012758.775,2
5616,9.752942516,97,11.34409508,0.000491434,-0.006978985,-0.017375896,94.35083427,0.298747,0.071560235,0.010314756,44278.87508,6890766.162,2
5616,8.02758086,97,11.2077806,0.003831857,0.004668146,0.000798262,196.5431095,0.311063795,0.046007863,0.010291435,1096523.786,6899748.617,2
5616,11.1840391,97,11.26725096,0.004083446,0.006867801,0.003266817,53.09945602,0.294596913,0.045102486,0.010085795,-33584.68626,6866785.941,2
5616,11.82851881,97,11.26096556,-0.001181982,-0.002028202,0.007269922,191.4409043,0.312171239,0.059340309,0.010297435,549316.1991,6918507.884,2
5616,10.04432922,97,11.27248556,-0.001853006,0.005379807,-0.009219532,68.46927472,0.293896372,0.048921066,0.010298613,-13219.57448,6929287.283,2
5616,10.89206846,97,11.28946967,0.005544458,-0.005816029,-0.01762603,87.68294799,0.298210123,0.070576358,0.010304587,512012.5409,6951412.217,2
5616,9.183351881,97,11.29761838,-0.017456239,-0.003496639,-0.007125354,165.3479496,0.307280078,0.051542001,0.010289709,-11579.28934,7023335.666,2
5616,10.06118688,97,11.28220442,0.000160607,0.000467687,0.00521834,81.94738731,0.295573742,0.06145866,0.010309891,114321.2546,6955386.835,2
5616,9.014693055,97,11.32410512,0.000386519,0.009032886,-0.003639005,177.5632031,0.308239415,0.045832336,0.010303516,519849.0977,6905517.956,2
5616,11.40520023,97,11.32812459,-0.005522037,-0.001465025,-0.002850916,165.2577645,0.308505671,0.04517053,0.010295489,-37336.38518,7019195.56,2
5616,8.172212023,97,11.27970026,0.004296661,-0.002745629,0.004051711,134.7649672,0.309033115,0.059540076,0.010290564,-75780.64511,7009157.334,2
5616,10.82049556,97,11.34022013,-0.029360686,0.013907175,0.001957567,93.40256612,0.302196909,0.044508785,0.01029755,39258.31937,6880543.939,2
5616,10.97767377,97,11.31990831,-0.005241,-0.00048162,-0.006318205,155.8174555,0.310583161,0.051081156,0.010289175,679553.5554,7050121.765,2
5616,10.98026489,97,11.32720458,-0.006657966,0.00069659,-0.001997977,185.2522539,0.312082719,0.053472592,0.010300774,678087.8747,7027590.583,2
5616,8.020884596,97,11.30475371,0.007045116,-0.003838533,0.007959322,139.1289199,0.306608263,0.057351431,0.010301132,-79905.70867,6985093.556,2
5616,8.656419774,97,11.20971134,-0.000890086,0.004862423,4.88E-05,192.6754713,0.311605352,0.048445336,0.010303468,1169103.289,6908883.84,2
5616,9.09642845,97,11.33345666,0.008129393,-0.000279473,-0.012097107,98.74401404,0.300681844,0.069255317,0.010323406,91890.02645,6870397.328,2
5616,11.47062714,97,11.26719339,-0.001226487,-0.002101852,0.005825999,182.073804,0.309911077,0.060014564,0.010298245,609858.2905,6917529.784,2
5616,9.858862084,97,11.24230699,0.013774542,0.00307811,-0.009385549,44.05755863,0.294713217,0.05930625,0.010113313,30689.97468,6848076.16,2
5616,10.497547,97,11.259251,0.00068182,0.00814095,0.002905682,50.43983026,0.292636021,0.044286438,0.010103042,-30171.27328,6837366.576,2
5616,8.914246266,97,11.32733423,-0.003268148,0.00761426,-0.006849518,200.0264593,0.310514513,0.045959058,0.010296843,591346.0832,6904234.012,2
5616,10.48326206,97,11.31769906,0.003177644,-0.00287764,-0.009590426,107.885925,0.30667141,0.061115256,0.010298421,79242.33016,6887958.905,2
5616,9.773370126,97,11.25192072,0.008260269,0.003492297,-0.004931894,31.96676816,0.293661354,0.060069542,0.01009922,21067.99386,6855069.331,2
5616,9.604583872,97,11.2351714,0.008655209,0.00261048,-0.006969892,64.77719192,0.294170589,0.060725863,0.010103707,-79922.84469,6847510.304,2
5616,9.099888854,97,11.3065216,0.006287265,0.004262848,-0.001469654,148.6572269,0.31071408,0.052814862,0.010287287,-29171.48008,7007962.61,2
5616,7.000140244,97,11.29359343,-0.005719765,-0.000388028,-0.006006181,116.0434519,0.306177083,0.054442937,0.010280582,77510.33768,6911242.211,2
5616,9.078775884,97,11.31271117,0.000324015,0.005096269,-0.004100784,182.3156644,0.312581154,0.044351045,0.010308671,598048.9907,6904894.95,2
5616,10.97281468,97,11.32914284,-0.006270415,-0.000380228,-0.003269811,171.0911122,0.309365052,0.055415217,0.010311902,610102.9614,7022393.17,2
5616,10.63745643,97,11.33504927,-0.004887787,-0.002939373,-0.00334381,173.7912981,0.309310995,0.051356154,0.010309881,-35447.9965,7034705.869,2
5616,11.13352519,97,11.21919274,0.006454505,-0.005273235,0.003650856,66.31338631,0.292655892,0.038844908,0.010102054,76185.22235,6846387.43,2
5616,12.49981445,97,11.30985738,-0.001314576,0.007748249,0.001099291,109.9970573,0.305213023,0.044583476,0.010310167,106538.3376,6920765.006,2
5616,10.10640295,97,11.23355191,0.011644035,0.004163533,-0.00833593,54.32477061,0.294040113,0.057429004,0.010109454,80963.58833,6842462.501,2
5616,7.889251613,97,11.30066209,-0.011259789,-0.001324386,-0.006714355,137.6245148,0.308338049,0.056580616,0.010310437,92456.47257,6983136.017,2
5616,10.62867574,97,11.33656396,-0.008853648,0.000255814,-0.005011872,152.5537161,0.30937855,0.052114975,0.01028861,579496.7316,7038896.848,2
5616,9.763885551,97,11.26490995,-0.002339354,0.004997138,-0.006692468,76.86128013,0.294853319,0.054401198,0.010285463,-31998.69202,6919700.607,2
5616,11.11779881,97,11.3253792,-0.003926969,-0.001028889,-0.004134163,170.5723812,0.309651866,0.0543513,0.010294851,592460.1473,7014267.192,2
5616,11.27903082,97,11.25400906,0.002273046,-0.001119442,0.008319103,63.95379215,0.293584957,0.060089885,0.01009977,2513.667619,6855094.022,2
5616,9.0678301,97,11.30763504,0.007529246,0.002109957,-0.018413645,91.49162154,0.30006159,0.070202757,0.010296794,91715.07414,6885219.885,2
5616,11.2079857,97,11.307399,0.002632081,-0.00222785,-0.007657202,103.9991683,0.304586325,0.060696225,0.010275131,74730.43441,6897786.056,2
5616,10.18400962,97,11.28848102,-0.001649521,0.000894732,0.007250535,179.8750378,0.311493198,0.05433386,0.010322815,611722.0824,6905826.299,2
5616,8.131708445,97,11.27536914,0.003671081,-0.002519716,0.007486224,136.7482538,0.307540452,0.058450773,0.010296368,-91640.12459,6992957.375,2
5616,9.828784512,97,11.25774343,-0.011798928,0.010451355,0.019629867,75.58824408,0.295071684,0.063545405,0.010102289,509750.8527,6805632.344,2
5616,11.04522338,97,11.33301782,-0.000644236,-0.001080974,-0.0029534,188.3592402,0.310718648,0.054120358,0.010316492,15447.06537,6897192.247,2
5616,9.779405855,97,11.27010605,-0.000852926,0.006638033,-0.00898486,76.05179821,0.293171377,0.051828601,0.010268925,56432.9319,6919325.76,2
5616,9.004531855,97,11.29982533,0.001726041,0.001197838,-0.005683164,129.1721262,0.3051428,0.06224468,0.010293219,-5054.380325,6911395.749,2
5616,9.086030725,97,11.3120847,0.005957516,0.002932351,-0.013510001,90.08095276,0.301243823,0.070190667,0.01029487,122713.1259,6878726.108,2
5616,11.43651529,97,11.33448926,0.004264886,0.004736288,0.011810522,106.5121684,0.304015675,0.060930603,0.010295543,-69299.2348,6903085.786,2
5616,10.65944511,97,11.3300322,-0.005938865,-0.003253652,-0.003428344,160.9431115,0.310266775,0.048346987,0.010297701,-77365.32324,7036657.607,2
5616,10.12520102,97,11.28169298,0.000241732,0.004644229,0.012894097,80.37745159,0.299323049,0.061199159,0.010319177,-42512.13328,6943290.049,2
5616,10.3851493,97,11.26985324,0.001005692,0.005365675,-0.007860329,56.91185736,0.293396032,0.051299983,0.010308925,-44947.18467,6920805.992,2
5616,11.19731466,97,11.31641681,0.003589818,0.004589261,0.009973941,105.2931918,0.302261242,0.059394406,0.010312696,33757.12878,6895316.572,2
5616,11.21658144,97,11.33211688,0.0012901,-0.001521333,-0.00448988,169.8600657,0.30908828,0.060108199,0.010300624,-26972.28354,7024734.837,2
5616,11.1528117,97,11.25518558,0.002814648,0.006439948,0.001166188,65.04821978,0.293389603,0.045354887,0.010081456,-99113.39107,6838421.14,2
5616,12.33759133,97,11.29092243,0.000785653,0.009624424,0.002955969,113.1149652,0.305667469,0.048347262,0.01027244,57158.02115,6909723.225,2
5616,8.717235274,97,11.32916526,0.001867747,-0.005074029,0.000452359,180.7602398,0.312864431,0.04585073,0.010279733,-112701.1618,6981793.861,2
5616,11.63963307,97,11.29994397,-0.002216005,0.008909836,0.004541999,110.1623016,0.302854741,0.043301527,0.010304768,-68580.29171,6921741.986,2
5616,7.998353005,97,11.29324737,-0.008504426,-0.002457659,-0.006642621,143.3483267,0.309416988,0.054596589,0.010300421,-103909.0401,7002711.642,2
5616,10.43805731,97,11.25584538,0.004697502,0.006768264,0.004294954,67.00913822,0.294000892,0.04349497,0.010097215,13310.89523,6847048.348,2
5616,12.319991,97,11.28422835,-0.002223437,0.008912734,0.005380548,123.5261412,0.306577862,0.043727903,0.010295116,11961.19382,6895945.545,2
5616,12.31740885,97,11.28638494,0.003044505,0.007354112,-0.002013305,143.7285203,0.301779738,0.04991177,0.010326659,122812.4084,6921361.719,2
5616,10.88732073,97,11.33436004,-0.006573969,0.001622002,-0.002732208,177.1241626,0.311624253,0.052315277,0.010289095,661016.2312,7042743.738,2
5616,9.903592689,97,11.27988373,0.004049564,0.000140752,-0.015504445,74.4879012,0.292701454,0.070584057,0.010312295,725649.276,6964517.384,2
5616,7.981188299,97,11.22393326,0.00047245,0.004526569,0.000138542,206.2450523,0.310357717,0.045064939,0.010300025,1155574.792,6927882.098,2
5616,11.01352635,97,11.33321717,-0.002881279,-0.001793631,-0.003428128,168.34209,0.309784183,0.050348286,0.010299192,-62540.36027,7030378.603,2
5616,9.033067605,97,11.23098754,-0.000908407,0.003855877,0.010895256,186.2806077,0.311515426,0.065225274,0.010315593,1145320.927,6908815.54,2
5616,12.14515082,97,11.27786501,-0.001834291,-0.000825649,0.007058688,204.3931323,0.311808943,0.062930953,0.010319381,615159.8293,6893825.087,2
5616,8.95511391,97,11.3133295,-0.002654339,0.008249368,0.011702902,122.9745796,0.306129536,0.0643029,0.010296826,45129.27734,6909819.622,2
5616,9.245247954,97,11.24583541,-0.001652738,0.002357038,0.010259945,194.2451778,0.312032139,0.064946589,0.010310591,1106851.14,6947205.568,2
5616,11.11595479,97,11.22093696,0.006804614,-0.006108297,0.004051067,52.61625589,0.293319979,0.041492348,0.010104822,31354.6472,6859345.458,2
5616,8.842178117,97,11.31778482,0.006337095,0.002299407,-0.014812133,98.80658172,0.300526185,0.069752237,0.010300099,-59727.76098,6894779.313,2
5616,9.347154342,97,11.32727579,0.009482742,0.002925004,0.000944973,159.0142924,0.307620083,0.051514302,0.010302707,-66790.29406,7015288.14,2
5616,7.646827701,97,11.28274808,0.009633722,0.009527499,0.007235265,127.0143381,0.307049873,0.046684888,0.010290883,-71435.2363,7005482.754,2
5616,6.97603516,97,11.28347835,-0.006341371,-2.66E-05,-0.006037973,134.8488755,0.30813285,0.05311987,0.010295944,1620.460996,6897910.369,2
5616,8.251416665,97,11.32219122,0.002458928,-0.002330396,-0.000926279,161.1538654,0.311059157,0.048232778,0.010292306,-75410.3667,7032499.072,2
5616,10.81198743,97,11.32306338,-0.001106123,-0.001072817,-0.011909388,168.9100809,0.309915681,0.062029894,0.010311945,-27166.60169,7013032.153,2
5616,10.08049028,97,11.32057445,-0.000196032,-0.004971968,-0.016034009,186.9247056,0.310349209,0.06142526,0.010298738,57884.37379,6962817.715,2
5616,10.14127849,97,11.27810052,0.003705239,0.000703651,-0.014206454,84.50241838,0.295151867,0.066073297,0.010282803,567369.3507,6930608.79,2
5616,10.77624765,97,11.32747084,0.00217546,0.003802617,0.012776484,96.36395077,0.302530905,0.058626735,0.010290413,-32263.81691,6896102.379,2
5616,7.981154433,97,11.30297286,-0.010553798,-0.00239217,-0.007220649,136.8649202,0.309362972,0.055767901,0.010257604,4631.630052,6996551.672,2
5616,9.959306068,97,11.24751163,0.011804878,0.003832419,-0.010147664,63.91480007,0.292669971,0.058263331,0.010093447,15858.43565,6848314.055,2
5616,10.85653781,97,11.22761674,0.00705941,-0.00481147,0.00035175,44.83918482,0.295130651,0.042376243,0.010100499,-31942.37881,6837872.799,2
5616,9.598478643,97,11.31195023,0.006509829,0.00019288,-0.012913402,77.73723961,0.298075218,0.067854225,0.010298196,50449.72545,6886573.556,2
5616,9.801578031,97,11.25498359,-0.01239572,0.010156156,0.022029817,69.94026919,0.296230889,0.063502652,0.010126241,655711.7726,6771544.051,2
5616,9.26130073,97,11.32458334,-0.000549152,0.006464733,-0.002993915,180.2443556,0.31054271,0.051881163,0.010307619,650265.8152,6905905.698,2
5616,10.89786437,97,11.33266273,-0.005903887,0.002595087,-0.004802901,182.4908996,0.309519919,0.053612001,0.010307029,597248.2611,7014391.883,2
5616,9.717454204,97,11.26975967,-0.000678603,0.00440192,0.011571005,82.81715691,0.298246491,0.062481129,0.010278224,-32809.34294,6934302.17,2
5616,8.026733632,97,11.21095372,0.000736318,0.005962101,0.001813673,201.6008965,0.310118123,0.05019212,0.010295168,1093356.255,6925028.836,2
5616,10.16877646,97,11.32341978,-0.003548421,-0.004424655,-0.014246316,174.3434201,0.310908496,0.061555527,0.010293551,19711.23426,6952225.484,2
5616,12.23934976,97,11.28090957,-0.002266001,0.008605378,-0.002563833,131.9523262,0.305066826,0.044006989,0.010289583,-24118.08334,6901811.913,2
5616,11.40621824,97,11.32498106,0.005004844,0.004520493,0.010204775,109.6295376,0.303113082,0.060526782,0.0102894,-36418.65712,6906972.821,2
5616,11.76581929,97,11.24981698,0.003495948,0.004929108,0.003514528,53.98471639,0.293615961,0.045553508,0.010076039,-28675.11272,6835285.677,2
5616,12.06513839,97,11.3070552,0.004219565,0.007357127,0.002780073,114.2743223,0.304859426,0.047480388,0.010283093,-43754.99743,6936062.281,2
5616,7.827583595,97,11.28390358,0.003616161,-0.003287364,0.007524188,135.7498598,0.307028154,0.058192921,0.010311583,12792.32728,7011687.027,2
5616,11.11775582,97,11.34240482,-0.003288717,-0.002169428,-0.001178308,161.3770455,0.308263276,0.047328489,0.010298106,-90448.54329,7025170.389,2
5616,7.930779638,97,11.2748064,0.005157085,-0.00270508,0.010860915,145.6542508,0.307362475,0.060667625,0.010293289,19454.34367,6988306.367,2
5616,9.240768566,97,11.30755629,0.01141964,0.002347353,-0.015980077,71.40942098,0.301659313,0.071196251,0.010299928,43383.0427,6884042.051,2
5616,10.66271295,97,11.29062949,0.0042113,-0.004675331,-0.021058723,75.15149534,0.294929806,0.069897199,0.01031547,596066.2252,6921125.569,2
5616,9.615811413,97,11.31510021,-0.000524098,-0.004532472,0.002439579,186.8929236,0.310074408,0.043116467,0.010300056,123170.0605,6951275.707,2
5616,10.22258857,97,11.29225719,0.001237639,0.001279165,0.005353507,191.9848722,0.311245331,0.055521902,0.010307161,578356.128,6906757.919,2
5616,8.562127362,97,11.23858409,-0.00027678,0.00241035,0.008315876,189.966361,0.310530904,0.068146749,0.010288781,1037093.339,6918040.016,2
5616,11.81563918,97,11.28848043,0.001529207,0.006746384,-0.000451781,127.3412878,0.308818847,0.047479438,0.010291802,-17973.87592,6916299.483,2
5616,10.21219638,97,11.34305171,0.000227645,-0.004105654,-0.016053991,169.7001195,0.310794385,0.063800229,0.010304691,4056.603961,6963838.899,2
5616,8.305871524,97,11.28445713,0.008793454,0.010037633,-0.000568653,139.9588785,0.308424086,0.046075501,0.010325081,28804.07547,7016217.659,2
5616,9.669194348,97,11.33411512,0.000484511,-0.006114326,-0.012174413,183.5176616,0.312193966,0.064858199,0.010318947,-16448.41021,6953503.426,2
5616,8.185400098,97,11.28550585,0.007183266,0.007512402,0.003993337,144.3191755,0.309169687,0.04610291,0.010307724,-64759.1742,6987899.455,2
5616,10.4936551,97,11.31597991,0.001980506,-0.002706316,-0.004159998,149.0949142,0.309295133,0.058042021,0.010302007,-70102.43212,7021831.981,2
5616,8.976770999,97,11.30346153,-0.004118636,0.008015625,0.013523962,124.6682403,0.304796157,0.063664299,0.010318567,-41827.30552,6894105.006,2
5616,9.289153042,97,11.30191628,-0.003330626,0.008180499,0.011370362,114.6879328,0.307560606,0.063485358,0.010310531,-35688.74655,6893651.002,2
5616,9.856595563,97,11.24008371,0.012325644,0.00210146,-0.008147861,60.58065997,0.292873793,0.056981963,0.010069605,-72664.71603,6849599.331,2
5616,9.608171931,97,11.33851514,-0.000512573,-0.004701388,-0.012993572,191.399656,0.310441216,0.063073813,0.010286034,-46901.81129,6958687.803,2
5616,11.03801859,97,11.33231657,0.003445485,0.005782511,0.012718716,116.4486908,0.303182934,0.06203643,0.010304481,42288.27818,6898731.096,2
5616,7.84276175,97,11.21443826,0.001810633,0.005403557,0.002573574,210.2251308,0.308815415,0.048450383,0.010276319,1242684.883,6915129.412,2
5616,9.163696986,97,11.32598827,0.002255382,-0.003618729,0.003965285,183.1421893,0.312039429,0.042050494,0.010288105,48438.29613,6964664.397,2
5616,10.76979852,97,11.33273589,-0.00344592,-0.00102954,-0.002527354,177.2943427,0.30702945,0.048205647,0.010290726,83697.22301,7006295.824,2
5616,10.79909991,97,11.25922004,0.000779499,0.000115563,0.009227494,63.32412101,0.29399276,0.0570934,0.010096605,62445.46104,6857238.596,2
5616,10.47450148,97,11.33092377,-0.004264781,-0.002184604,-0.002115204,159.29547,0.30974083,0.046703023,0.010296191,53413.70349,7016334.479,2
5616,11.04418881,97,11.34081995,0.005383441,0.005033771,-0.009635267,101.6270903,0.304833789,0.068794971,0.010296169,-21596.70527,6890869.537,2
5616,10.9581617,97,11.3007139,-0.007018656,0.007101186,-0.00513583,127.4633504,0.303682771,0.044491324,0.010310937,9069.591278,6912903.468,2
5616,11.69099769,97,11.29060041,-0.001055208,0.007890394,-0.002376136,126.6536875,0.304860011,0.051458392,0.010296485,-26902.44457,6912766.644,2
5616,11.0503913,97,11.29087886,0.006201201,-0.004602882,-0.016204733,75.25497367,0.295827824,0.072674048,0.010294903,619241.6342,6936360.98,2
5616,10.26705755,97,11.2675982,0.004746463,-0.001853098,-0.013722333,65.81347945,0.293750105,0.063401044,0.010282121,637663.0811,6936676.78,2
5616,10.94394829,97,11.25299101,0.003885585,0.004724317,0.001705204,63.55357126,0.292304769,0.048639158,0.010113574,45754.16868,6843332.17,2
5616,11.06972844,97,11.31743231,-0.000571725,-0.005125472,-0.007639384,98.35852035,0.303897542,0.058515571,0.010291101,27161.21753,6918606.503,2
5616,11.07106605,97,11.3286135,-0.002923502,-0.001829598,0.000702996,183.268188,0.308406522,0.047655462,0.010285595,-10324.22282,7009288.293,2
5616,8.68685165,97,11.32614075,0.006401754,-0.001766319,-0.010757114,89.32775662,0.300451886,0.069268715,0.010302824,3600.682229,6882735.737,2
5616,9.534750897,97,11.29321183,-0.000312488,0.000275209,-0.0081995,131.1160198,0.30406308,0.063369105,0.010289837,27810.78798,6932456.639,2
5616,8.877570211,97,11.29651969,0.004078887,-0.000931788,-0.006947085,133.9285294,0.306967399,0.062810545,0.01029303,42796.58431,6928236.765,2
5616,11.17060252,97,11.31978934,-0.001768385,-0.000344936,-0.011489046,164.2172098,0.308240486,0.06455785,0.010303425,-97265.20244,7008389.226,2
5616,10.2000104,97,11.28879098,-0.000578125,0.00169599,0.005069992,176.2515677,0.31228571,0.055463986,0.010295674,508208.873,6902661.875,2
5616,9.963702648,97,11.29240985,-0.000551715,-0.000219625,0.003926305,196.3152473,0.313220651,0.05543686,0.010330633,648162.5121,6900331.025,2
5616,11.15777809,97,11.29050266,0.001058577,-0.006424545,-0.01902218,79.12877439,0.295581185,0.072594659,0.010299008,629378.464,6945152.751,2
5616,9.063917609,97,11.30769376,-0.016133965,-0.003000128,-0.008213272,141.952308,0.309759413,0.050776415,0.010308187,-27123.8221,7000004.279,2
5616,8.631387067,97,11.30166777,-0.016617793,-0.00125893,-0.007918598,140.9243976,0.30760008,0.052528691,0.010274269,-16837.12025,7011685.664,2
5616,10.91360286,97,11.32469976,-0.00028328,0.000651635,-0.001507619,170.9096022,0.30977775,0.051426929,0.010288595,-16850.35285,6900326.461,2
5616,10.84072527,97,11.29459212,-0.00313392,0.007547458,2.85E-05,113.4910748,0.308208749,0.044016485,0.010285596,35784.67624,6946719.172,2
5616,10.87993763,97,11.33009303,-0.004019884,-0.001709336,-0.014220987,174.384216,0.309658836,0.058658005,0.010287353,-70937.56589,7023510.763,2
5616,10.66093471,97,11.33995535,-0.004871051,-0.001138258,-0.003823864,183.513762,0.310005615,0.049220005,0.010305507,1629.975042,7021453.455,2
5616,9.292893899,97,11.30855699,0.005759326,0.002560381,-0.001193022,155.4684328,0.309869351,0.050812886,0.010313723,15809.4264,6995263.397,2
5616,11.41654815,97,11.33871377,-0.00440693,-0.002745784,-0.000165997,168.1538115,0.310346911,0.049288827,0.010304567,25427.93959,7027737.524,2
5616,10.25429912,97,11.25835461,-0.011901521,0.007916714,0.017428044,63.38402553,0.29391243,0.060703356,0.010096997,632163.7647,6787604.811,2
5616,12.33036143,97,11.30098777,-0.001372351,0.008099484,0.004583957,124.4700634,0.304321922,0.040722763,0.01029164,33092.20065,6885514.012,2
5616,10.91038848,97,11.26268194,0.001493557,0.00038796,0.0106942,77.19871082,0.293657743,0.057796111,0.010114757,-36644.75034,6847219.876,2
5616,9.834561286,97,11.3379424,-0.00228059,-0.004906299,-0.015305315,172.5361034,0.311788483,0.063387537,0.010327448,-60289.85438,6974546.446,2
5616,10.79755276,97,11.31197309,0.0034609,-0.005234279,-0.009844471,100.1167208,0.303844681,0.060987867,0.01030179,157440.492,6897768.22,2
5616,9.167468963,97,11.29524059,0.010520036,0.00316502,0.0002559,165.315232,0.310141536,0.049846733,0.010312448,-19256.33936,7023776.068,2
5616,11.05904065,97,11.32002059,-0.001790858,-0.003362313,-0.013304271,142.8529297,0.309485363,0.065433876,0.01030455,-11773.43267,7001538.964,2
5616,10.97992091,97,11.31244618,0.001895402,-0.000942852,-0.006696557,146.0985595,0.307889066,0.061720778,0.010310012,43465.9149,7024065.39,2
5616,10.33676292,97,11.26146651,0.001153576,0.00550712,-0.009601269,66.68703294,0.29233111,0.05151023,0.010284568,102289.3373,6941417.829,2
5616,10.10529235,97,11.33636512,-0.00311169,-0.005270778,-0.01456722,163.6408283,0.310801153,0.063633368,0.010293531,-34840.11715,6982284.487,2
5616,7.78193328,97,11.20389797,0.000511364,0.005546793,0.001135061,210.1534291,0.310336797,0.050465246,0.010305241,1073101.297,6904962.979,2
5616,8.82295093,97,11.31652587,-0.003016054,0.006049608,-0.005178813,192.8601165,0.311425482,0.047674769,0.010316068,497672.3066,6912111.339,2
5616,8.177331053,97,11.2818495,0.002307539,-0.001929673,0.007809814,131.2456018,0.307091481,0.057410114,0.010289158,102098.5611,6989696.98,2
5616,11.27087009,97,11.30136982,0.002591276,-0.00122772,-0.009727136,166.657068,0.308221465,0.061792631,0.010273055,-66459.0607,6999611.647,2
5616,8.14344721,97,11.33571047,0.001738652,-0.005006712,0.004850137,175.6815925,0.311332243,0.049452141,0.010293397,-1722.46099,7018688.94,2
5616,10.49322666,97,11.32217,-0.00098153,-0.005434567,-0.016423566,176.6441852,0.311187492,0.061847171,0.010313386,-62562.86675,6960431.648,2
5616,11.42513254,97,11.33017787,-0.003960332,-0.002022003,-0.001677441,166.1118397,0.309110977,0.047194445,0.010279011,-92740.17402,7041785.086,2
5616,11.11467759,97,11.29789866,-0.005906897,0.006809262,-0.006149928,145.4620565,0.306022319,0.041658773,0.010284404,-18687.07958,6924938.464,2
5616,10.7819533,97,11.33519701,-0.006540802,0.001415862,-0.00854992,172.8894897,0.311744466,0.050417411,0.010302066,542400.3653,7013732.722,2
5616,6.65937867,97,11.28480078,-0.006336948,-0.001092091,-0.005826105,134.9630239,0.307371671,0.054892139,0.010298463,-44263.38339,6917862.009,2
5616,10.89927348,97,11.33843377,-0.002817947,-0.002603579,-0.001690047,182.4121781,0.310750144,0.050031569,0.010307878,128555.4279,7026506.696,2
5616,11.19584963,97,11.25688257,0.002783352,0.004138356,0.00424242,60.36778426,0.292048345,0.045963183,0.010083717,27261.72901,6851025.721,2
5616,9.47496251,97,11.31915648,-0.002796263,0.008467541,0.012710228,109.3661037,0.306298527,0.063081873,0.010295693,59713.50031,6919556.613,2
5616,8.108544061,97,11.28462418,0.007855054,0.008760681,0.003733699,140.8802189,0.31093264,0.048936322,0.010315838,52871.21316,7009371.582,2
5616,8.303889853,97,11.32508243,0.003834208,-0.002426001,-0.001687994,171.9920938,0.308998711,0.047241609,0.010284192,-6418.438467,7024150.872,2
5616,10.93621545,97,11.24943577,0.005025703,0.005949003,0.00466462,39.75562507,0.291504781,0.04658957,0.010119572,-28126.18165,6848815.828,2
5616,9.161931656,97,11.23516505,-0.004633866,0.003618228,0.011651111,193.8231034,0.311222079,0.065984069,0.010285855,1153061.204,6898795.339,2
5616,8.214088223,97,11.27963542,0.003309341,-0.001662468,0.006784545,148.8364844,0.309107605,0.056788154,0.010311256,10833.96608,7012715.289,2
5616,10.48526835,97,11.33990729,-0.003426285,0.002572941,-0.004932516,161.8109684,0.309884383,0.0565414,0.010295058,566037.6063,7022013.176,2
5616,8.892498155,97,11.29611674,0.00162442,0.000441088,-0.005743935,142.8014654,0.305667585,0.06023023,0.010284828,8360.908367,6940892.775,2
5616,7.246939917,97,11.29567211,-0.010108961,-0.000452078,-0.006614428,145.3711804,0.30686263,0.058434368,0.010293415,-45205.15951,6928666.26,2
5616,10.07136692,97,11.24883726,0.010703747,0.002454531,-0.006627971,53.31623446,0.293756649,0.056324481,0.010107221,-10941.07693,6871927.093,2
5616,8.68888364,97,11.28467832,-0.016803042,-0.003381643,-0.005521524,142.551792,0.307485062,0.051889529,0.010299909,-21435.66218,7015808.569,2
5616,9.368122591,97,11.24730816,0.007180056,0.00154067,-0.008338604,51.32314,0.293768241,0.056895521,0.010114822,-81242.35897,6831339.962,2
5616,7.904890144,97,11.29335988,-0.009052984,-0.001961264,-0.007499269,167.8510096,0.30947348,0.055924475,0.010319026,-150574.249,6997763.428,2
5616,10.98138638,97,11.32182628,-4.17E-05,-0.002238706,-0.004335475,126.9993156,0.304303917,0.059177943,0.010284323,-60114.3859,6902032.262,2
5616,8.77016345,97,11.23461831,-0.002520429,0.002403996,0.011658199,197.5376119,0.310964643,0.064499992,0.010283352,1252686.671,6909355.883,2
5616,11.03720477,97,11.32909436,-0.004329843,-0.002784529,-0.001871373,164.6968662,0.311049206,0.047881752,0.010282709,-19795.77628,7026549.388,2
5616,10.13167005,97,11.28417577,-0.001880481,0.005473039,0.005103944,81.20758948,0.296916944,0.062611041,0.010288084,49751.40592,6925785.258,2
5616,12.17439125,97,11.28649145,-0.004562516,-0.002386109,0.007611489,194.8517345,0.309792193,0.060872798,0.010314633,441115.1586,6915949.154,2
5616,10.38741688,97,11.31851799,0.001635151,-0.004009293,-0.005759098,143.9886791,0.308662758,0.062893702,0.010307426,-64548.70824,7018906.207,2
5616,7.658261217,97,11.30122142,-0.009415351,-0.003120271,-0.011896394,144.6291542,0.307377721,0.052287933,0.010292777,-86726.84244,6993188.603,2
5616,9.920792396,97,11.32975267,-0.001215347,-0.006496834,-0.013552281,189.5425291,0.309983689,0.061686936,0.010299853,-12916.70433,6993833.344,2
5616,8.148775749,97,11.27810079,0.006238284,0.009375295,0.003259295,123.9931527,0.310315733,0.048635668,0.01031861,155195.2979,7002007.736,2
5616,8.127210022,97,11.27992753,0.002635843,-0.002350495,0.008607413,143.8366858,0.310747797,0.055982996,0.010325285,29526.15544,6987959.685,2
5616,10.12269504,97,11.33582795,0.002745904,-0.007213469,-0.017612946,107.5092752,0.300552526,0.067987559,0.010303437,108665.1276,6869990.19,2
5616,9.900304142,97,11.26366417,0.006137152,0.002120303,-0.013263419,67.61850829,0.294116034,0.066446084,0.01026476,616996.8156,6935107.376,2
5616,8.91480916,97,11.31629059,0.002729255,-0.005671768,0.004474382,196.6328185,0.310762359,0.041743695,0.01030394,87477.44994,6971721.912,2
5616,11.81062073,97,11.28635969,0.002718763,0.007753152,-0.000793511,115.2064644,0.307401102,0.048867652,0.010312387,132857.2977,6924383.486,2
5616,11.19974489,97,11.22086079,0.006423037,-0.003531452,0.004716388,54.11803641,0.294651777,0.042174324,0.010102977,-6963.686603,6842743.617,2
5616,10.76065565,97,11.29085591,0.002225214,-0.005442766,-0.018433321,73.64871093,0.293751577,0.07372434,0.010309628,598732.0794,6924104.399,2
5616,11.22102541,97,11.32735465,0.003641202,0.004716163,0.012348753,103.6497013,0.304602203,0.06039844,0.010304732,-84377.22293,6919906.897,2
5616,11.05404574,97,11.34190304,0.003001836,0.004765026,-0.009997057,93.36069564,0.300346735,0.067911931,0.010283639,-19755.85329,6897958.654,2
5616,8.988287591,97,11.32222268,0.003335478,-0.001102057,-0.012374246,97.68355609,0.302224397,0.067178743,0.010288256,5289.193088,6882412.694,2
5616,6.829242975,97,11.27924511,-0.004457137,-0.001527011,-0.005987284,140.2863413,0.307556959,0.054440561,0.010295744,130147.4521,6928296.808,2
5616,10.64753368,97,11.33226253,-0.031015635,0.013401061,0.003140543,102.0791799,0.301958377,0.045680368,0.010314119,-82914.36838,6902134.071,2
5616,8.831598133,97,11.29868251,0.0087456,0.002619806,-0.005564098,139.1909671,0.308694703,0.050775824,0.010289851,3864.912851,6995630.769,2
5616,10.91419202,97,11.33202779,0.001286999,-0.001863766,-0.004523859,177.5334005,0.310634414,0.049575724,0.010306042,-116183.2392,6899074.942,2
5616,9.384009234,97,11.24490715,0.011812587,0.002497915,-0.007258604,57.69671166,0.293664322,0.055936156,0.010104024,-27296.1178,6842866.964,2
5616,10.94868396,97,11.33709739,-0.005105433,-0.000213313,-0.008632561,164.4628605,0.311318128,0.049422283,0.01032102,622423.9888,7033217.346,2
5616,7.240350258,97,11.29691752,-0.006898114,0.000699635,-0.006943151,149.4366866,0.305547399,0.056405869,0.010299448,32879.39657,6917674.639,2
5616,9.147487297,97,11.29513255,0.004711722,-0.000396123,-0.006096595,114.8584193,0.309326215,0.061418085,0.010276746,37776.0509,6915540.761,2
5616,7.870977163,97,11.27860913,0.007062946,0.008199456,0.002527911,120.2381648,0.310031365,0.048550488,0.010308572,25500.87398,7020783.449,2
5616,9.012204318,97,11.29114647,0.0024407,-0.000341565,-0.007229308,122.3435997,0.305892625,0.060248414,0.010328333,37225.05486,6937090.01,2
5616,8.855386778,97,11.28620659,0.001052607,-0.000747376,-0.00551724,135.2930174,0.307092102,0.059774772,0.01030944,2972.836065,6883951.331,2
5616,10.03868058,97,11.27144354,-0.002359131,0.00409243,-0.006205893,59.4184545,0.296164351,0.051011256,0.010289562,-67084.62378,6944269.036,2
5616,11.40045693,97,11.334865,-0.029303338,0.013432636,0.000296276,93.84417936,0.30455977,0.046468324,0.010285662,-118575.9366,6895704.4,2
5616,9.251827859,97,11.31190319,-0.001682517,0.007067512,-0.006022214,193.7057298,0.310573985,0.046602146,0.010287371,542224.398,6900104.91,2
5616,11.13541629,97,11.32863073,-0.005152141,-0.00255261,-0.003299878,174.3168973,0.311030224,0.050378227,0.010326547,-8580.882586,7019152.146,2
5616,10.87184068,97,11.28436774,0.001900469,-0.00406107,-0.021304206,79.79281422,0.299791767,0.070270209,0.010295662,713605.7164,6926975.902,2
5616,10.19499805,97,11.24927951,-0.013853583,0.00859357,0.020251905,72.17597708,0.294133038,0.061722481,0.010091219,611442.2889,6781020.693,2
5616,11.56138035,97,11.27793477,-0.00125412,-0.001526741,0.008661539,188.8407293,0.310199634,0.061879477,0.0102979,564616.4811,6902649.98,2
5616,10.93438336,97,11.2567393,0.001104893,0.002761597,0.012807169,57.99990655,0.294218129,0.0591081,0.0100958,24739.81764,6839697.823,2
5616,10.15177592,97,11.2503665,-0.001494672,0.004086984,-0.00954786,76.18069914,0.294311914,0.051356901,0.010320774,-17254.63906,6918475.615,2
5616,11.19252341,97,11.329771,-0.00388308,-0.000229839,-0.007224998,154.3264707,0.309336407,0.056001416,0.010286556,654399.7315,7031058.374,2
5616,11.17418254,97,11.31798529,-0.003637894,-0.002181432,-0.012961594,139.6581057,0.309558702,0.060683401,0.010315646,126840.6045,7020421.375,2
5616,10.07666151,97,11.32953881,-0.002061123,-0.006310263,-0.012525896,173.7680314,0.309413052,0.064223324,0.010301618,140386.3143,6977581.161,2
5616,8.949107833,97,11.23592372,-0.004122094,0.004503517,0.01027526,204.7747038,0.310158031,0.064308376,0.010315995,1143330.751,6918834.535,2
5616,11.13988385,97,11.32641259,0.006361737,0.004166199,0.011514263,108.704151,0.304959258,0.061065908,0.010320973,21624.4258,6884953.641,2
5616,9.752238253,97,11.33942968,0.003909547,-0.006870105,-0.0139703,102.8595867,0.298779906,0.066601877,0.010301124,101185.6162,6894924.724,2
5616,10.78036806,97,11.31883869,-0.000903017,-0.002648305,-0.014313877,140.794013,0.310142601,0.065895475,0.010295825,-9563.818213,7008038.758,2
5616,12.01605217,97,11.29668071,-0.00085657,0.008348588,0.001608985,120.4936735,0.303454635,0.043022284,0.010300877,43552.42988,6919057.541,2
5616,11.04503464,97,11.31620761,0.000152912,-0.001875337,-0.004094351,116.0328372,0.301809695,0.058131388,0.010298744,-72676.51262,6890330.471,2
5616,11.5253058,97,11.29083891,0.000842325,0.009116943,0.001650152,105.5223648,0.30536874,0.042972454,0.010278042,-19869.78542,6903395.937,2
5616,9.118346598,97,11.31396592,0.00739073,0.003649417,-0.003252798,159.155409,0.309362913,0.050461692,0.010320573,74104.57229,7008162.309,2
5616,8.200923875,97,11.29663383,-0.009754798,-0.003097518,-0.008189837,142.9080258,0.309676596,0.058784235,0.010303257,-45965.32872,7012893.575,2
5616,8.979904388,97,11.32537223,-0.002154024,0.007304261,-0.006667693,212.7563245,0.311072899,0.048804798,0.010284587,569042.6042,6910484.761,2
5616,8.617405781,97,11.30096534,-0.011391221,-0.00135131,-0.006365114,124.3479846,0.307688084,0.054085365,0.010272602,-100802.2874,7005211.184,2
5616,6.82242406,97,11.29541678,-0.00357262,-0.001743656,-0.007592621,144.9612092,0.30773323,0.054807621,0.010269155,128534.0597,6948500.899,2
5616,9.906110563,97,11.28703124,0.000787782,0.002910456,0.008481786,76.61457109,0.296898223,0.062634817,0.01031021,80952.86259,6920267.162,2
5616,8.897275193,97,11.31573984,0.008118431,-0.00113698,-0.014308418,76.8772266,0.300176375,0.070716992,0.010291797,12092.63726,6873205.743,2
5616,10.98018979,97,11.22332628,0.006372678,-0.004148749,-0.000774484,45.42041712,0.291482576,0.034995199,0.010093972,32554.27561,6831734.07,2
5616,10.91452538,97,11.22081298,0.004761722,-0.006504754,0.003545042,52.64809354,0.293104486,0.041105271,0.010106469,25404.14234,6823640.087,2
5616,10.63420287,97,11.33989901,-0.000851449,-0.00022748,-0.001736093,183.2324233,0.310835744,0.050048073,0.010293161,88722.96967,6888776.863,2
5616,10.85788719,97,11.33702642,-0.005849712,9.26E-05,-0.004079642,181.8814927,0.308982518,0.050746213,0.010307242,569240.9916,7035335.969,2
5616,7.974616788,97,11.27790434,0.006085559,0.009758904,0.002803709,152.9354151,0.308208794,0.048513042,0.010301262,46952.50962,6994316.456,2
5616,9.319451791,97,11.24242184,-0.004616453,0.002383438,0.008614294,187.7372424,0.311200582,0.067861079,0.010298885,1206134.432,6915704.387,2
5616,11.57262457,97,11.22308934,0.007753591,-0.004373077,0.003713641,60.30929581,0.294487071,0.040957103,0.010079158,77897.3624,6824204.729,2
5616,11.34724827,97,11.32795155,0.003204706,0.004819946,0.013700185,109.9236143,0.301968707,0.061891579,0.010289137,-144694.3243,6890942.607,2
5616,11.79838691,97,11.26438113,-0.002798294,-0.001341391,0.007019852,186.7795274,0.31090379,0.065101186,0.010307985,538818.8405,6910461.862,2
5616,9.819076447,97,11.25133883,-0.011567763,0.01001725,0.020754736,63.25102718,0.293038189,0.060572823,0.010090962,552598.0099,6796544.304,2
5616,8.958571581,97,11.29451782,0.00114153,-0.000630167,-0.006571649,122.5322106,0.308100339,0.057806932,0.010315973,9625.498089,6902976.943,2
5616,11.46401879,97,11.31383492,0.00511759,-0.000395107,-0.009743933,155.493267,0.309953777,0.061129118,0.010331094,-129105.6239,7010777.512,2
5616,10.95698664,97,11.25029406,0.001369417,0.005883132,0.003719687,51.09917497,0.293642521,0.045574369,0.010108698,-131001.7412,6864634.459,2
5616,8.654823147,97,11.32219916,0.006381869,-0.002895928,-0.011385217,82.17068605,0.299109578,0.066637868,0.010319783,139060.8875,6880170.741,2
5616,7.869684542,97,11.30062582,-0.010640766,-0.002695566,-0.005736539,148.2147862,0.309120212,0.05386563,0.010309551,39612.5599,6980140.676,2
5616,11.19684876,97,11.31816866,0.00392081,0.004123183,0.010676577,112.0570138,0.302064225,0.061250616,0.01029292,7794.776228,6915310.37,2
5616,9.179397416,97,11.31364805,-0.003892977,0.00773201,-0.003938683,183.4754798,0.308804652,0.046743926,0.010302652,600542.8353,6917045.982,2
5616,8.94793991,97,11.2956649,0.003271047,-0.001298019,-0.004411263,141.1980639,0.305385891,0.059647485,0.01032668,9417.469431,6932845.994,2
5616,11.17770064,97,11.30698544,0.00408523,-0.000204634,-0.004120032,152.8200851,0.308957651,0.059615803,0.010293062,63934.02298,6995647.897,2
5616,10.40893258,97,11.33625044,0.003013939,0.005299939,-0.008242812,96.18663339,0.302854153,0.065966521,0.010286227,-40472.09292,6910600.145,2
5616,9.026997549,97,11.30568262,0.00803265,0.003453254,-0.000886552,157.3443568,0.30523501,0.047683321,0.01028497,11997.62168,7003326.978,2
5616,10.22379436,97,11.23922239,-0.011452784,0.009905561,0.01767447,63.96518353,0.295673407,0.061754577,0.010097117,632455.7073,6783022.248,2
5616,10.78343992,97,11.31245181,-0.003869184,-0.000981286,-0.012723304,159.67189,0.309165871,0.060689149,0.010286702,-67019.70642,7011583.065,2
5616,9.78253629,97,11.26234436,-0.013246397,0.009855914,0.020456088,42.50938208,0.292016605,0.063132831,0.010122184,699691.4952,6800119.423,2
5616,8.514688464,97,11.32898496,0.007661438,-0.001011011,-0.01173964,91.55711239,0.300127708,0.06631665,0.010302867,-28507.59197,6883285.062,2
5616,11.41340268,97,11.32014998,0.004451625,0.003992296,0.013406657,89.99102274,0.305382158,0.061740765,0.010312877,65219.69045,6905948.859,2
5616,7.812746455,97,11.29571692,-0.011823658,-0.00125466,-0.007169138,132.9400119,0.308758355,0.053296667,0.010296042,7404.275161,7005867.421,2
5616,8.062675774,97,11.29668564,-0.012253033,-0.002421568,-0.003265319,131.9124034,0.309390442,0.053066653,0.01028489,104691.6541,7003860.629,2
5616,11.15702976,97,11.29846018,-0.00575227,0.007190103,-0.00612728,115.7926062,0.304271556,0.043506152,0.010282648,-66668.87232,6907800.538,2
5616,12.39316603,97,11.27017394,-0.003648763,-0.001781167,0.007745415,187.7296617,0.31047624,0.060511332,0.010287967,507718.3171,6937155.672,2
5616,8.959983691,97,11.32734378,-0.00023477,-0.003817903,0.000580563,177.0399646,0.309830168,0.044479149,0.010304605,-57976.80134,6957600.369,2
5616,10.85973813,97,11.3207573,-0.006542283,-0.00281015,-0.005390247,176.1293752,0.312172917,0.047741543,0.010306889,8581.714445,7035815.575,2
5616,11.04500084,97,11.31213773,-0.000336034,-0.001315782,-0.013358671,160.9081085,0.30980886,0.062043003,0.010307993,98790.59971,7024255.112,2
5616,9.333884963,97,11.32106458,-0.000583261,0.006693954,-0.007590247,168.0802398,0.314601763,0.047696783,0.010280272,679300.5495,6921970.239,2
5616,6.955751949,97,11.29414145,-0.007858447,-0.000343934,-0.006286952,133.4083851,0.306408425,0.05304284,0.010299995,-147935.5804,6942659.557,2
5616,7.751716124,97,11.28707664,-0.00780104,-0.001297953,-0.011938195,86.76545751,0.298083212,0.060826671,0.010286403,16039.12026,6876334.048,2
5616,9.599374064,97,11.25068531,-0.013316909,0.009692305,0.021988301,62.20289787,0.293819309,0.062426687,0.01010532,412062.4749,6795229.404,2
5616,8.682439767,97,11.31694724,0.000618216,-0.003645528,-0.000679859,180.8639521,0.312743765,0.043953761,0.010306349,50973.18785,6995498.718,2
5616,11.22475801,97,11.32720075,-0.000503222,-0.00179531,-0.000385162,175.6208971,0.310536821,0.050289974,0.010284467,71673.67352,6896458.541,2
5616,7.916631621,97,11.33265741,0.002375532,-0.001835416,0.000174346,169.5297691,0.310157426,0.047563195,0.010312828,-2535.286326,7011028.124,2
5616,7.842033166,97,11.29890488,-0.005076494,-0.002753829,-0.010171134,69.75602932,0.299122324,0.063098626,0.010330994,5422.603636,6873433.45,2
5616,11.81383509,97,11.28752263,-0.0026427,0.008409058,0.001232526,115.463862,0.306049968,0.044045279,0.010311063,4760.192793,6896150.657,2
5616,11.02211352,97,11.3241316,-0.007179744,-1.55E-05,-0.007368177,179.9620876,0.309174648,0.053167488,0.010297842,552223.7554,7031626.836,2
5616,10.93773718,97,11.21932883,0.004886934,-0.005150673,0.000835793,62.8834086,0.292826313,0.03654955,0.010095805,27698.01155,6856922.935,2
5616,9.928980518,97,11.24882624,-0.010476501,0.011154838,0.017703704,72.80049215,0.293772152,0.058995478,0.01009723,603062.7285,6787581.852,2
5616,11.35084954,97,11.25472599,-0.000411412,0.000364178,0.011849355,66.22825866,0.29399043,0.060314043,0.010089919,59637.88297,6836570.877,2
5616,11.39991309,97,11.3317605,0.002886874,0.004569915,0.013625353,121.2745507,0.305193647,0.060000124,0.010303345,-7236.209487,6912287.148,2
5616,7.581364159,97,11.28725681,0.006111786,-0.002747196,0.007995751,153.6414673,0.310227377,0.058633416,0.010284913,-55114.9736,6976694.922,2
5616,11.08518026,97,11.32763812,0.004356123,0.004109496,0.012118341,105.248243,0.302936763,0.059405753,0.010274958,-98345.92371,6882144.659,2
5616,9.79800128,97,11.23077198,0.01128013,0.001838263,-0.010708046,45.19485017,0.292504087,0.057900275,0.01010291,-119370.8609,6846057.594,2
5616,8.935450053,97,11.31258326,0.010112086,0.002356234,-0.000679464,148.9814795,0.307956274,0.05022069,0.010300281,84123.34662,7015360.719,2
5616,11.08041818,97,11.31267887,-0.00564043,-7.98E-05,-0.003811574,194.2331682,0.310236703,0.0572388,0.010292431,573149.3863,7032218.869,2
5616,8.944688831,97,11.30541841,-0.01803367,-0.001236711,-0.009574163,133.5596581,0.307318932,0.05143531,0.010283002,21732.21171,7007914.191,2
5616,12.05992389,97,11.29606972,0.00158828,0.007097951,-0.00036242,117.1813032,0.306303368,0.048080607,0.01030384,114277.9424,6935853.043,2
5616,8.174984879,97,11.28219092,0.00234272,-0.000392164,0.010272603,123.7172624,0.309396203,0.05416109,0.010286878,-36010.83461,6998312.887,2
5616,9.076595495,97,11.33426942,0.007833169,-0.001785913,-0.018215024,92.52797748,0.296804561,0.072392744,0.010298159,-40153.89656,6897542.331,2
5616,9.831810426,97,11.33059009,-0.000161368,-0.005376129,-0.01162612,166.8550701,0.311622153,0.063719333,0.010323389,-8423.590098,6980294.145,2
5616,10.8363963,97,11.33440559,-0.002358802,-0.000504212,-0.001371305,169.1838946,0.309417816,0.050279291,0.010308629,1928.175202,7015798.173,2
5616,10.62564961,97,11.33620574,-0.002229526,-0.001575351,-0.000725956,152.6397987,0.310582482,0.050471414,0.010281857,120960.7777,7028983.349,2
5616,8.777964702,97,11.34070147,-0.002604583,0.006375469,-0.005733643,190.7101938,0.309865873,0.046204419,0.010283106,677553.4173,6933345.426,2
5616,9.510174585,97,11.33473407,0.004621037,-0.001542747,-0.016062284,102.3895191,0.301513394,0.070155911,0.010302012,39816.61265,6879474.968,2
5616,10.79406421,97,11.25955487,0.002924519,0.005715687,0.002949342,54.20534603,0.294155395,0.044961518,0.010081775,92893.16972,6843955.994,2
5616,10.68969912,97,11.21607,0.004726116,-0.006932739,0.002853189,48.94088486,0.293719025,0.038297509,0.010073474,-11374.27054,6846429.195,2
5616,11.08318725,97,11.33493283,-0.003759229,-0.001090518,-0.001942912,168.6928199,0.311003513,0.051001654,0.010307055,19207.4195,7025475.701,2
5616,8.971303092,97,11.23471757,-0.001347589,0.004063944,0.011933313,198.036445,0.310056713,0.063728081,0.010304253,1117799.038,6910295.965,2
5616,7.949142089,97,11.29834081,-0.008245417,-0.000214077,-0.010645367,83.56305416,0.298216112,0.063891296,0.010305971,-82619.38042,6872273.405,2
5616,11.36637839,97,11.31291254,0.003218933,-0.001589804,-0.003584839,162.0613718,0.30995191,0.060706352,0.010303486,77164.12503,7032930.226,2
5616,10.14278324,97,11.33169459,0.000863023,-0.007241684,-0.015726511,106.2356014,0.300028743,0.069096572,0.010299135,34103.85637,6887516.379,2
5616,8.862191895,97,11.32652702,0.007171663,-0.001188643,-0.014228688,84.09273858,0.301828878,0.066324395,0.010291225,1200.62651,6869804.831,2
5616,7.889628298,97,11.32048179,0.002025303,-0.001174232,-0.000334927,159.8807475,0.309590624,0.045993916,0.01030684,-115.2975764,7005800.357,2
5616,9.869318077,97,11.23998237,0.007794062,0.004591913,-0.007261123,62.00586411,0.293634949,0.057442244,0.010120274,-96446.69971,6874058.061,2
5616,10.22744871,97,11.32541903,-0.000312719,-0.005043365,-0.01219423,164.8875979,0.313655769,0.062570732,0.010293358,-62575.07041,6968433.825,2
5616,6.919875835,97,11.29217857,-0.004558155,-0.000160893,-0.008607776,114.9534772,0.306106554,0.05573744,0.010286473,21577.14739,6931465.777,2
5616,10.53374645,97,11.3238754,0.001651529,-0.003695292,-0.006984824,112.191402,0.304086991,0.062040207,0.010284958,-33852.61582,6894962.219,2
5616,7.987435977,97,11.29265535,-0.011934482,-0.00147775,-0.004138905,148.3695698,0.309333651,0.056312302,0.010288514,-13904.00394,7008744.603,2
5616,10.6003444,97,11.28746061,0.002343334,-0.006504441,-0.017426991,69.91528233,0.297203465,0.071416925,0.010302685,626573.4653,6955249.947,2
5616,11.56794093,97,11.31332058,0.00372177,-0.001245878,-0.005345048,149.9609401,0.30858528,0.060501874,0.010271646,-43676.58522,7008461.837,2
5616,7.748908225,97,11.29752922,-0.010793497,-0.001428802,-0.006123442,137.0798294,0.307346282,0.054766038,0.01030582,-61962.76853,7010359.972,2
5616,7.957912124,97,11.28580722,-0.008183607,-0.001431489,-0.010300877,76.11685618,0.298705059,0.064067907,0.010308533,-103246.2754,6861444.122,2
5616,8.067137555,97,11.29469334,-0.008339928,-0.001865687,-0.008439417,150.1409164,0.30983169,0.052490532,0.010276172,-9343.209159,7028723.88,2
5616,10.92494346,97,11.33755936,-0.001381952,0.00048959,-0.003431669,163.3044655,0.310646902,0.053129482,0.010287024,39671.39521,6900376.172,2
5616,7.924586654,97,11.21972674,0.003590848,0.005847313,0.002036035,197.7753321,0.311098824,0.05059264,0.010301056,1031793.672,6918499.394,2
5616,10.10968301,97,11.2773752,0.004046392,0.000410105,-0.015723653,64.52074194,0.293460071,0.068637554,0.010298099,631755.7174,6930906.772,2
5616,11.39684478,97,11.26315603,-0.000679203,0.000427496,0.010520513,48.3295298,0.294892592,0.059068685,0.010106886,18052.90117,6849612.58,2
5616,9.199566761,97,11.31393963,0.007738435,0.001145224,-0.01555049,95.47537077,0.300196755,0.071918152,0.01029813,-63350.55614,6876284.039,2
5616,11.38444135,97,11.31689574,0.004400483,-0.00146432,-0.00382766,150.489478,0.307730552,0.058234102,0.01031676,91146.49228,6987386.653,2
5616,8.727859396,97,11.3078516,0.000467165,-0.005971832,0.002715865,183.1040951,0.309774337,0.043761113,0.010295744,-24666.44245,6973629.854,2
5616,8.082520239,97,11.27190803,0.00484741,0.010052729,0.005111396,126.6102504,0.305471556,0.044161926,0.010286973,-6443.932422,6999620.01,2
5616,11.04036689,97,11.29852784,-0.005240126,0.008285529,-0.000930046,118.4938276,0.304948292,0.043713488,0.010285907,-10288.33129,6924651.998,2
5616,9.091290323,97,11.31122101,-0.000251131,-0.005854137,0.00028524,188.2042931,0.312004424,0.043709131,0.010309746,-113394.4598,6968638.463,2
5616,8.357846132,97,11.29560858,-0.007282147,-0.002180297,-0.012293448,107.1520985,0.300674695,0.062930344,0.010300393,64664.1589,6868895.32,2
5616,8.942590679,97,11.31771292,-0.000871144,0.007016151,-0.000688625,167.4051077,0.311867303,0.049069615,0.010308398,516034.3527,6908327.362,2
5616,9.894561517,97,11.27452829,-0.001541735,0.004858964,0.007859354,78.34908809,0.298701667,0.060214451,0.010308125,-15109.44793,6922904.037,2
5616,8.138845025,97,11.28727149,0.002969807,-0.000436206,0.010984549,140.1142558,0.307839931,0.056566614,0.010273233,38329.52503,6999231.562,2
5616,9.53763393,97,11.33230601,0.000104397,-0.006637788,-0.012286875,172.1254677,0.311980347,0.064037771,0.010284892,93629.46998,6949198.778,2
5616,9.938414024,97,11.34470977,-0.002253571,-0.005309175,-0.016627471,185.2937792,0.311362172,0.06083715,0.010286475,-69138.54646,6984213.553,2
5616,8.965106083,97,11.31694094,-0.000579521,-0.005258488,0.002551903,173.6235864,0.313282815,0.043542651,0.010289186,-28559.30417,6982812.935,2
5616,8.760689493,97,11.31335562,-0.00572042,0.005638973,0.012260856,115.2912894,0.304875456,0.059727049,0.01029443,88601.66966,6896869.214,2
5616,12.27485517,97,11.2732895,-0.002486164,-0.00147138,0.007586529,187.970292,0.312699045,0.060993519,0.010313241,606914.7453,6923643.44,2
5616,10.72379759,97,11.32670569,-0.005548753,0.000415662,-0.006340498,177.3663359,0.311105845,0.054470025,0.010315882,645471.5342,7028571.006,2
5616,7.964670458,97,11.29019228,0.003001565,-0.002270791,0.007014582,130.3330049,0.308930412,0.057768828,0.010296119,-67293.48809,6985702.533,2
5616,7.076226379,97,11.2956753,-0.005992577,-0.001500904,-0.006846148,129.4984868,0.304455255,0.053977535,0.01029667,-24249.57307,6902616.409,2
5616,11.3519228,97,11.33123285,-0.003770994,0.002792738,-0.005173839,174.9068202,0.311175521,0.05307013,0.010290652,591724.0719,7030976.688,2
5616,8.997255129,97,11.32172998,-0.00342174,0.007258644,-0.002893591,175.9242855,0.310838689,0.045152149,0.010301182,522288.2268,6899094.139,2
5616,9.243417498,97,11.3221217,0.003151232,-0.001891467,-0.009769577,92.02470503,0.299438387,0.068995972,0.010302684,-107231.4767,6898250.242,2
5616,10.18216795,97,11.3336353,0.001664229,-0.008066852,-0.01351743,78.78190619,0.299123961,0.073037067,0.010310687,-32660.15578,6889284.968,2
5616,7.032101281,97,11.29693369,-0.006161142,0.000253327,-0.004470949,122.8851431,0.306992932,0.058172836,0.010310581,86799.71125,6918151.255,2
5616,7.716706073,97,11.28054519,0.005963646,0.008840434,0.002214701,143.5933704,0.308042446,0.047090455,0.010269493,3833.546822,7022367.906,2
5616,9.626982062,97,11.33047974,-4.82E-05,-0.006835073,-0.014726847,168.759788,0.309351567,0.064275279,0.010297979,88081.00149,6977822.878,2
5616,8.027693403,97,11.21781785,0.002224935,0.003960036,0.002373161,195.2681249,0.309136148,0.047316179,0.010318342,1148554.447,6880436.394,2
5616,10.85888863,97,11.32072344,-0.005223208,-0.000227573,-0.014124214,163.3402793,0.309615624,0.061621767,0.010294194,-48944.93167,7014123.328,2
5616,11.23902513,97,11.30971443,4.75E-05,-0.001111004,-0.005973968,104.9541324,0.305102798,0.060622576,0.010315097,81888.09538,6887769.269,2
5616,12.19393669,97,11.29835609,0.005382652,0.007356774,0.001280725,128.8020657,0.306240728,0.048097737,0.010295939,13644.56147,6905801.698,2
5616,7.951997678,97,11.28278726,0.007851539,0.010071863,0.004953301,142.0976855,0.309455925,0.048554186,0.010302318,61659.02952,6999563.029,2
5616,8.69897292,97,11.29468347,0.002986842,-0.000151347,-0.004177737,132.8245226,0.306890714,0.063698207,0.010284934,-68395.22762,6926796.042,2
5616,10.13280082,97,11.34179898,0.002711959,-0.007084097,-0.017607987,106.306819,0.30093124,0.068571758,0.010285433,66586.37867,6892188.531,2
5616,11.73531405,97,11.29553669,-0.001975086,0.009060101,0.003658181,120.532544,0.304839864,0.043174881,0.010309614,68516.74743,6924120.317,2
5616,8.80278515,97,11.3259832,0.002162842,-0.003384284,0.000763432,195.2372244,0.309026132,0.041110828,0.010311686,18605.52059,6982253.293,2
5616,8.745333533,97,11.32949499,0.007048085,-0.000735728,-0.014672593,99.59450298,0.30234634,0.070285103,0.01030035,-51649.2647,6892143.071,2
5616,7.963987136,97,11.22066346,0.001786786,0.003963818,0.002945881,195.4578883,0.312431211,0.047034089,0.010283733,1134138.858,6925710.827,2
5616,12.30427196,97,11.30277668,-0.002470009,0.007934936,0.004161317,129.2776678,0.304238327,0.042281464,0.01030058,39202.63655,6926573.008,2
5616,8.998689279,97,11.33174044,0.006251138,-0.00173033,-0.012132515,93.77778158,0.300197042,0.070649461,0.010316661,15069.57259,6881682.872,2
5616,9.884754825,97,11.27995741,-0.000858774,0.003747672,0.008036981,76.60988452,0.297873431,0.0627701,0.010323096,38548.1025,6938424.46,2
5616,9.603311496,97,11.26970511,0.004018704,0.00137688,-0.012448676,75.15623785,0.293653371,0.066198098,0.010295803,698141.5427,6912033.135,2
5616,9.14356275,97,11.31583479,0.005294468,0.003797352,-0.00075749,161.4040263,0.30848255,0.050297096,0.010278004,-41497.10063,7024803.75,2
5616,10.79708016,97,11.34045564,0.002846003,0.005974427,-0.012001472,102.995486,0.302482345,0.064797908,0.010311136,-73952.2903,6891941.55,2
5616,8.030556786,97,11.32292647,0.002587937,-0.000361845,-0.002208862,179.0338224,0.311035077,0.044940952,0.010296343,-2361.971489,7057986.713,2
5616,11.90789651,97,11.28271742,-0.003377435,0.007679883,0.00185988,127.4212521,0.306509067,0.04190882,0.010312497,-21080.79182,6906705.827,2
5616,11.2179418,97,11.32719888,0.003262876,0.002674573,0.011141952,111.1084846,0.303847532,0.057227114,0.010303725,50384.78985,6901333.311,2
5616,9.959115588,97,11.24996724,-0.012239267,0.010348095,0.020020144,55.93599068,0.293801092,0.063174149,0.010088293,549053.6677,6795418.536,2
5616,9.984678042,97,11.32115711,-0.000412857,-0.003169506,-0.012798173,176.0461406,0.312185167,0.064678165,0.010300772,65409.29857,6958119.876,2
5616,9.126303371,97,11.32894468,0.007385538,-0.002463476,-0.013383028,92.05088746,0.300586306,0.06996352,0.010317338,86756.32537,6889604.994,2
5616,8.547843976,97,11.27876351,0.006323059,0.009667407,0.005000743,146.4190898,0.30809196,0.04535943,0.010298023,62.38241426,7001669.029,2
5616,11.23101287,97,11.30947754,-0.003051278,0.007676054,-0.003257015,130.8863054,0.305954581,0.040945736,0.010286287,3933.530949,6915350.183,2
5616,8.97696075,97,11.31730117,0.002369999,-0.004813976,0.005241174,182.9342855,0.311436803,0.044091988,0.010278948,-49126.8575,6988545.748,2
5616,7.000831538,97,11.28917278,-0.005264223,6.73E-06,-0.005856525,133.7413191,0.30640749,0.055110189,0.010289767,-34720.40164,6915754.442,2
5616,10.86352669,97,11.31931705,0.004224267,0.003102707,0.015160831,112.8811561,0.305039332,0.059746851,0.010294565,-26115.5572,6903520.667,2
5616,11.75298329,97,11.27930168,-0.00253421,-0.003217084,0.00762573,184.9467805,0.309638927,0.061502393,0.010310866,669644.7769,6932959.068,2
5616,11.85627443,97,11.26857828,-0.001267377,-0.002080382,0.006620171,207.8948587,0.310479465,0.064940734,0.010285147,572604.753,6907586.58,2
5616,10.79922678,97,11.33729062,0.00578594,0.004620743,-0.011598844,80.51362931,0.302773113,0.066732315,0.01032059,-84656.68248,6889359.319,2
5616,8.169888038,97,11.33059271,0.004948491,-0.000933638,-0.002564856,175.7365529,0.308566786,0.050387493,0.01028228,16401.00317,7051080.333,2
5616,9.72146924,97,11.24003259,-0.011939679,0.009899791,0.018237628,64.74901738,0.292009981,0.064181284,0.010130896,670819.7367,6794571.952,2
5616,10.34665976,97,11.33506101,-0.000189969,-0.005504336,-0.015563574,186.6689721,0.3110798,0.066927833,0.010322866,-1585.073131,6965113.144,2
5616,7.195546169,97,11.3035728,-0.004038956,-0.000865768,-0.005298174,135.929031,0.304853804,0.053153055,0.010301871,94161.91626,6935786.468,2
5616,11.00533083,97,11.31568095,0.002089623,-0.001361784,-0.007935303,158.2690476,0.307356879,0.06101963,0.010278165,49850.76509,7009449.949,2
5616,9.000082845,97,11.31514408,0.007535238,0.003319912,-0.015667721,92.63686173,0.30095717,0.070257818,0.010299266,-67165.27069,6863299.99,2
5616,8.855096404,97,11.30965232,-0.003976593,0.008033337,0.014278824,121.1781853,0.304740925,0.061140726,0.010294874,-35282.43759,6923853.114,2
5616,9.070227014,97,11.33710706,0.007313056,-0.001411006,-0.013156087,88.45252309,0.301626275,0.071571551,0.010283113,14535.06587,6872446.411,2
5616,10.28292445,97,11.28886003,0.001335787,0.002566151,0.011695876,89.45345598,0.296475785,0.060495158,0.010303856,-106695.1972,6970614.445,2
5616,7.817166128,97,11.2958563,-0.00833697,-0.002341721,-0.014090103,74.16225594,0.29888114,0.061186336,0.010289085,21589.96308,6872202.393,2
5616,10.60128929,97,11.3248721,-0.00120197,-0.00110781,-0.007267675,110.1101059,0.304505516,0.059287386,0.010290526,-112805.6381,6929061.357,2
5616,10.18284994,97,11.28924456,0.000359331,0.002090196,0.003041326,196.4220167,0.309519177,0.054631333,0.010297301,642789.2778,6896082.741,2
5616,10.08434124,97,11.28204316,0.002659624,-0.000493987,-0.011335281,81.59502698,0.295305286,0.06580757,0.010292381,691416.9361,6946442.49,2
5616,9.708727296,97,11.33246744,-0.001174714,-0.007054017,-0.019981418,99.29709242,0.301646062,0.067619075,0.010327539,32379.5074,6894986.772,2
5616,8.809304484,97,11.23761565,-0.00484475,0.003352822,0.007434741,192.8764504,0.308964085,0.06697518,0.010292901,1093816.927,6929448.435,2
5616,9.776616771,97,11.26097424,0.000476386,0.003259413,0.007809182,88.21273377,0.297952253,0.059854636,0.010305842,10945.58234,6953196.619,2
5616,8.811608017,97,11.30260787,-0.015013427,-0.005243847,-0.004242296,141.6458829,0.308488275,0.053852199,0.010301928,-32844.51052,7002847.343,2
5616,9.915836411,97,11.23481711,0.011056771,0.003096027,-0.007598547,69.64104798,0.292253517,0.059459106,0.010104675,-65992.21239,6832785.988,2
5616,9.9306927,97,11.25621852,-0.011691468,0.009234538,0.017597511,64.39424951,0.292127817,0.06268117,0.010105686,596186.7598,6788405.073,2
5616,10.83078144,97,11.31453487,0.004726556,-0.002761657,-0.009128064,141.3267818,0.309352279,0.061285979,0.01031168,44774.38523,7018737.373,2
5616,8.802863183,97,11.32730265,-0.00425429,0.006655358,-0.00202612,174.4270163,0.313797452,0.047023473,0.010303531,580052.4407,6902879.401,2
5616,9.940511778,97,11.28796045,0.000759251,0.000870108,0.002895881,189.303129,0.310510425,0.058210653,0.01030298,670160.9583,6915408.653,2
5616,12.04360295,97,11.30074584,-0.002016916,0.007991174,0.000323803,118.9153011,0.307985253,0.043974609,0.010300775,49099.35354,6915336.241,2
5616,10.91775697,97,11.30368062,0.004826219,-0.00585897,-0.014373846,94.10195759,0.295048276,0.069138527,0.010298166,675474.0915,6927434.814,2
5616,11.30127516,97,11.22696433,0.005294306,-0.005213977,0.00479731,40.82429842,0.293272688,0.040509242,0.010087917,-103026.5671,6849063.495,2
5616,9.132112338,97,11.30113447,0.000806137,-0.001707683,-0.003735252,129.2645597,0.307976056,0.062347609,0.010299193,-18224.73899,6919502.734,2
5616,10.58635023,97,11.32010179,0.001205087,-0.002697764,-0.008688779,100.639318,0.303989356,0.059503222,0.010303197,-68141.79335,6895800.379,2
5616,10.13617904,97,11.27359151,0.006407164,-0.001775434,-0.015711003,68.22859812,0.293623333,0.067217027,0.010305329,621572.9264,6943647.091,2
5616,8.157452796,97,11.28694506,0.008256586,0.008718703,0.004236715,155.2901401,0.308918627,0.045946529,0.010302389,-44368.99015,6992140.606,2
5616,10.88696075,97,11.24921579,0.00125897,0.00189317,0.011595715,51.19525426,0.296392887,0.054631934,0.010096913,-24147.04841,6850239.126,2
5616,8.611220576,97,11.31828607,-0.000957286,-0.006029358,0.00264811,186.6854547,0.311380274,0.041334984,0.010299244,68021.75374,6975625.769,2
5616,10.00209751,97,11.25349439,-0.003455149,0.005696153,-0.005372404,72.43519129,0.29334713,0.048357861,0.010292663,30487.44969,6946822.967,2
5616,7.997995606,97,11.32142872,0.004920982,-0.000876978,-0.003081917,162.4428247,0.309759945,0.048150053,0.010304151,64559.37003,7025810.749,2
5616,11.70835094,97,11.29817102,-0.00339404,0.004785723,0.00352818,122.3260305,0.309187692,0.038719336,0.01029707,-102498.2459,6917668.449,2
5616,11.62265578,97,11.27428327,-0.00347512,-0.001147079,0.005050657,182.238457,0.311170672,0.060854356,0.010302393,580922.7609,6912387.805,2
5616,8.977234435,97,11.30033076,-0.015071557,-0.005794381,-0.005478859,162.5417149,0.307248005,0.049683882,0.010313262,61970.78465,7007769.207,2
5616,7.939395557,97,11.294107,-0.010355654,-0.002114863,-0.012844275,101.2003383,0.29755137,0.062514983,0.0102906,96537.22499,6877373.13,2
5616,7.891503177,97,11.28074855,-0.008821887,-0.002006968,-0.008446903,144.333226,0.305690045,0.050808892,0.010307907,-99128.93836,7008419.656,2
5616,11.97831164,97,11.29157966,-0.002370214,0.005587719,0.000915847,139.430107,0.306459972,0.043694262,0.01030044,-22473.5046,6907992.07,2
5616,11.71325745,97,11.26657362,-0.004676475,0.00087036,0.004430306,189.0758166,0.31182819,0.059811502,0.010326784,643462.2622,6931612.961,2
5616,10.88693848,97,11.25071844,0.002638966,0.006277921,0.002071866,61.25279857,0.292498138,0.047946546,0.010097134,-12274.96961,6847494.927,2
5616,10.13867451,97,11.34289514,-5.47E-05,-0.007824994,-0.017373492,108.0222268,0.300981061,0.066931217,0.010309212,-58279.30185,6869078.006,2
5616,8.909001213,97,11.29940974,0.007643422,0.004423905,0.000397711,147.2859399,0.307519244,0.050835646,0.010300203,-99251.29377,7044604.028,2
5616,11.56525579,97,11.28607171,0.001053984,0.005255208,0.001137753,108.9960677,0.306168168,0.049006487,0.010281602,-60731.82231,6911347.797,2
5616,8.87709114,97,11.29144143,0.004209763,0.001805618,0.002000841,136.9290558,0.309609142,0.051419838,0.0102931,-108149.501,7027820.877,2
5616,10.72173872,97,11.28808924,0.003678066,-0.007234374,-0.016348822,94.92110008,0.295322962,0.072063626,0.010311668,637022.8432,6954609.687,2
5616,8.069460449,97,11.2089329,-0.000980016,0.00675007,0.002925548,195.407823,0.313138598,0.048265819,0.010294266,1194504.586,6934441.775,2
5616,12.08290371,97,11.27151454,-0.002701774,-0.00067706,0.009488795,190.9921936,0.309940974,0.062589682,0.010270578,496429.7786,6913557.242,2
5616,10.56868748,97,11.21582116,0.004267262,-0.004359261,0.001884277,40.1570451,0.293358627,0.040801282,0.010099584,16552.96367,6847792.263,2
5616,11.19735761,97,11.25567915,0.002287695,0.006292482,-0.000645504,66.17563212,0.294073209,0.044684774,0.010085525,54191.29102,6836913.57,2
5616,9.710810696,97,11.33806005,0.001266506,-0.006442472,-0.015644316,88.13484645,0.300902221,0.068732904,0.010301747,-130.6976361,6912483.623,2
5616,9.405416647,97,11.31586236,0.006689895,0.003075868,-0.00352885,146.9961034,0.308761557,0.053048505,0.010320555,-103139.4726,7002405.074,2
5616,7.987317256,97,11.28523016,0.007365529,0.009263253,0.008362082,142.851129,0.306192336,0.048213395,0.010310197,24783.87466,6998281.441,2
5616,10.67591431,97,11.32204886,-0.003007051,-0.001895442,0.00058727,160.6007676,0.311717178,0.050602704,0.010320363,-3458.035731,7032137.961,2
5616,9.703062197,97,11.28678269,-0.001690123,0.000408633,0.00784665,187.3064753,0.310785067,0.056295523,0.010292559,567201.4764,6910889.007,2
5616,10.09051131,97,11.26535866,-0.001093995,0.004954695,-0.007888995,81.5035629,0.294679823,0.049390807,0.010298103,-34988.29183,6922977.806,2
5616,10.89825469,97,11.32495928,-0.010859752,0.000265851,-0.004021309,170.2577771,0.310851061,0.051608264,0.010286159,608035.4208,7043630.769,2
5616,10.97486817,97,11.2727161,-0.004638992,0.00710742,-0.003816756,126.3328955,0.305205137,0.043549871,0.010290935,32702.07776,6930071.174,2
5616,11.41935312,97,11.33376728,0.003560931,0.002564053,0.012569473,108.3385149,0.303750106,0.061620561,0.010287717,153189.7025,6904074.129,2
5616,10.81818342,97,11.29667891,-0.006435446,0.00569308,-0.00516073,121.6637017,0.307688259,0.047788836,0.010282684,7238.809303,6914224.774,2
5616,9.015591468,97,11.31438451,0.008460825,0.003052194,-0.020520562,105.5920154,0.298586629,0.0726877,0.0103181,96847.71536,6894165.472,2
5616,9.369186204,97,11.31605455,-0.000288328,0.006701695,-0.006405555,177.8639363,0.313692037,0.044988082,0.010272278,600163.7513,6902965.991,2
5616,9.070338579,97,11.32377839,0.000305203,-0.004431824,-0.000587226,183.3061279,0.310057659,0.042681099,0.010318157,-6333.066184,6993215.592,2
5616,9.582253147,97,11.32642415,-0.002379053,-0.00606121,-0.011372861,178.6944809,0.309507788,0.067916652,0.010316513,9558.876288,6972361.348,2
5616,12.13141062,97,11.29533085,-0.001759129,0.006568549,0.005227519,126.7225223,0.306167385,0.042631477,0.010306623,-78222.60746,6925903.651,2
5616,11.69759744,97,11.28401946,5.05E-05,0.00618028,-0.002493824,131.3207895,0.30879379,0.049081675,0.010285231,19636.43445,6913854.755,2
5616,9.365796351,97,11.31385051,-0.004963894,0.006783734,0.014296133,113.6213177,0.30258243,0.062349094,0.010279033,-127570.5196,6908581.969,2
5616,7.786038985,97,11.20579901,0.002784221,0.004353685,0.003691167,202.7725783,0.3108216,0.051690331,0.010292733,1081823.108,6937731.271,2
5616,11.77212818,97,11.35000549,0.004090757,0.006257311,-0.01279041,101.8588168,0.302602525,0.066860047,0.010308284,7079.438509,6918600.277,2
5616,11.38154529,97,11.33625282,-0.032743274,0.015174442,0.001306267,82.24327756,0.303042571,0.043668501,0.010300041,76530.20731,6914887.017,2
5616,7.792865787,97,11.3228202,0.000377107,-0.000203392,-0.00103129,148.3832573,0.310483171,0.045291667,0.010286172,91689.76545,7033844.704,2
5616,11.00520396,97,11.22308493,0.006236581,-0.004607038,0.004329625,44.71862799,0.292091614,0.040528067,0.010115216,-15110.78226,6851344.629,2
5616,11.19596165,97,11.25976417,0.004258747,0.003655732,-0.000184259,52.60915215,0.29224129,0.046075988,0.010122321,10017.91561,6845924.383,2
5616,11.20376643,97,11.33387902,0.001638916,0.005026152,0.010824246,95.63269569,0.30381223,0.061430354,0.010296997,63101.89101,6903759.304,2
5616,7.115015726,97,11.29403432,-0.005343598,-0.001466827,-0.007219306,139.3948442,0.305570574,0.05594021,0.010301449,-85125.54711,6915645.259,2
5616,9.325584841,97,11.30521362,0.009941773,0.002224009,-0.015158596,87.67603357,0.299943467,0.070545372,0.010280005,25971.23168,6886082.878,2
5616,8.968025767,97,11.3263614,0.008755523,-0.002752758,-0.013385366,89.47801393,0.299508197,0.068065234,0.010294509,-52992.67014,6890561.8,2
5616,7.904646526,97,11.30480273,-0.007516546,8.21E-05,-0.012951444,72.61970489,0.298405344,0.062725068,0.010306764,-10964.57809,6854927.521,2
5616,10.90980886,97,11.33975514,-0.00526027,0.001398853,-0.005379153,166.0097736,0.310405474,0.052053409,0.010304702,573070.3418,7027716.654,2
5616,11.22319314,97,11.33090375,0.000886399,0.003279175,0.014619237,82.8077812,0.301696677,0.059776201,0.010293272,27932.22318,6905163.882,2
5616,11.09495392,97,11.29516915,0.007064804,-0.005123753,-0.017741074,74.94087128,0.295710177,0.072028261,0.010296366,668530.7226,6937135.384,2
5616,10.07573922,97,11.29954395,-0.000839987,0.001237675,0.002149526,189.4786922,0.313931693,0.054456504,0.010294074,634310.5223,6916353.625,2
5616,9.206775824,97,11.33352781,0.004637503,-0.001161023,-0.011962898,93.58055606,0.298625958,0.070084106,0.01029631,22348.72713,6869644.619,2
5616,7.466687894,97,11.28203353,0.003627501,-0.001971673,0.008744873,122.3568694,0.309626292,0.056363254,0.010305609,11039.15289,6988439.557,2
5616,9.080623711,97,11.29619673,0.009206442,0.002004113,-0.003515697,153.4299318,0.309069146,0.049552845,0.010273927,118813.2062,7024554.568,2
5616,11.05683201,97,11.29044828,0.007222869,-0.00569725,-0.013033328,67.04795562,0.295237196,0.071395605,0.010299015,535626.128,6938124.81,2
5616,9.43392141,97,11.29968861,0.007183047,0.002995645,-0.001626561,144.1101267,0.307329251,0.051416429,0.010304638,108665.0794,7016394.898,2
5616,8.602538447,97,11.3141461,0.002456806,-0.003800482,0.001328305,187.8614649,0.311176712,0.044142738,0.01029244,-18523.42885,6968364.023,2
5616,8.404897739,97,11.28832074,-0.010936939,-0.001584271,-0.006715879,162.0063949,0.309838698,0.054725599,0.010293648,36614.65439,7005205.229,2
5616,11.01960779,97,11.30614575,0.002485231,-0.005751525,-0.013924572,76.86644782,0.295507607,0.07354421,0.010294031,612415.7926,6911093.552,2
5616,9.127146452,97,11.30588433,0.009155459,0.003630022,-0.003985888,144.0685664,0.308897575,0.053243124,0.010293652,-44962.4691,7022336.663,2
5616,9.435770327,97,11.30735112,0.006091941,0.002623968,-0.000509412,153.1051649,0.310278224,0.051490736,0.010300078,31085.33492,7033629.164,2
5616,9.14580845,97,11.31205896,0.000241264,0.007865207,-0.001289698,193.5979826,0.311431237,0.045161753,0.01030171,644005.2606,6895915.828,2
5616,8.104103267,97,11.20402212,0.002895354,0.007455489,0.002228826,205.7405346,0.309010908,0.048537413,0.010272164,1167387.498,6912306.341,2
5616,9.063000254,97,11.31567905,0.001896249,-0.005348671,-0.00019591,206.0573013,0.311125103,0.042273629,0.010308652,-34685.5813,6979955.65,2
5616,8.874286614,97,11.30934319,-0.014330424,-0.002221083,-0.008099252,141.23284,0.309913134,0.053916803,0.010296157,231388.9146,7025993.292,2
5616,10.99259229,97,11.32117161,0.004258338,-0.003724296,-0.006632249,112.4242476,0.303953266,0.063416238,0.010325615,76824.38601,6903993.205,2
5616,9.813953257,97,11.28488875,-0.000255786,0.003890914,0.010365616,94.07270718,0.294531731,0.062117851,0.010284209,59832.92243,6927400.866,2
5616,10.98841177,97,11.33879807,-0.005180518,-0.001971274,-0.002603198,183.5138331,0.310491132,0.050475646,0.010288507,-22568.4854,7028526.837,2
5616,11.39261419,97,11.28615832,-0.000721093,0.006811798,0.001469443,103.8879535,0.305748932,0.049431358,0.010297311,-40005.85742,6903100.031,2
5616,10.11155834,97,11.34801687,0.004276343,-0.004606697,-0.018551489,95.12683248,0.298686006,0.068629231,0.010305476,-17883.92039,6881268.276,2
5616,8.96834603,97,11.30088899,0.006358239,0.002702084,-0.003566331,164.7481118,0.306875627,0.04825406,0.010274149,69318.712,7008835.578,2
5616,10.91258072,97,11.32113554,0.004656702,-0.001429758,-0.007858219,181.1318289,0.310233612,0.059872914,0.010289013,-63416.00208,7005209.266,2
5616,10.05714122,97,11.3418734,-8.19E-05,-0.00887546,-0.013443783,101.4804603,0.30007346,0.066485344,0.010307836,-68387.21232,6879987.97,2
5616,9.627246485,97,11.31937753,0.001245256,-0.00458023,-0.01387757,174.3558245,0.309851923,0.064483637,0.010287436,34606.65688,6971930.66,2
5616,10.50164639,97,11.26014058,-0.002021893,0.006109731,-0.007484836,59.83751858,0.293954914,0.050897534,0.010318155,20490.53567,6933213.611,2
5616,8.973278532,97,11.29240421,-0.005739436,0.006487335,0.01249431,133.8439498,0.304185016,0.067346485,0.010293985,-49304.11614,6891025.34,2
5616,9.962077711,97,11.25655722,-0.012304336,0.007560825,0.02197171,71.7025923,0.294126572,0.063575635,0.010088082,547983.5197,6793656.159,2
5616,7.748978874,97,11.28183931,0.006223819,0.008962442,0.002915281,132.5402942,0.307743538,0.047489061,0.010308087,92155.70521,6996778.395,2
5616,10.00622651,97,11.22452365,0.011870361,0.003016697,-0.006776515,52.0796821,0.291481881,0.057541145,0.010121304,22912.65441,6856606.736,2
5616,8.360635592,97,11.29544103,-0.008075016,-0.001296418,-0.013476964,86.69296164,0.298353282,0.065880993,0.010305518,-87306.54919,6887109.602,2
5616,11.26935765,97,11.31551033,-0.001083804,0.000953989,-0.009474566,163.7959902,0.309560129,0.06294851,0.010316703,-82827.83955,7013440.681,2
5616,10.22216985,97,11.23936051,-0.012424776,0.009630703,0.018577238,57.07211259,0.294053031,0.06257013,0.010122218,594728.1616,6796212.63,2
5616,11.14207398,97,11.34490085,-0.004970792,-0.002832053,-0.003568521,164.6426262,0.309896334,0.049072625,0.010287784,46989.13867,7021150.433,2
5616,10.90677222,97,11.22269698,0.005148234,-0.006133891,0.003977084,35.30372512,0.295450992,0.039305281,0.010112435,38159.33655,6859967.065,2
5616,8.62293037,97,11.30209373,-0.001015203,0.007192472,0.012141831,123.2510489,0.305924838,0.064062752,0.010279811,72539.05394,6898360.718,2
5616,10.94772615,97,11.32840515,-0.00567134,0.000465787,-0.004418992,163.3406288,0.311078427,0.049627482,0.010305631,507002.7179,7031402.996,2
5616,8.938668994,97,11.30116903,0.005104496,0.001469788,-0.015595931,91.84680349,0.299790033,0.068339574,0.010299055,14382.57728,6879468.927,2
5616,11.27270623,97,11.28352504,-0.005759298,0.007756644,-0.004938264,137.9386983,0.306278507,0.043600997,0.010316471,91387.70873,6906977.474,2
5616,8.08044732,97,11.30134742,-0.010858614,-0.001547788,-0.004132119,145.8854877,0.307454614,0.056695653,0.010315534,85423.24223,7015552.708,2
5616,8.419231246,97,11.27892144,0.00969355,0.009042008,0.005588346,139.1449837,0.308983681,0.047598574,0.010307551,23034.91352,6994052.5,2
5616,9.311369487,97,11.29614336,0.003501491,-0.000876874,-0.003584352,130.6523443,0.306860333,0.059761724,0.010303955,150458.7387,6902681.626,2
5616,8.881302577,97,11.28671908,-0.018345342,-0.003468226,-0.007939153,148.2277814,0.308281331,0.04851981,0.010306737,39074.17537,6974857.149,2
5616,9.53323273,97,11.33043706,0.004529838,-0.009360986,-0.015259594,106.3535345,0.30120319,0.069348561,0.010300819,66842.00332,6878847.603,2
5616,11.36027556,97,11.33796163,-0.004045482,-0.001770886,-0.001649161,172.9538187,0.309977017,0.048025021,0.010299189,2890.062388,7047128.427,2
5616,11.35346566,97,11.33145379,0.001819146,-0.000974404,5.12E-06,169.0196695,0.314717113,0.051105688,0.010319117,-49987.09189,6911988.947,2
5616,7.644759355,97,11.22739074,-0.000685853,0.005183144,0.004062439,209.5757069,0.310156657,0.049670158,0.010320711,1081019.603,6914909.392,2
5616,10.39243072,97,11.33972447,-0.004500364,-0.004509955,-0.013656836,188.7166472,0.310145155,0.064822173,0.010298123,11677.21941,6966659.74,2
5616,11.09935763,97,11.22050119,0.00394425,-0.004625098,0.000301714,38.13037636,0.293878104,0.04005776,0.010103149,-13506.40642,6838968.855,2
5616,11.04178124,97,11.29507253,-0.009744194,0.006892741,0.000163498,138.9317459,0.305247049,0.043659465,0.010301082,-113254.3215,6903261.47,2
5616,10.41987394,97,11.2629432,0.002082811,0.005047291,-0.007011686,72.18185979,0.293631341,0.050794664,0.010278642,-65670.62719,6919550.349,2
5616,9.349643373,97,11.318349,0.007313133,0.00163543,-0.002081548,153.9551219,0.307625577,0.049907941,0.010295542,-20354.27065,7023923.115,2
5616,11.16935827,97,11.32646453,-0.000349613,-0.0035672,-0.006277337,119.2023139,0.304621872,0.058343796,0.010321199,46632.88748,6909933.235,2
5616,10.12304532,97,11.25010235,-0.011339349,0.010049043,0.017313904,60.06083449,0.294637938,0.057900295,0.010090064,616857.2083,6792208.759,2
5616,8.16027408,97,11.32730186,0.003276352,-0.002715027,0.001875979,171.2329706,0.309601249,0.046688682,0.010328021,-4573.697475,7007873.557,2
5616,9.895977562,97,11.25838642,-0.011093684,0.010835806,0.017384798,61.7697504,0.294904317,0.064611731,0.010115533,554664.4834,6790185.032,2
5616,9.985672589,97,11.29876521,0.001765435,0.000360009,0.003607448,175.6588735,0.308649279,0.057254969,0.010305321,578711.3305,6885104.236,2
5616,10.76538061,97,11.26512557,0.00257683,0.006210183,0.002434538,48.69036637,0.292105757,0.04639142,0.010107432,84545.22877,6861769.834,2
5616,6.91340341,97,11.27774904,-0.007284216,0.000113267,-0.004153375,137.7545738,0.306784959,0.053738284,0.010287845,10009.16914,6929399.577,2
5616,8.904668313,97,11.32299635,-0.000791777,0.007725156,-0.004810608,176.6661627,0.309516941,0.048714374,0.010296485,480685.9251,6892626.236,2
5616,8.834808685,97,11.3166515,-0.000828913,0.007875296,-0.0038713,199.6272007,0.308787696,0.046794914,0.010319101,497072.0924,6927394.716,2
5616,8.035556656,97,11.30441025,-0.007852966,-0.001325611,-0.012050069,94.59146564,0.29861048,0.065707229,0.010291856,37760.9727,6856860.793,2
5616,7.915758901,97,11.30304612,-0.004821637,-0.0040464,-0.012057213,95.88667488,0.299878007,0.061313563,0.010314062,-14327.15806,6884172.473,2
5616,12.13059045,97,11.29421332,-0.002639046,0.00916035,0.002151943,118.7801097,0.307622,0.041710842,0.010281752,-4734.845623,6917984.048,2
5616,10.5781662,97,11.32897617,-0.000313435,-0.001515919,-0.007336066,112.4748333,0.303307624,0.058543587,0.010284122,-39209.47809,6889464.676,2
5616,10.97052563,97,11.30358394,-0.004389753,0.006531521,-0.00599802,114.4347461,0.306927594,0.040452316,0.010325197,32291.72362,6918470.991,2
5616,11.03420589,97,11.34248338,0.003014859,0.005229949,-0.01136576,107.8539087,0.302805292,0.064389269,0.010299843,-19234.23517,6873629.029,2
5616,9.91923057,97,11.29705883,0.000723257,0.003134382,0.008435108,83.56872497,0.299541666,0.061177423,0.010292864,-11912.34582,6908417.381,2
5616,10.95517466,97,11.22179639,0.004784139,-0.006893234,0.002557166,55.25212361,0.292556972,0.038775764,0.010118059,-54487.48227,6831890.349,2
5616,9.587806296,97,11.33760637,0.000415805,-0.007717807,-0.016276964,110.3261321,0.29872471,0.061371093,0.010316509,59087.09944,6881881.331,2
5616,11.09269074,97,11.26462511,0.004759875,0.000475148,0.010425212,55.96054803,0.294088792,0.058846619,0.010112202,-14123.3136,6863163.456,2
5616,11.16838971,97,11.21970161,0.005408004,-0.005344807,0.001464881,49.02164429,0.291717446,0.037105131,0.010092448,38983.89737,6845218.056,2
5616,9.128328956,97,11.24055441,-0.004166006,0.002068226,0.009123474,199.3460706,0.310084691,0.065012852,0.010296198,1060651.796,6920711.866,2
5616,11.27008852,97,11.34015634,-0.004291274,-0.000712667,-0.005545419,158.0053065,0.309618926,0.053053656,0.01030413,713549.7211,7015353.045,2
5616,11.05240148,97,11.32912485,-0.001534103,-0.001010695,-0.001990858,172.2254634,0.310571221,0.053639653,0.010309202,81872.4521,6891001.601,2
5616,9.124466088,97,11.29398838,0.005988578,0.002251573,-0.000300737,155.839052,0.309179087,0.052713718,0.010293262,-122300.2798,7001487.974,2
5616,8.04058652,97,11.32838628,0.00384155,-0.001471859,-0.000320943,159.7361572,0.310889566,0.046132611,0.010302263,-51329.97658,7009166.932,2
5616,11.17877609,97,11.28547655,0.005369708,-0.004337632,-0.018830299,88.16599888,0.295534776,0.07079319,0.010303543,663875.4688,6931148.345,2
5616,11.5898907,97,11.2766212,-0.00121859,0.001313016,0.004514792,179.0856556,0.311500598,0.06458311,0.010317052,492665.9558,6916756.73,2
5616,7.767652184,97,11.29752277,-0.012090647,-0.00090618,-0.002382837,153.9978672,0.308018744,0.051463055,0.010309998,-8387.152886,6998253.87,2
5616,11.41262368,97,11.3385589,0.000869936,-0.000763777,-0.004008341,179.8516146,0.312183498,0.050328113,0.010280032,27373.20663,6893425.916,2
5616,10.36024053,97,11.26089575,0.002319667,0.005397291,0.0010781,52.54419289,0.292761412,0.045774611,0.010097169,-11791.15663,6860033.699,2
5616,8.963551108,97,11.33308273,0.005115984,-0.001714567,-0.012080989,83.10138037,0.29990015,0.068410012,0.010287692,34561.27367,6879517.188,2
5616,11.30481348,97,11.21765324,0.007756212,-0.004682648,0.00364146,31.46409131,0.292526345,0.040607672,0.010107528,-44372.69617,6828766.573,2
5616,9.975750477,97,11.25422307,-0.012802131,0.009501215,0.020925883,58.01051712,0.293794739,0.062325843,0.010112233,474122.807,6795617.504,2
5616,10.89468952,97,11.33178797,-0.001593932,-0.000238451,-0.013786967,168.3186655,0.308008806,0.063786248,0.010301346,62957.98306,7022954.291,2
5616,11.03365206,97,11.31452621,-0.001772916,-0.002358528,-0.012575943,158.4060814,0.307883423,0.063238892,0.010296447,62554.35771,7023691.649,2
5616,10.90818213,97,11.33069194,-0.000562876,-0.003237483,-0.006890956,120.6071425,0.304981424,0.060717972,0.010300917,160427.7888,6911364.88,2
5616,7.008021447,97,11.28843117,-0.004589889,0.000540126,-0.00655484,127.0905867,0.305629637,0.05516049,0.010302769,-141351.2761,6931724.787,2
5616,10.82230811,97,11.3304652,-0.029182213,0.014720555,0.002436236,109.0112025,0.302596282,0.04386648,0.010291518,48141.64487,6896906.301,2
5616,9.288276149,97,11.32192426,-0.004899194,0.006799097,-0.003123999,178.7144236,0.312284514,0.047006878,0.01028385,451130.2775,6936493.172,2
5616,11.37007558,97,11.29665089,-0.004595075,0.006866114,-0.003039463,116.4845084,0.305553797,0.041772007,0.010272832,112565.1232,6903830.408,2
5616,10.96531601,97,11.34792315,0.002871766,0.004188049,-0.010027636,97.94448413,0.303048443,0.064658574,0.010316792,31295.94894,6885960.357,2
5616,9.639486739,97,11.23275194,0.012601294,0.004140676,-0.006101254,47.93041355,0.292252266,0.057422176,0.010106578,-60938.68309,6859507.256,2
5616,8.863790948,97,11.31382297,0.005890291,0.001010776,-0.014291101,73.79506236,0.298670169,0.070794718,0.010304804,50024.46574,6883345.267,2
5616,11.9521595,97,11.26654632,-0.003520315,-0.000690846,0.00981558,191.0229402,0.30898238,0.06206055,0.010316766,541780.3383,6924779.651,2
5616,10.13144959,97,11.28532727,0.000528412,0.00140194,0.000878153,189.8673002,0.312660732,0.057575207,0.010283363,596472.1938,6914143.16,2
5616,10.73789765,97,11.3229665,7.93E-05,-0.001921773,-0.000391075,185.3069396,0.30956174,0.049143166,0.010277,13236.83717,6913354.467,2
5616,9.800003367,97,11.2901218,0.001113616,0.001071035,0.005069359,197.3280051,0.311945269,0.056338378,0.010305092,688960.1317,6900322.593,2
5616,11.13278538,97,11.33238852,-0.002216292,-0.001883887,-0.003574322,184.8719371,0.309734963,0.050202883,0.010303886,116308.4653,6912983.537,2
5616,9.244133911,97,11.31148531,-0.001588862,0.008351672,0.012447219,120.381263,0.306666627,0.0629538,0.010277057,-38218.50898,6921489.154,2
5616,10.83837389,97,11.30942937,-0.001233498,-0.002106552,-0.011131543,161.8984568,0.311791809,0.063126757,0.010304764,67825.98429,7005625.112,2
5616,10.65333855,97,11.3382865,-0.028015352,0.01436461,0.0005261,91.61618441,0.300866364,0.046723625,0.010294696,22774.07599,6903972.757,2
5616,9.853932346,97,11.29235562,-0.015723957,-0.004189576,-0.006213308,149.0065707,0.30662767,0.051320594,0.010289305,-90454.69843,7008185.369,2
5616,11.2036738,97,11.33308683,-1.69E-05,-0.002319272,-0.000451096,179.2730686,0.311978092,0.050389486,0.010295582,-44558.13527,6890102.697,2
5616,9.930574013,97,11.29095445,-0.001874419,0.002546179,0.002096173,202.0057783,0.311649053,0.054787578,0.010267645,726882.7249,6889978.793,2
5616,11.22596444,97,11.32717008,-0.004822564,-0.001472587,-0.002252925,176.3271605,0.310982887,0.052384365,0.010292163,22967.13833,7019109.426,2
5616,7.967638941,97,11.29019499,0.00632013,-0.001863677,0.009534997,147.5545884,0.30727414,0.055885509,0.010290667,64089.57049,7005860.746,2
5616,11.22547706,97,11.33218708,-0.027977812,0.014362006,0.000584809,93.38571257,0.305514437,0.042133168,0.010307383,-13541.00732,6906123.156,2
5616,11.04144522,97,11.31694735,-0.00290437,-0.000118076,-0.014562769,155.9772052,0.309149345,0.064478611,0.010297903,-34546.24948,7017359.697,2
5616,11.02373241,97,11.30457792,-0.003113604,-0.003800894,-0.007240053,114.0156273,0.302460416,0.059802636,0.010308466,1789.361689,6913608.851,2
5616,9.970466583,97,11.25514924,-0.012310442,0.010771177,0.021424982,75.58591961,0.293679741,0.061479087,0.010066214,600840.0709,6800099.734,2
5616,10.6236537,97,11.317333,0.002580068,-0.002847817,-0.005855709,153.8551507,0.307477363,0.059062222,0.01028888,-95616.08268,7017934.503,2
5616,11.50394103,97,11.25903546,0.001635431,0.000373734,0.009468767,60.66424012,0.296012706,0.060217379,0.010107368,-64231.2164,6847120.331,2
5616,7.755183517,97,11.28307612,-0.007228543,-0.001263179,-0.010840717,90.07981341,0.298164612,0.063609522,0.010295907,45390.33676,6883124.695,2
5616,10.64636835,97,11.32685662,0.002278922,-0.002160622,-0.008485953,100.0422837,0.304623043,0.060944993,0.010311204,-24344.58234,6909734.8,2
5616,7.944652437,97,11.28867164,-0.006554556,-0.001419437,-0.014862212,98.34819714,0.29840455,0.063279528,0.010276086,1689.350795,6885858.718,2
5616,10.74999929,97,11.31605481,0.001650558,-0.004019965,-0.007652629,102.2591442,0.303221471,0.060464201,0.010309689,15092.13802,6914177.257,2
5616,11.9865537,97,11.30502011,-0.000628409,0.006565917,0.001996172,104.1708712,0.30358333,0.051404162,0.01029153,20097.01752,6899199.777,2
5616,8.178831504,97,11.28042885,0.003501984,-0.001847542,0.010166025,136.50045,0.308756753,0.056568794,0.010290244,73493.66553,6991561.51,2
5616,10.25879743,97,11.25382174,-0.008636945,0.009174756,0.019997206,80.41529986,0.295643599,0.059495601,0.010113133,547503.5608,6766713.896,2
5616,11.21184527,97,11.33265161,0.000546208,0.00033216,-0.002740729,179.18016,0.309841206,0.05149214,0.010315397,36573.68152,6905993.07,2
5616,9.920529932,97,11.26753474,-0.00046313,0.002666035,-0.008692835,75.65339305,0.292045125,0.051853804,0.010313712,48410.24883,6928196.754,2
5616,10.01289481,97,11.24083201,0.011524707,0.002243301,-0.007806626,54.27684251,0.294016278,0.058185612,0.010127016,63197.13093,6853208.759,2
5616,10.10605621,97,11.34144519,0.001606289,-0.007495144,-0.017899237,93.78791973,0.298917334,0.0688092,0.010316787,-90469.85862,6871796.441,2
5616,8.542942292,97,11.31276665,0.004521604,-0.000763452,-0.01661879,73.77630911,0.301542836,0.07036271,0.010289459,16366.70283,6898118.231,2
5616,7.148362727,97,11.29166271,-0.00634961,-0.001356712,-0.006383193,112.3598822,0.305855846,0.055035569,0.010301877,109976.1306,6912343.046,2
5616,10.62107484,97,11.334818,0.003944692,0.004607592,0.008598352,108.1714663,0.30260422,0.059773614,0.010295227,-6306.916638,6909386.456,2
5616,8.530528395,97,11.31747235,0.004870474,-0.001970573,-0.001490412,174.4529828,0.310314331,0.045983263,0.010326889,31015.86147,7024932.234,2
5616,8.894818489,97,11.31763587,0.008069583,0.003528612,-0.01527029,90.7489701,0.298686646,0.073044126,0.010314641,50035.55594,6879447.401,2
5616,10.95192899,97,11.33034232,0.001596748,0.005501492,0.011016908,112.0109127,0.303105431,0.057572402,0.010297497,-65649.61311,6897121.892,2
5616,10.79986171,97,11.29453712,0.004627759,-0.00457921,-0.01754885,90.63437431,0.296447824,0.076058232,0.010311634,750754.1326,6930627.538,2
5616,10.83619597,97,11.26625642,0.000826736,0.001304373,0.009379861,64.3589021,0.290926921,0.05850814,0.010083671,32041.0643,6870805.187,2
5616,9.591306992,97,11.23939843,-0.004776023,0.003064065,0.012802983,195.3089693,0.313077831,0.060943753,0.010303316,1170394.025,6919761.755,2
5616,11.24451376,97,11.24685828,0.000782459,-0.001579935,0.009510422,54.05072406,0.294055209,0.05661467,0.010087571,-106428.2009,6840700.123,2
5616,7.5971783,97,11.28153035,0.00779184,0.007644911,0.004447227,158.3291613,0.306364264,0.046710278,0.010277623,50942.03667,6996754.607,2
5616,11.39112357,97,11.24856074,0.004837291,0.006097826,0.001132772,62.3859228,0.291713079,0.046673633,0.010110397,32483.59781,6853382.364,2
5616,11.31026538,97,11.3262455,-0.005295114,0.00059859,-0.004935511,157.9319339,0.311254536,0.051299311,0.01031204,706522.7739,7037801.695,2
5616,10.92687948,97,11.24692866,0.003922503,0.006281471,0.00281344,47.13230094,0.293760394,0.04605505,0.010106059,-19897.36797,6844777.771,2
5616,9.079746959,97,11.29689895,-0.016309542,-0.003867206,-0.009435746,158.9185182,0.309754422,0.050791802,0.010297575,-63227.32971,7002377.393,2
5616,10.99611426,97,11.30812406,0.003147897,-0.001089125,-0.007011761,145.8388011,0.308136259,0.058732073,0.010283218,-43661.86569,7016394.184,2
5616,11.51290778,97,11.3155542,-0.004982758,0.001440486,-0.00288338,183.0663162,0.310375209,0.051492909,0.01028461,570126.4279,7037515.48,2
5616,11.79294961,97,11.29854897,-0.00553045,0.008911442,0.005131218,92.89275236,0.306539653,0.044579377,0.010287155,-71631.3993,6895398.053,2
5616,11.0379655,97,11.30642424,-0.004837855,0.007961591,-0.003231111,137.9417234,0.306879586,0.040083664,0.010296903,82691.43278,6924847.967,2
5616,9.888674181,97,11.2529384,-0.013525175,0.009456602,0.020074092,69.52964909,0.295426128,0.062821449,0.010114261,702940.3271,6783554.946,2
5616,8.627382609,97,11.30268171,-0.002302625,0.008045482,0.01593083,114.9745463,0.304092587,0.065370878,0.010314052,-12499.77673,6903933.516,2
5616,9.569867064,97,11.30464434,0.006785212,0.003141633,0.001017423,149.8335423,0.308855563,0.05062431,0.010278154,-25117.59921,7035902.441,2
5616,8.692770522,97,11.29326508,0.002045172,0.000497077,-0.007097275,145.8978163,0.306228097,0.061090026,0.010290813,-116258.5083,6920333.221,2
5616,11.05723772,97,11.29258495,-0.007196806,0.007355089,-0.004100295,131.5127775,0.305933441,0.044999987,0.010290457,44626.57302,6927775.092,2
5616,9.547385185,97,11.26475958,0.000484169,0.004881951,-0.006299653,60.78990254,0.29488359,0.049788397,0.010266452,105963.2776,6939128.903,2
5616,10.89623417,97,11.21653616,0.00691565,-0.005835662,0.001202797,34.71094986,0.290907473,0.038965791,0.010107502,-40776.63009,6830573.788,2
5616,10.10971981,97,11.25993282,-0.011187078,0.009920188,0.021933526,66.74797876,0.29540347,0.06114829,0.010096738,610405.6022,6767338.757,2
5616,7.785553692,97,11.20633876,-0.00018669,0.005958833,0.002594246,200.1513761,0.309558816,0.051003134,0.010298501,1164907.288,6932983.347,2
5616,9.15257949,97,11.33066662,0.004870793,-0.002428981,-0.012079708,77.7513003,0.299611145,0.071221385,0.010317835,110510.4775,6872675.485,2
5616,7.930044269,97,11.29234257,-0.010673634,-0.001131937,-0.007456366,143.4123006,0.309573716,0.051600538,0.01030117,12840.70019,6985439.648,2
5616,11.30164322,97,11.34134869,-0.001013692,-0.000283791,-0.003119566,168.7543161,0.311414966,0.051729675,0.010294292,12562.22548,6909270.351,2
5616,11.35408339,97,11.34421441,0.004634771,0.004709523,-0.007401185,98.99046934,0.302429541,0.06740766,0.010307581,11530.09005,6880877.029,2
5616,7.847435354,97,11.29066189,-0.014154073,-0.000650507,-0.007438596,150.4322734,0.306506385,0.056670548,0.010314032,-91245.87772,6995907.384,2
5616,9.019951983,97,11.29839078,-0.017711621,-0.003345484,-0.007730472,161.0707914,0.306679123,0.05166198,0.010303929,-92639.72243,7031868.856,2
5616,10.04770154,97,11.28125925,0.002622546,0.005466822,0.00785755,88.32217985,0.299190787,0.060923919,0.010309133,-51718.58229,6922347.968,2
5616,8.161042436,97,11.2855759,-0.010358525,-0.00157816,-0.006656887,137.4280042,0.307254672,0.055968567,0.010298071,64929.47154,6990228.167,2
5616,9.003739589,97,11.29101806,0.002243452,-1.54E-05,-0.007832378,132.2246261,0.306373885,0.062201379,0.010298915,-21440.4986,6917243.037,2
5616,11.04945842,97,11.30740418,0.000897641,-0.001862674,-0.014004107,159.4770044,0.310219498,0.066858863,0.010301498,-33883.99733,7017012.837,2
5616,10.93670975,97,11.31300391,-0.002409563,-0.003085762,-0.008098604,98.1890971,0.30267175,0.061647968,0.01029002,-35009.67829,6893525.675,2
5616,8.029964527,97,11.29361006,-0.01219003,-0.002197993,-0.005497443,147.4880391,0.30834061,0.054263941,0.010292472,-8775.540583,6991374.309,2
5616,9.337488801,97,11.32295008,0.000414447,-0.006222683,0.000425127,198.0928166,0.311054282,0.041981776,0.010318259,109081.2283,6992506.553,2
5616,11.16799376,97,11.20914136,0.007252851,-0.005211456,-0.000121025,50.44634633,0.292996602,0.039001434,0.010126609,-9643.242995,6847514.051,2
5616,11.18233962,97,11.28910861,0.00527811,-0.005781053,-0.020496676,62.08159862,0.295344125,0.069531669,0.010321099,582906.9627,6944987.706,2
5616,10.18801185,97,11.33466017,-0.002264025,-0.004430594,-0.016613724,177.9329577,0.310266423,0.06363032,0.010282464,1660.055676,6969444.707,2
5616,10.96000683,97,11.33494165,-0.028543384,0.016269309,0.004420249,91.75304713,0.301635757,0.046591862,0.010281184,112474.8182,6899967.106,2
5616,9.082901013,97,11.29188261,0.001411321,-0.00119219,-0.005971191,136.6693167,0.307610621,0.06099369,0.010284221,-32168.61332,6933591.507,2
5616,10.71783448,97,11.33932241,0.005768512,0.006663844,-0.009108988,103.6228033,0.301154722,0.067756292,0.010301781,-75613.3481,6881148.537,2
5616,8.329913795,97,11.28948695,-0.012507248,-0.002124913,-0.006046348,142.3744085,0.309225563,0.054580272,0.010262779,-32051.03926,7008085.429,2
5616,8.276378076,97,11.3008635,0.006820014,0.002052575,-0.000900128,148.4345576,0.308715915,0.050307106,0.010292197,8291.633487,7020576.089,2
5616,6.977339783,97,11.29312924,-0.006715449,0.000736308,-0.00613293,130.7531187,0.30566095,0.055150623,0.010318647,44132.17899,6944499.227,2
5616,11.29665436,97,11.35699181,0.005541384,0.004566182,-0.008143267,98.98134462,0.301699141,0.066811509,0.010313019,64544.5867,6915711.951,2
5616,7.64536875,97,11.28016858,0.003236947,-0.002079423,0.00925952,129.4716282,0.307480223,0.057239318,0.010293254,-66946.63323,6998367.962,2
5616,10.10395028,97,11.2369332,0.010938042,0.002607164,-0.005512987,41.43632584,0.294276621,0.058259018,0.010094257,-60869.27235,6861518.292,2
5616,7.822987952,97,11.29266415,-0.010260257,-0.002793622,-0.005896423,154.1409743,0.307533176,0.052678043,0.010307517,-20665.5733,6973629.855,2
5616,10.90410423,97,11.33753463,0.004795861,0.005703506,-0.011098185,95.44425201,0.301650565,0.065255737,0.010312394,43891.98377,6911067.698,2
5616,10.2459624,97,11.28413465,0.005294598,0.000721802,-0.013883697,74.15584771,0.295785753,0.070882176,0.010292935,552579.1029,6925882.14,2
5616,11.05149852,97,11.23959763,0.003308158,0.00460401,0.00070687,60.21819928,0.293643011,0.048111669,0.010096894,-38863.32271,6849045.353,2
5616,6.471029308,97,11.28854999,-0.006610477,0.000535463,-0.003835706,135.5532874,0.309103496,0.052466545,0.010292499,-37928.74877,6931542.389,2
5616,8.746111041,97,11.30931615,-0.004510421,0.005828539,0.011279988,103.3624883,0.306592823,0.059931305,0.010282357,60372.00298,6905940.861,2
5616,10.25360559,97,11.29308943,3.75E-05,-0.000120619,0.002580648,173.853923,0.309877647,0.056130971,0.010297088,611068.1094,6914456.57,2
5616,10.11673353,97,11.32566745,-0.000635694,-0.003841148,-0.013431568,172.3717195,0.312252391,0.065535833,0.010296078,57935.73837,6989694.439,2
5616,11.45454805,97,11.33886336,-0.030214812,0.01383752,0.001827277,106.2133862,0.304929667,0.044106247,0.010283294,85799.53243,6892058.476,2
5616,8.437519943,97,11.28788803,0.007028029,0.006749117,0.00452362,133.6195211,0.309939168,0.048756178,0.010308562,-19537.34927,6988502.143,2
5616,8.911009845,97,11.32136839,-0.004214587,0.007605233,-0.001640697,181.9721051,0.312250044,0.047102543,0.010306405,501179.4568,6929707.854,2
5616,9.650888793,97,11.2997949,0.007974073,0.002704737,0.00062306,170.5233269,0.310224017,0.050719706,0.01030922,-75610.57351,7018588.844,2
5616,8.006365173,97,11.29596371,-0.007735648,-0.002211495,-0.011951986,67.3252484,0.298617102,0.064299722,0.010289822,-117708.0011,6900513.113,2
5616,11.74968812,97,11.2683881,-0.001537668,-0.001305599,0.004496409,185.8771758,0.309940625,0.061085733,0.010273714,547819.8756,6926020.6,2
5616,10.83524175,97,11.32384108,0.001000234,-0.002774887,-0.007888725,127.198595,0.303554409,0.059507167,0.010306193,-24570.84039,6888479.448,2
5616,11.41320913,97,11.28063594,-0.005537369,-0.001731415,0.008263944,192.2602902,0.308893869,0.063151982,0.010291199,627660.1707,6923458.503,2
5616,9.417855092,97,11.27907296,0.001476811,0.001434336,-0.008081624,122.5668694,0.308698776,0.060946032,0.010288197,1126.288605,6911088.588,2
5616,8.414668037,97,11.29372155,-0.011291818,-0.003434449,-0.003194245,154.4111468,0.307641605,0.057281086,0.010283342,-31367.96994,7005063.624,2
5616,7.735949014,97,11.27072387,0.008084343,0.009432284,0.004025627,140.656234,0.309633668,0.048192649,0.010296351,-7388.127249,7000373.268,2
5616,10.94074581,97,11.33486299,-0.002021776,-0.002376053,-0.006913168,107.0285212,0.302442025,0.061080898,0.010320902,-66514.7173,6885027.21,2
5616,10.02485976,97,11.33595885,0.001060106,-0.007738151,-0.017185018,96.88539499,0.302369633,0.067914904,0.010293302,65731.18475,6879578.204,2
5616,11.75029019,97,11.29484879,0.002749762,0.00600524,0.000882993,115.4960286,0.305373925,0.050503657,0.010285558,-50303.61963,6941078.82,2
5616,7.543640544,97,11.28177057,0.006034491,0.009988385,0.001941555,131.0180534,0.306375139,0.046445454,0.010308639,-72982.08475,7004060.559,2
5616,10.94530308,97,11.25378279,0.002108927,3.72E-05,0.014848278,60.38435512,0.296058473,0.057485393,0.01010229,52436.82279,6853538.773,2
5616,7.916513325,97,11.28700992,-0.008915224,-0.002589494,-0.009658297,74.82240159,0.300400864,0.06142494,0.010271915,36824.10444,6899229.409,2
5616,10.89900579,97,11.26530131,0.001935114,0.006862195,0.00374967,57.75107719,0.293267939,0.047786745,0.010108777,-110378.1605,6847224.107,2
5616,8.057910355,97,11.22221022,0.000403869,0.005033758,-0.000471604,203.3452696,0.311042935,0.049499534,0.010328206,1191858.326,6922272.169,2
5616,9.371701931,97,11.31662642,-0.005037328,0.005253721,0.012365139,121.5735716,0.305556026,0.067407836,0.010265538,-47464.23184,6919373.765,2
5616,8.921190207,97,11.32136025,0.001997811,-0.003302388,0.004149253,191.5451725,0.311246225,0.048112235,0.010283625,-23922.64243,6970075.475,2
5616,9.044318377,97,11.29787046,0.000927263,-0.00051501,-0.004945705,125.2645415,0.305997689,0.062312106,0.010262252,12023.41127,6913875.874,2
5616,11.18899997,97,11.3272642,-0.00131789,-0.001391358,-0.003781333,178.3981369,0.310478711,0.05011762,0.010299002,37622.49544,6870765.64,2
5616,11.14408756,97,11.28813498,0.006580473,-0.004751455,-0.018155596,80.83022121,0.298480512,0.070373765,0.010313124,661815.5793,6927124.047,2
5616,8.840238356,97,11.23323142,-0.001597702,0.003607385,0.009196646,199.3563833,0.314380556,0.065555217,0.010301398,1133922.846,6908507.763,2
5616,12.02505986,97,11.29454577,-0.004717069,0.009905599,0.000927339,113.3511564,0.307976938,0.043361468,0.010318446,-27160.17444,6913328.09,2
5616,8.142370626,97,11.21087269,-0.000116258,0.003386917,0.004717533,190.9240235,0.311605003,0.049924854,0.010311006,1163493.416,6916178.906,2
5616,8.706607483,97,11.32287085,-0.0016461,0.007802575,-0.008414762,189.6713831,0.310572712,0.049973414,0.010322556,569661.6458,6933752.77,2
5616,10.32854385,97,11.26610447,-0.000527446,0.00572198,-0.006834049,53.5691932,0.292990212,0.04958286,0.010315375,115695.0353,6918273.122,2
5616,8.372239973,97,11.29486892,-0.013175527,-0.002133283,-0.009297178,141.5035181,0.307073587,0.05241117,0.01029466,37608.71325,7021419.315,2
5616,10.81206357,97,11.33988242,0.001691045,-0.000235008,-0.003708705,150.9671539,0.310300059,0.049593596,0.010300884,-59111.93623,6899803.483,2
5616,10.05035784,97,11.26475497,0.0002045,0.005907831,-0.01157247,56.89770087,0.296721446,0.052411602,0.010288488,-30552.89405,6940160.341,2
5616,9.167004397,97,11.32491605,-0.001296615,0.005657151,-0.00597599,177.2801331,0.313285135,0.047953788,0.010296943,580332.8979,6917176.557,2
5616,10.85813008,97,11.34732756,-0.002019716,-0.000299757,0.000685452,180.01484,0.31094412,0.047460358,0.010300819,83285.3202,7004934.858,2
5616,9.125228635,97,11.30448839,0.002660164,-0.001514645,-0.005529253,135.0925082,0.305784725,0.062300475,0.010298875,90439.2926,6922504.055,2
5616,11.04244953,97,11.29949153,-0.00434525,0.005896817,-0.005130188,120.1830115,0.307129809,0.040935178,0.010317787,-25333.98963,6915836.904,2
5616,9.618313734,97,11.26300761,0.001273592,0.004745622,-0.006191935,75.45823663,0.293698125,0.049559966,0.010295625,-59766.82258,6917388.558,2
5616,10.11939056,97,11.26649187,0.000607343,0.006870459,-0.005811253,76.88010859,0.291276219,0.050801535,0.010287648,-67957.85828,6936084.986,2
5616,10.71394233,97,11.25043587,0.000771734,0.000700468,0.011184951,59.9614596,0.294363212,0.056048681,0.010088476,16213.42708,6875751.571,2
5616,11.24421036,97,11.32224118,-0.001075787,-0.00103103,-0.009383062,146.4716489,0.307934893,0.064529622,0.010308681,147625.1815,6988453.527,2
5616,8.825472528,97,11.31278302,0.007030433,0.003391547,-0.014539601,85.78895093,0.298977728,0.07149227,0.010281406,34577.58484,6875396.947,2
5616,10.95806276,97,11.31915192,-0.001264135,-0.001291818,-0.011786528,158.030457,0.308683208,0.066034907,0.010297334,-102064.4701,7005208.628,2
5616,8.356818263,97,11.33267313,0.003695666,-0.003145083,-0.001428073,151.5866524,0.30936957,0.046575101,0.010317592,-46465.62259,7024390.192,2
5616,8.129068541,97,11.27715373,0.001980688,-0.002405426,0.010115254,139.7078395,0.307956662,0.056789941,0.010303877,-39925.58297,6993725.199,2
5616,9.719316529,97,11.29162083,-0.000177846,0.005331994,0.008385365,82.67005159,0.297895843,0.063080584,0.010299011,-52615.90467,6934722.118,2
5616,10.73610265,97,11.26085828,0.00338717,0.006068859,0.00292404,61.65361653,0.290626907,0.045843712,0.010099524,-24806.25953,6859970.212,2
5616,7.844170031,97,11.32554113,0.00236319,-0.000123985,-0.001216908,165.1660663,0.31192331,0.049568117,0.010286356,23706.53221,7042755.557,2
5616,9.102614866,97,11.23903378,-0.002540649,0.003717049,0.010227707,202.9684886,0.309755926,0.064929655,0.010288641,1180802.521,6950856.323,2
5616,9.093164674,97,11.32312227,-0.00082371,0.006373441,-0.00645204,183.5497748,0.309795117,0.042955684,0.010297413,647184.931,6899735.737,2
5616,8.780777583,97,11.33088016,0.000955346,-0.004950369,-0.001816708,183.2239974,0.310584346,0.046024182,0.010303595,33623.64616,6953403.698,2
5616,7.696503636,97,11.28566009,0.004327826,-0.00282907,0.01077457,132.8363859,0.307862945,0.058568929,0.010312565,-125141.5931,7004112.546,2
5616,8.073216968,97,11.32693569,0.005019249,-0.002649514,-0.002670623,157.4083955,0.311845761,0.048635291,0.010301227,-67689.00295,7042453.892,2
5616,9.952712971,97,11.26511771,-0.000309321,0.009352313,-0.007809467,80.92889591,0.294340849,0.047715129,0.010317927,-10085.08348,6940241.531,2
5616,10.5609166,97,11.25057686,0.011293124,0.003989794,-0.007408061,35.54216128,0.293716638,0.056860355,0.010121272,9477.526721,6867008.966,2
5616,12.00951764,97,11.28760356,0.000601585,0.007836726,0.000580493,129.286507,0.306347317,0.047988047,0.010310539,55225.94065,6912543.844,2
5616,9.471739772,97,11.3048083,0.007979431,0.002394458,-0.001503197,145.8345687,0.309292823,0.049554157,0.010316233,2809.336774,7005248.759,2
5616,8.695678307,97,11.32050716,0.008481888,0.00352516,-0.015517899,80.91806223,0.30039184,0.073994273,0.010286871,3291.123213,6883026.535,2
5616,10.59093512,97,11.25995505,0.003873749,0.002068299,0.011837184,63.75521955,0.291554891,0.056979772,0.010084771,15276.12799,6851719.65,2
5616,10.70875685,97,11.34338686,-0.029931576,0.016828366,0.003306462,89.27416599,0.302683827,0.044937154,0.010306864,-16294.17645,6904353.454,2
5616,10.30919605,97,11.2590799,-0.003651027,0.006781232,-0.004918662,61.57320162,0.295470381,0.051948873,0.010282227,5608.483221,6942073.811,2
5616,11.45661936,97,11.31766632,-0.0044815,-0.002437227,-0.0125837,151.2806561,0.313987458,0.0639786,0.010296152,72164.60326,7032137.352,2
5616,9.796618667,97,11.30464357,0.001073801,-7.84E-05,0.004113852,186.9217825,0.309476424,0.050267495,0.01031022,571851.8915,6918144.418,2
5616,9.880244192,97,11.23460618,0.010167744,0.002024622,-0.009611787,46.67998933,0.29353524,0.056888945,0.01011873,-1892.793486,6851037.042,2
5616,10.69604303,97,11.33501709,-0.029362493,0.014082776,0.002774931,117.04372,0.302277567,0.042571491,0.010296631,-2108.783536,6905895.238,2
5616,8.528939651,97,11.31266755,0.008166734,0.002314298,-0.01481367,103.8028214,0.302590492,0.071688105,0.010291387,83179.22841,6858626.764,2
5616,11.18680052,97,11.28357399,0.00375648,-0.005550761,-0.017341835,58.23780676,0.294287324,0.071503409,0.010304247,562295.0149,6940590.101,2
5616,8.057989463,97,11.2903117,-0.011140649,1.39E-05,-0.006031906,148.8006268,0.308790613,0.05402645,0.010285774,113805.0783,7005592.446,2
5616,10.00272707,97,11.24973174,-0.013263125,0.011850772,0.019480028,72.86991325,0.292219732,0.058427134,0.010097704,542526.9295,6791504.287,2
5616,9.635959034,97,11.26530327,-0.001023029,0.004993721,-0.006807254,73.78360964,0.29359698,0.05046738,0.010299894,-41867.33576,6929660.532,2
5616,8.426419505,97,11.30131776,-0.011853128,-0.000100015,-0.005377773,137.9969865,0.30795659,0.05591685,0.010299629,47751.4153,7010046.16,2
5616,10.8691178,97,11.26901402,0.001456654,0.002446016,0.012597387,59.2118519,0.295353271,0.05942277,0.010101173,66045.5655,6848854.62,2
5616,12.13875288,97,11.28843848,-0.002472399,0.00756205,0.002209478,110.9359071,0.304637272,0.044235688,0.010288941,-89866.47152,6924726.668,2
5616,11.62178675,97,11.29072285,0.001669118,0.005047651,-0.001848631,117.6330147,0.306839248,0.046704405,0.010290366,-69956.6013,6920751.379,2
5616,10.95045988,97,11.33838023,-0.002653993,-0.002211799,-0.003087727,159.2897147,0.310023756,0.051164846,0.010290099,17841.53024,7032744.888,2
5616,12.07576283,97,11.2998509,0.001810557,0.006373623,0.001057942,120.3776462,0.306345112,0.050244522,0.010278531,150228.2011,6907002.434,2
5616,9.085045693,97,11.33066765,0.007494198,-0.001799339,-0.00864703,77.90463771,0.30121239,0.068798558,0.01030453,79879.43946,6894967.25,2
5616,11.04021152,97,11.22388991,0.008244657,-0.004913297,0.00239434,48.35683246,0.291377433,0.036519069,0.010111856,-15850.71483,6846852.805,2
5616,8.128585126,97,11.29733017,-0.009752121,-0.001938766,-0.00618971,132.691752,0.309025487,0.05563918,0.010310553,-154928.5221,6996107.356,2
5616,10.70604347,97,11.34637712,0.004780112,0.005508863,-0.01098843,100.7652022,0.301280276,0.064982097,0.010296521,5272.900434,6892179.442,2
5616,10.05132058,97,11.28897314,0.000477045,-0.000178204,0.002268692,182.8065559,0.312386394,0.056595041,0.010289253,600436.3224,6919535.435,2
5616,9.029579132,97,11.32125251,-0.00073692,0.007399718,-0.006202208,187.7718043,0.31142325,0.047117565,0.010309863,552729.9034,6914893.851,2
5616,9.060239244,97,11.32047939,0.008130431,0.001572826,-0.019701769,97.37477895,0.299734925,0.07364442,0.010308467,-54455.30059,6887388.629,2
5616,9.018811114,97,11.31965291,0.00243708,-0.004805678,0.004405845,195.6918517,0.310253556,0.043784501,0.010302881,10239.05693,6975866.201,2
5616,9.668940792,97,11.33984095,0.00189635,-0.006069688,-0.019964244,72.44340207,0.302041554,0.067974021,0.010323115,-60319.22381,6901162.861,2
5616,10.65734734,97,11.2534245,0.002474776,0.004810254,0.001531023,50.15993875,0.294595235,0.048713557,0.01009965,119993.1314,6866406.876,2
5616,10.42424873,97,11.31896809,-0.002692414,-0.002273332,-0.004094221,167.4378343,0.309325887,0.047868551,0.010296596,97206.60627,7039631.729,2
5616,10.21257431,97,11.26513376,-0.000866476,0.004884821,-0.00957206,73.04095016,0.292566629,0.052399778,0.010294702,42188.97202,6923792.788,2
5616,8.21520648,97,11.29496058,-0.008154911,-0.002499714,-0.009553115,69.07790641,0.299878249,0.06265859,0.010279316,5789.607532,6865525.776,2
5616,10.2193389,97,11.2456706,-0.012695061,0.010874362,0.020357413,56.33110302,0.292167458,0.060276683,0.010108764,575596.2625,6782617.224,2
5616,7.079771146,97,11.28449894,-0.005757678,-0.000699999,-0.007716073,133.8312325,0.305348391,0.055001996,0.010298602,-1288.744025,6949299.046,2
5616,7.445348984,97,11.28727917,-0.006545561,-0.002539681,-0.013047916,84.66870328,0.297655574,0.064189005,0.010306757,105057.3921,6881253.904,2
5616,9.73303601,97,11.24396452,0.012297499,0.002310174,-0.009360707,57.29782321,0.292474412,0.060326956,0.010124408,55689.34896,6873114.636,2
5616,10.04431121,97,11.35181444,0.001515814,-0.005938853,-0.016077406,99.14333456,0.299309401,0.070534922,0.010294822,13091.49419,6887709.147,2
5616,9.035237223,97,11.24898093,-0.002124759,0.002521494,0.010307329,199.4532009,0.308547217,0.063493316,0.010269017,1196304.802,6916575.335,2
5616,9.942081286,97,11.2302665,0.012856172,0.003447025,-0.004630457,55.64495293,0.291563545,0.05630297,0.010106375,34994.9245,6847281.814,2
5616,12.09592539,97,11.29555206,0.001781109,0.008919787,-0.003406386,121.9098103,0.306812797,0.048452105,0.010302211,25428.63876,6914108.871,2
5616,11.00302966,97,11.21769179,0.00437193,-0.005072701,0.002938118,56.12775875,0.291391365,0.037969011,0.010090294,62858.27083,6835344.417,2
5616,9.031402587,97,11.31621732,-0.000100868,0.008080586,-0.005560948,165.0411494,0.310569524,0.046626325,0.010305264,610366.882,6894931.695,2
5616,9.833831024,97,11.27799879,-0.000773266,0.00562405,0.00968257,94.0315167,0.300462776,0.060412695,0.010310417,55041.76034,6947717.943,2
5616,11.25534128,97,11.32358694,-7.62E-06,-0.002001881,-0.006369281,90.35118511,0.30393779,0.061250517,0.010287456,10381.36158,6916401.868,2
5616,9.8879913,97,11.28723176,-0.002621734,0.003983674,0.009049418,70.45995446,0.298433337,0.057208113,0.010296007,-16237.25837,6970535.422,2
5616,8.654006274,97,11.31036314,0.008833846,0.002623934,-0.01538658,85.61960118,0.298803161,0.069738966,0.01031957,-35072.98798,6876579.784,2
5616,10.79952579,97,11.33547333,-0.032366676,0.013749058,0.000343307,108.7012876,0.30573702,0.043752872,0.010290437,-42705.67486,6892429.029,2
5616,7.909392253,97,11.28801607,0.00290492,-0.002757966,0.011153126,109.498147,0.307315206,0.059040609,0.010300883,-102785.6614,6988493.97,2
5616,10.25845937,97,11.29868996,0.000858592,0.000412439,0.00541941,188.6583088,0.310711424,0.05408536,0.010265222,518807.6725,6925365.813,2
5616,9.989009527,97,11.33864131,5.37E-05,-0.002822804,-0.012372569,184.7805054,0.312666216,0.064389612,0.010280363,-60229.04768,6980623.238,2
5616,10.95159797,97,11.31065612,-0.002951229,-0.001789586,-0.010753045,167.8455394,0.308770087,0.062779754,0.010302087,-32458.07698,7009538.538,2
5616,7.675324083,97,11.32613011,0.002804189,-0.002804057,0.000742453,156.3946374,0.310060584,0.048792935,0.010316273,100121.4385,7012956.17,2
5616,10.20424021,97,11.24206162,-0.013273641,0.008985625,0.022632588,62.45205722,0.293643635,0.063024204,0.010081951,607793.3667,6800184.901,2
5616,10.83048021,97,11.34166906,0.003199559,0.005543967,-0.009328714,93.37103661,0.301652308,0.066208412,0.010300988,15530.58498,6897343.166,2
5616,8.97399088,97,11.30953066,0.008388568,0.002138585,-0.016389395,84.12889952,0.300468724,0.070046557,0.010295021,17551.85528,6890574.5,2
5616,10.38487537,97,11.28069629,-0.000732205,0.005056,0.007988261,70.88525203,0.298699531,0.05781592,0.01031263,101743.9835,6931469.196,2
5616,11.13228801,97,11.3238045,-0.000356457,-0.000347739,-0.002042384,165.9212534,0.310186224,0.050424727,0.010283862,-36829.65059,6875180.074,2
5616,8.5766234,97,11.31633787,0.003862111,-0.003341321,-0.013923262,95.30978673,0.299030829,0.069911884,0.010305699,-14212.12171,6875124.131,2
5616,9.539894141,97,11.31739356,0.000653665,-0.005784429,-0.01109918,178.8435369,0.31022938,0.061292885,0.010291337,-6760.418735,6979129.726,2
5616,9.983278076,97,11.33014779,-0.000255506,-0.003673314,-0.01347331,182.077803,0.309227268,0.061879345,0.010302956,72850.1537,6995838.5,2
5616,10.68466469,97,11.21920002,0.007157327,-0.005197544,0.003168406,52.07787499,0.290987941,0.040433742,0.010100913,86147.09695,6839385.011,2
5616,9.168634322,97,11.2356088,-0.001116492,0.004153979,0.01069019,202.7393365,0.311375947,0.064582967,0.010296663,1167516.477,6946331.17,2
5616,9.01098919,97,11.30459189,0.000795517,-0.000145445,-0.000703058,136.800571,0.308187421,0.059297129,0.010306332,79023.93427,6932381.374,2
5616,11.04300314,97,11.30641669,0.002476887,-0.002940269,-0.009011735,139.5110367,0.310101963,0.059013213,0.010300578,11424.03202,6999765.554,2
5616,10.81623351,97,11.29920441,0.001234295,-0.005294678,-0.018502127,68.72920464,0.292986534,0.068843172,0.01029824,622220.7131,6940630.756,2
5616,9.452792421,97,11.32154924,0.012583769,0.001059349,-0.018454081,85.57813492,0.299689967,0.073367444,0.010295277,75552.80538,6891814.025,2
5616,8.739127699,97,11.20332604,0.000781665,0.004450454,0.001586535,199.9572471,0.309605739,0.046765584,0.010301028,1168323.409,6894871.366,2
5616,8.927562745,97,11.32060015,-0.00048387,0.007195239,-0.00456357,179.1403749,0.311181843,0.047932115,0.010302942,530126.9707,6915984.191,2
5616,11.09179683,97,11.33940339,0.002192777,0.005497125,-0.01082715,107.1013439,0.30147141,0.065939904,0.010286892,63938.4022,6906611.82,2
5616,11.02533034,97,11.30008357,-0.000545669,-0.002545184,-0.01395941,176.6994262,0.30974883,0.065216744,0.010295369,-13313.33691,7024515.865,2
5616,9.932476544,97,11.32161494,0.001711344,-0.005016876,-0.013746863,179.3336266,0.310975769,0.062638157,0.010286017,-21150.02582,6970331.088,2
5616,10.78364607,97,11.29703434,-0.005087986,0.006429987,-0.003892539,125.9177867,0.303601361,0.04310529,0.010299472,57249.31621,6916885.263,2
5616,8.717887968,97,11.33311766,-0.003475485,0.006369937,-0.004448636,192.7931886,0.309776536,0.044080493,0.010292151,571555.0079,6905703.02,2
5616,9.704723406,97,11.25486422,-0.012202588,0.010128929,0.021980645,48.39081603,0.294007319,0.058667774,0.010110214,642803.917,6775197.37,2
5616,12.10537001,97,11.29610247,-0.005250186,0.007465128,0.003203479,117.9147875,0.306113999,0.044025066,0.010308915,42447.21689,6903395.383,2
5616,10.86487489,97,11.34186141,0.0039447,0.006343019,-0.008433925,107.7034342,0.300221673,0.062931634,0.010287772,-50113.1749,6887954.003,2
5616,7.329595487,97,11.30393136,-0.009801714,-0.000845564,-0.005069689,138.1313945,0.306056219,0.053607706,0.010299969,24696.71417,7006308.749,2
5616,11.11567148,97,11.27295596,0.001947808,0.002148379,0.011502751,50.38460709,0.294071156,0.058738364,0.010108461,86490.98651,6849063.445,2
5616,7.990051349,97,11.2781876,0.006585269,0.008519097,0.003718002,138.4905751,0.306224215,0.048283512,0.010297677,-61229.22244,6991058.949,2
5616,8.350160245,97,11.26900716,0.00777004,0.008064743,0.002627255,139.6147539,0.30588901,0.045857612,0.01029035,28864.37805,7010181.475,2
5616,9.097018823,97,11.2903692,-0.003118364,0.007079708,0.011304648,105.7449473,0.304436851,0.061269447,0.010285524,-53093.58242,6912093.038,2
5616,8.615517123,97,11.24858755,-0.005422802,0.002853907,0.009069105,215.2445752,0.310382065,0.064875795,0.010311321,1202545.821,6913283.383,2
5616,10.42024224,97,11.28969429,0.004129646,-0.005591592,-0.015699391,72.10401211,0.294888732,0.074307269,0.010311963,698101.319,6944061.572,2
5616,11.81292368,97,11.27219042,0.00055557,-0.002142458,0.007616435,182.2956095,0.3101097,0.060861648,0.010297244,554510.6751,6910562.127,2
5616,8.837460343,97,11.2283671,-0.004948593,0.002959657,0.011238546,195.5698318,0.311017504,0.062619147,0.010310153,1278664.87,6920354.04,2
5616,11.24523909,97,11.33710694,0.003875322,0.004607367,-0.012062596,107.0639399,0.301088919,0.065097721,0.010260706,70934.12365,6904291.183,2
5616,10.99769339,97,11.32908042,-0.003165823,0.000668865,-0.002454945,166.5664634,0.310089439,0.053982565,0.010317592,647762.197,7020174.243,2
5616,10.29478028,97,11.29635021,0.001611657,0.001646282,0.003241007,193.2739609,0.310518668,0.058111757,0.01029792,618905.9593,6898386.735,2
5616,10.65551855,97,11.33141056,-0.004749355,-0.000930356,-0.003955372,162.3306577,0.310212095,0.046869181,0.010301879,63073.85596,7029272.094,2
5616,7.250986849,97,11.28526105,-0.005699124,-0.001223654,-0.006780746,146.0265727,0.308111021,0.052424532,0.010295753,-63738.76805,6910357.587,2
5616,11.18747071,97,11.33090309,-0.030003082,0.015389707,0.006415103,107.7048573,0.304061736,0.049022331,0.010318496,12509.44714,6893311.924,2
5616,10.47522127,97,11.34184983,-0.005091887,-0.002706876,-0.002689199,179.5743817,0.31162972,0.048695191,0.010285943,24590.18223,7027681.353,2
5616,8.343905452,97,11.28359023,0.006891621,0.007814127,0.003422114,143.4408927,0.309060343,0.047434709,0.010319539,-25590.19778,6972339.62,2
5616,11.02430096,97,11.32297685,0.000591361,-0.003416472,-0.007341482,117.5694123,0.3043018,0.058810607,0.010305251,29817.94063,6910247.236,2
5616,11.10193893,97,11.3281605,-0.003835431,-0.000961543,-0.002264185,162.3168035,0.309451664,0.049842219,0.010308251,78946.03797,7028831.214,2
5616,9.775110784,97,11.21981059,0.009907658,0.002638219,-0.009389139,49.48977913,0.292509442,0.059650294,0.010095637,-26976.21466,6862026.115,2
5616,11.33158815,97,11.33860167,0.002136645,0.006521148,-0.009745427,111.0048494,0.300889521,0.066515334,0.010282664,-3443.665256,6895374.867,2
5616,8.691656147,97,11.23437036,-0.003060254,0.003533344,0.01191196,210.4249585,0.31100573,0.066992444,0.010312331,1084546.883,6928249.387,2
5616,9.216359536,97,11.24226735,-0.000496609,0.002617063,0.010558676,186.104853,0.311882268,0.063438343,0.010304127,1022638.269,6933584.184,2
5616,12.21337334,97,11.29234559,-0.002880016,0.000127216,0.00502481,194.9048269,0.310081955,0.061548119,0.010318044,627107.8878,6914335.692,2
5616,9.746698192,97,11.26951612,-0.001483995,0.005432791,-0.008612104,65.03305916,0.293952916,0.051397775,0.010297432,-1605.977974,6930679.527,2
5616,10.51571435,97,11.28277407,0.000100665,0.004093835,-0.008980386,62.64231654,0.293143066,0.051799245,0.010294444,3090.526431,6912216.529,2
5616,11.06020175,97,11.25869499,0.002768916,0.007806193,0.002094104,60.2142257,0.293264855,0.046391829,0.010118395,-63170.98958,6866427.318,2
5616,10.17002435,97,11.27290797,0.006726585,0.001252135,-0.01063501,82.90631576,0.293304973,0.064792158,0.010325336,621412.7328,6932693.256,2
5616,10.60291994,97,11.29226022,0.003994289,-0.004981736,-0.017264652,80.46309383,0.295064442,0.072537197,0.010300124,703526.5148,6926311.293,2
5616,11.55064953,97,11.34756786,-0.028977553,0.014168681,0.001843297,99.78724678,0.302139772,0.044356815,0.010290025,95.34050678,6905253.036,2
5616,10.68159222,97,11.32388569,0.001898578,-0.000853846,-0.003840087,159.7859211,0.309636763,0.059001331,0.010310741,1912.45852,6990529.49,2
5616,11.2664897,97,11.33026234,-0.00326569,-0.001497365,-0.00044247,166.9266886,0.309877602,0.049055835,0.010296634,13337.12376,7025936.427,2
5616,10.74134069,97,11.3206448,-0.001598473,-0.000388571,-0.011979522,162.6127617,0.308458002,0.061347193,0.010307941,-79160.77997,7030496.487,2
5616,11.8390513,97,11.26171482,-0.003082476,-0.001493167,0.010480743,205.2079552,0.311330704,0.060048322,0.010296564,617241.7711,6910743.339,2
5616,9.205090849,97,11.30535743,-0.017732367,-0.002189507,-0.006129319,128.9971504,0.307475594,0.046504146,0.010320726,-80366.14747,7000262.57,2
5616,9.267182984,97,11.33109131,6.87E-05,-0.004113993,-0.001531219,188.5741469,0.312425162,0.047003409,0.010290731,-60149.7437,6969894.463,2
5616,10.66944224,97,11.31225856,0.003412123,-0.00264985,-0.005519867,141.3319101,0.307767958,0.060955273,0.010306368,-67170.63435,6992523.472,2
5616,10.28354322,97,11.29066436,0.000918001,-0.000376885,0.001170071,199.9472702,0.310763462,0.055799289,0.010293524,566002.2375,6920549.681,2
5616,11.27171453,97,11.33633958,-0.004185607,-0.001435082,-0.001196522,164.4374568,0.308222826,0.047853078,0.01029627,-22535.71655,7029533.281,2
5616,8.756114517,97,11.32271201,-0.001580703,0.005471183,-0.008046323,174.2204747,0.310561168,0.042056252,0.01029454,577167.1906,6905221.672,2
5616,9.415678367,97,11.30052715,-0.01705534,-0.002852287,-0.007829875,153.9068501,0.305875087,0.049747697,0.010309788,-57948.57922,7005536.594,2
5616,10.62118968,97,11.33516102,-0.003856191,-0.002434587,-0.002646658,173.4329926,0.310944168,0.050230537,0.01031217,64455.54604,7031141.196,2
5616,10.83754741,97,11.25787082,0.00170743,0.002184173,0.009631049,52.42751251,0.294969707,0.058619548,0.010107391,53471.12328,6863271.239,2
5616,9.124549669,97,11.30247019,0.002026233,-0.000381725,-0.006620114,117.6520566,0.307992057,0.062104066,0.010298569,-11091.88599,6922028.476,2
5616,9.778056752,97,11.24378288,0.014938066,0.004075934,-0.006164535,52.22051764,0.293036527,0.058272267,0.010101858,-30601.90512,6832166.227,2
5616,8.068597912,97,11.28661331,-0.007545138,-0.002499656,-0.013269111,73.087528,0.297886873,0.065241291,0.010311896,-37071.44053,6884703.216,2
5616,10.0626843,97,11.24243473,-0.011058123,0.010971688,0.020969034,55.61788507,0.292987486,0.061435262,0.010112315,598018.7722,6794855.798,2
5616,7.95135718,97,11.29134747,-0.00736066,2.03E-06,-0.013716523,84.94482887,0.300935827,0.064865383,0.010264349,-89658.18118,6880359.717,2
5616,11.21643976,97,11.33878684,-0.004383608,-0.003037818,-0.002336851,161.4828433,0.311816281,0.048338923,0.010296393,-61430.53805,7043598.736,2
5616,9.94062191,97,11.29596185,0.00188871,0.00128377,0.004575651,192.7433672,0.311155045,0.054485364,0.010297028,632327.3092,6912506.93,2
5616,10.06020502,97,11.3348218,0.000575017,-0.004329016,-0.017771413,108.5456317,0.300347669,0.066271232,0.010308869,19377.15505,6902167.255,2
5616,8.298104197,97,11.32769895,0.00453996,-0.001935296,-0.002331693,161.3252603,0.311731451,0.045170187,0.010299115,104735.7569,7040067.553,2
5616,9.205593249,97,11.3188509,0.000512191,-0.004939961,0.002874355,182.5803804,0.310121381,0.045132903,0.01030953,-19123.88637,6981616.007,2
5616,8.204379242,97,11.29072005,0.002598822,-0.001233818,0.01099637,154.5421814,0.308289518,0.055723259,0.010285706,-23115.96162,6988767.45,2
5616,10.70119174,97,11.3381637,-0.029466667,0.015039918,0.001859455,91.9876498,0.304710366,0.043224278,0.010303446,-26087.61418,6895033.677,2
5616,11.13645592,97,11.30995181,0.001387623,-0.003658906,-0.007812912,165.8630016,0.307941945,0.061226873,0.010311929,-20403.01512,7030662.693,2
5616,10.77157383,97,11.29150405,0.004781822,-0.00389976,-0.016723274,86.02643385,0.297049054,0.072563764,0.010280462,591000.6239,6920536.648,2
5616,9.666808065,97,11.25754316,-0.013742997,0.008053741,0.02009862,72.83086445,0.294658563,0.063654645,0.01013331,635246.6416,6784401.47,2
5616,10.981355,97,11.30829942,0.002534375,-0.002404995,-0.00656822,166.766087,0.308950007,0.060881132,0.010315781,1907.353455,7012092.855,2
5616,10.76486629,97,11.26161585,-8.98E-05,0.002173252,0.006505832,63.92590799,0.292743203,0.055705441,0.010100018,-32622.90647,6845443.022,2
5616,9.20557544,97,11.32554226,0.010122161,-0.002346451,-0.014900423,86.16949915,0.299083508,0.069130816,0.010289022,80192.44908,6895643.002,2
5616,10.2117945,97,11.24177388,0.008585877,0.002325937,-0.009502468,63.73951444,0.293366186,0.058215097,0.01009768,121539.3139,6852574.836,2
5616,8.505281483,97,11.29574764,-0.016985676,-0.002145622,-0.00673182,157.8383528,0.306199331,0.049420015,0.010301111,74774.76303,7000343.145,2
5616,7.7846258,97,11.32671679,0.00466877,-0.002827026,0.000330414,172.5910166,0.310165405,0.045101208,0.01030584,35796.67626,7030655.993,2
5616,8.620428078,97,11.32819693,0.002512711,-0.006187633,0.003130864,181.810842,0.311684486,0.042829875,0.010319886,48842.39257,6972920.193,2
5616,8.879707709,97,11.31491277,0.002242621,-0.004733256,0.002457873,174.9761405,0.312246406,0.047500778,0.010293691,118966.2985,6964329.458,2
5616,8.118354214,97,11.28436357,-0.011463027,-0.002177746,-0.009312166,145.6293502,0.306230933,0.053290515,0.010307457,48749.54988,6996607.049,2
5616,8.937000549,97,11.2916101,-0.015027947,-0.004208473,-0.004427828,156.1257417,0.30966519,0.053119233,0.010282873,-37444.6132,7013809.674,2
5616,9.846651533,97,11.24139483,-0.010666812,0.010618925,0.022260942,74.35858879,0.296144811,0.061194397,0.010094519,643016.2139,6800026.36,2
5616,12.33807029,97,11.2938675,0.002309873,0.007451341,-0.002236551,117.5484489,0.306518884,0.050527867,0.010304992,40160.49559,6909476.521,2
5616,8.400693894,97,11.30186688,0.008351152,0.001650427,-0.015408588,90.49056019,0.298686761,0.072551336,0.01030916,-63679.62826,6888062.858,2
5616,8.321609897,97,11.29106473,-0.008443606,-0.002283086,-0.013058417,72.14689785,0.298584908,0.064637453,0.010290018,-18210.2266,6896515.98,2
5616,8.858474832,97,11.24401669,-0.00432773,0.003457079,0.010246842,205.2605728,0.310939785,0.064666655,0.010294159,1207606.25,6904835.134,2
5616,9.979690192,97,11.29770681,0.001805748,0.002156671,0.005872348,181.873133,0.311342164,0.058367621,0.010319355,460412.8543,6916325.697,2
5616,9.862875638,97,11.26249523,0.000915302,0.004725211,-0.004213561,75.96035686,0.294027809,0.051650371,0.010315397,-80060.92672,6940440.7,2
5616,11.40117985,97,11.29124033,0.002709552,-0.004363841,-0.015664541,66.07873628,0.296355703,0.074945468,0.010302762,621977.0382,6937001.085,2
5616,6.679922496,97,11.29269607,-0.006224465,0.000549203,-0.005475729,141.9270584,0.306885196,0.052215443,0.01027036,22699.90456,6940900.895,2
